Id	Category	Tags																																
0	Couleurs	easy	Rouge	Bleu	Vert	Jaune	Noir	Orange	Violet	Gris	Rose	Marron	Cyan	Magenta	Indigo	Ocre	Pêche																	
1	Fruits	easy	Pomme	Banane	Orange	Poire	Fraise	Raisin	Pêche	Kiwi	Ananas	Citron	Goyave	Litchi	Kaki	Kumquat	Physalis																	
2	Légumes	easy	Carotte	Tomate	Salade	Oignon	Pomme de terre	Courgette	Aubergine	Poivron	Champignon	Épinard	Artichaut	Asperge	Chou-rave	Patate douce	Roquette																	
3	Météo	easy	Pluie	Soleil	Vent	Neige	Nuage	Orage	Brouillard	Grêle	Arc-en-ciel	Givre	Bruine	Sirocco	Bourrasque	Verglas	Blizzard																	
4	Fleuves	medium	Seine	Loire	Rhône	Rhin	Garonne	Danube	Volga	Amazone	Nil	Mississippi	Zambèze	Mékong	Ienisseï	Huang He	Murray																	
5	Capitales	medium	Paris	Rome	Londres	Berlin	Madrid	Tokyo	Pékin	Ottawa	Buenos Aires	Le Caire	Katmandou	Ouagadougou	Vientiane	Tbilissi	Astana																	
6	Montagnes	medium	Mont Blanc	Everest	Kilimandjaro	Fuji	Himalaya	Aconcagua	McKinley	Cervin	Oural	Apennins	K2	Denali	Elbrouz	Cho Oyu	Jannu																	
7	Déserts	medium	Sahara	Gobi	Atacama	Namib	Arabique	Kalahari	Patagonien	Karakoum	Mojave	Thar	Takla-Makan	Simpson	Gibson	Kavir	Pintados																	
8	Arbres	easy	Chêne	Pin	Sapin	Hêtre	Érable	Peuplier	Bouleau	Frêne	Olivier	Tilleul	Cyprès	Séquoia	Baobab	Mélèze	Magnolia																	
9	Pierres	medium	Diamant	Rubis	Saphir	Émeraude	Or	Améthyste	Topaze	Opale	Turquoise	Grenat	Péridot	Zircon	Aigue-marine	Morganite	Tourmaline																	
10	Vêtements	easy	Chemise	Pantalon	Robe	Jupe	Manteau	Écharpe	Pull	Chaussettes	Gant	Veste	Trench	Blazer	Sarouel	Caftan	Gilet																	
11	Ustensiles	easy	Fourchette	Couteau	Cuillère	Assiette	Verre	Louche	Spatule	Fouet	Écumoire	Tire-bouchon	Mortier	Mandoline	Chaponnière	Râpe	Zesteur																	
12	Métiers	medium	Médecin	Professeur	Pompier	Vendeur	Boulanger	Architecte	Avocat	Plombier	Électricien	Comptable	Notaire	Ébéniste	Cartographe	Apiculteur	Souffleur de verre																	
13	Meubles	easy	Chaise	Table	Lit	Armoire	Canapé	Bibliothèque	Bureau	Commode	Tabouret	Étagère	Dressoir	Fauteuil	Ottoman	Chevalet	Secrétaire																	
14	Monnaies	medium	Euro	Dollar	Livre	Yen	Franc	Rouble	Yuan	Roupie	Peso	Réal	Dinar	Zloty	Couronne	Shekel	Rand																	
15	Outils	medium	Marteau	Clé	Scie	Tournevis	Pince	Perceuse	Rabot	Niveau	Étau	Mètre ruban	Burin	Herminette	Alêne	Équerre	Ciseau à bois																	
16	Épices	medium	Sel	Poivre	Paprika	Curry	Thym	Cumin	Safran	Anis	Cannelle	Muscade	Curcuma	Curcuma	Gingembre																			
17	Saveurs	easy	Sucré	Salé	Amer	Acide	Chaud	Épicé	Doux	Piquant	Fade	Savoureux	Umami	Astringent	Râpeux	Moelleux	Acre																	
18	Voitures	easy	Renault	Peugeot	Citroën	Fiat	Ford	Toyota	BMW	Mercedes	Honda	Volkswagen	Porsche	Maserati	Lexus	Subaru	Aston Martin																	
19	Corps	easy	Tête	Main	Pied	Bras	Jambe	Épaule	Genou	Coude	Poignet	Cheville	Sternum	Clavicule	Fémur	Péroné	Rotule																	
20	Instruments	easy	Piano	Guitare	Violon	Flûte	Batterie	Saxophone	Trompette	Violoncelle	Clarinette	Harpe	Basson	Hautbois	Mandoline	Cor	Célesta																	
21	Peintres	hard	Monet	Van Gogh	Picasso	Léonard	Renoir	Cézanne	Degas	Gauguin	Delacroix	Warhol	Klimt	Goya	Botticelli	Magritte	Kandinsky																	
22	Littérature	medium	Roman	Poésie	Théâtre	Conte	Biographie	Essai	Nouvelles	Fable	Science-fiction	Policier	Épopée	Pamphlet	Roman noir	Haïku	Dystopie																	
23	Compositeurs	medium	Mozart	Beethoven	Bach	Vivaldi	Chopin	Stravinsky	Wagner	Debussy	Haendel	Schubert	Ravel	Satie	Puccini	Liszt	Schoenberg																	
24	Danses	easy	Valse	Tango	Salsa	Rock	Classique	Samba	Cha-cha-cha	Hip-hop	Claquettes	Rumba	Fandango	Boléro	Czardas	Tarentelle	Menuet																	
25	Mythologie Grecque	hard	Zeus	Héra	Poséidon	Athéna	Apollon	Hadès	Hermès	Artémis	Aphrodite	Héphaïstos	Dionysos	Hestia	Déméter	Perséphone	Éole																	
26	Styles Architecturale	hard	Roman	Gothique	Baroque	Classique	Moderne	Renaissance	Rococo	Byzantin	Art déco	Art nouveau	Brutalisme	Manierisme	Tudor	Néo-classique	Séquentiel																	
27	Films Cultes	medium	Star Wars	Titanic	Pulp Fiction	Alien	Matrix	Le Parrain	2001	Orange Mécanique	Blade Runner	Fight Club	Aguirre	La Haine	Memento	Citizen Kane	Brazil																	
28	Châteaux	medium	Versailles	Chambord	Louvres	Chenonceau	Windsor	Neuschwanstein	Édimbourg	Potala	Alhambra	Himeji	Ksiaz	Pena	Predjama	Mont St Michel	Kronborg																	
29	Arc-en-ciel	easy	Rouge	Orange	Jaune	Vert	Bleu	Indigo	Violet	Azur	Ciel	Marine	Outremer	Pourpre	Lilas	Turquoise	Écarlate																	
30	Formes	easy	Carré	Rond	Triangle	Cœur	Étoile	Rectangle	Ovale	Losange	Pentagone	Cube	Sphère	Pyramide	Trapèze	Hexagone	Octaèdre																	
31	Éléments Chimiques	medium	Or	Fer	Eau	Oxygène	Carbone	Azote	Hydrogène	Hélium	Soufre	Sodium	Phosphore	Mercure	Platine	Chlore	Potassium																	
32	Planètes	easy	Terre	Mars	Jupiter	Vénus	Saturne	Uranus	Neptune	Mercure	Pluton	Soleil	Cérès	Vesta	Pallas	Haumea	Éris																	
33	Mathématiques	medium	Addition	Soustraction	Multiplication	Division	Nombre	Fraction	Algèbre	Géométrie	Racine	Pourcentage	Trigonométrie	Logarithme	Théorème	Dérivée	Intégrale																	
34	Émotions	easy	Joie	Tristesse	Peur	Colère	Amour	Surprise	Ennui	Jalousie	Fierté	Anxiété	Mélancolie	Gratitude	Aversion	Euphorie	Nostalgie																	
35	Unités de Mesure	medium	Mètre	Kilogramme	Litre	Heure	Seconde	Ampère	Volt	Ohm	Joule	Watt	Pascal	Hertz	Siemens	Faraday	Becquerel																	
36	Parties Plante	medium	Racine	Tige	Feuille	Fleur	Fruit	Bourgeon	Pétale	Sépale	Stigmate	Étamine	Rhizome	Cotylédon	Phloème	Xylème	Hypocotyle																	
37	Sports d'Équipe	easy	Football	Rugby	Basket	Volley	Handball	Hockey	Baseball	Water-polo	Lacrosse	Ultimate	Kin-Ball	Balle tambourin	Tchoukball	Padel	Cécifoot																	
38	Mouvements Littéraire	hard	Romantisme	Réalisme	Surréalisme	Naturalisme	Classicisme	Symbolisme	Dadaïsme	Baroque	Humanisme	Lumières	Existentialisme	Absurdisme	Parnasse	Préciosité	Oulipo																	
39	Navires	medium	Bateau	Voilier	Yacht	Pirogue	Galère	Sous-marin	Frégate	Porte-avions	Cargo	Catamaran	Goélette	Brick	Caravelle	Jonque	Drakkars																	
40	Animaux	easy	Chien	Chat	Poisson	Oiseau	Hamster	Cobaye	Furet	Perroquet	Tortue	Canari	Axolotl	Chinchilla	Lézard	Gecko	Iguanodon																	
41	Mammifères	medium	Lion	Tigre	Éléphant	Ours	Loup	Girafe	Rhinocéros	Zèbre	Chimpanzé	Kangourou	Tapir	Okapi	Capybara	Pangolin	Aye-aye																	
42	Oiseaux	medium	Moineau	Pigeon	Aigle	Chouette	Corbeau	Cygne	Faucon	Pélican	Colibri	Albatros	Macareux	Cacatoès	Ibis	Vanneau	Huppe																	
43	Insectes	medium	Fourmi	Mouche	Moustique	Papillon	Abeille	Coccinelle	Guêpe	Scarabée	Libellule	Mante religieuse	Phasme	Criquet	Punaise	Termite	Cétoine																	
44	Pâtes	medium	Spaghetti	Penne	Lasagne	Ravioli	Tagliatelle	Gnocchi	Fusilli	Cannelloni	Tortellini	Conchiglie	Paccheri	Casarecce	Malloreddus	Orecchiette	Ziti																	
45	Fromages	medium	Brie	Camembert	Roquefort	Comté	Chèvre	Reblochon	Munster	Beaufort	Morbier	Époisses	Laguiole	Salers	Crottin Chavignol	Saint-Nectaire	Cantal																	
46	Boissons	easy	Eau	Jus	Lait	Café	Thé	Bière	Vin	Limonade	Sirop	Chocolat chaud	Tisane	Kéfir	Hydromel	Cidre	Liqueur																	
47	Poissons	medium	Saumon	Thon	Sardine	Truite	Cabillaud	Maquereau	Sole	Merlan	Bar	Anchois	Turbot	Raie	Lieu	Dorade	Rouget																	
48	Cheveux	easy	Blond	Brun	Roux	Noir	Blanc	Châtain	Gris	Acajou	Vénitien	Argenté	Cendré	Aubère	Poivre et sel	Chocolat	Cuivré																	
49	Sports de Combat	medium	Boxe	Judo	Karaté	Taekwondo	Escrime	Kendo	Aïkido	Lutte	Savate	Kung-fu	Capoeira	Jiu-jitsu	Sambo	Muay-thaï	Kali																	
50	Histoire	medium	Moyen Âge	Renaissance	Antiquité	Moderne	Contemporaine	Préhistoire	Âge de Bronze	Révolution Française	Belle Époque	Lumières	Paléolithique	Mésolithique	Néolithique	Époque Victorienne	Trente Glorieuses																	
51	Chiffres Romains	easy	I	V	X	L	C	D	M	IV	IX	XL	XC	CD	CM	MCMXC	DCCL																	
52	Empereurs Romains	hard	César	Auguste	Néron	Caligula	Trajan	Hadrien	Constantin	Dioclétien	Marc Aurèle	Commode	Tibère	Vespasien	Caracalla	Septime Sévère	Julien																	
53	Jours	easy	Lundi	Mardi	Mercredi	Jeudi	Vendredi	Samedi	Dimanche	Jour férié	Veille	Lendemain	Semaine sainte	Quinzaine	Trimestre	Équinoxe	Solstice																	
54	Mois	easy	Janvier	Février	Mars	Avril	Mai	Juin	Juillet	Août	Septembre	Octobre	Novembre	Décembre																				
55	Inventions	easy	Roue	Papier	Imprimerie	Ampoule	Téléphone	Boussole	Poudre canon	Machine vapeur	Cinéma	Internet	Vaccin	Anesthésie	Stylo-bille	Velcro	Hologramme																	
56	Mots d'Histoire	medium	Guerre	Paix	Roi	Peuple	Bataille	Traité	Constitution	Monarchie	République	Féodalité	Abolition	Décret	Armistice	Édit	Capitulation																	
57	Religions	medium	Christianisme	Islam	Bouddhisme	Hindouisme	Judaïsme	Taoïsme	Shintoïsme	Sikhisme	Zoroastrisme	Jaïnisme	Confucianisme	Bahaïsme	Rastafarisme	Druidisme	Témoin Jéhovah																	
58	Objets Préhistorique	medium	Hache	Feu	Lance	Silex	Peinture rupestre	Biface	Propulseur	Harpon	Vénus	Grotte Lascaux	Dolmen	Menhir	Cromlech	Métal	Âge de fer																	
59	Papes Célèbres	hard	Jean-Paul II	François	Benoît XVI	Pierre	Grégoire	Léon Ier	Urbain II	Jean XXIII	Paul VI	Pie XII	Sylvestre Ier	Innocent III	Sixte IV	Alexandre VI	Boniface VIII																	
60	Reptiles	medium	Serpent	Tortue	Lézard	Crocodile	Alligator	Iguane	Caméléon	Vipère	Gecko	Python	Cobra	Mamba	Varan	Caïman	Gavial																	
61	Amphibiens	hard	Grenouille	Crapaud	Salamandre	Triton	Rainette	Axolotl	Cécilie	Protée	Alyte	Pélobate	Pipa	Dactyle	Chioglossa	Cynops	Pleurodèle																	
62	Animaux Marins	medium	Baleine	Dauphin	Requin	Poisson	Crabe	Calmar	Méduse	Phoque	Étoile de mer	Huître	Narval	Manta	Lamantin	Baliste	Holothurie																	
63	Biologie	medium	Cellule	ADN	Sang	Os	Muscle	Enzyme	Gène	Mitose	Chloroplaste	Respiration	Chlorophylle	Mitochondrie	Ribosome	ARN	Hémoglobine																	
64	Visage	easy	Yeux	Nez	Bouche	Oreilles	Front	Sourcil	Lèvres	Menton	Joue	Paupière	Cils	Narine	Tempe	Mâchoire	Philtrum																	
65	Types de Plantes	medium	Fleur	Herbe	Arbre	Mousse	Fougère	Cactus	Algue	Lierre	Bambou	Roseau	Cryptogame	Phanérogames	Gymnosperme	Angiosperme	Lichen																	
66	Préfixes Biologiques	hard	Bio	Éco	Hyper	Micro	Macro	Homo	Hétéro	Poly	Mono	Endo	Exo	Infra	Supra	Sub	Para																	
67	Dinosaures	medium	T-Rex	Tricératops	Vélociraptor	Brontosaure	Stégosaure	Ptérodactyle	Iguanodon	Allosaure	Spinosaurus	Dilophosaurus	Argentinosaurus	Ankylosaurus	Deinonychus	Gallimimus																		
68	Pelage	easy	Blanc	Noir	Gris	Marron	Beige	Tigré	Moucheté	Tacheté	Pie	Albinos	Isabelle	Pangaré	Robe	Bringé	Alezan																	
69	Sentiments	medium	Jalousie	Haine	Regret	Espoir	Compassion	Ambivalence	Résilience	Dépit	Spleen	Émerveillement	Stoïcisme	Mélancolie	Apathie	Solipsisme	Philanthropie																	
70	Sports Individuels	easy	Course	Natation	Vélo	Tennis	Golf	Athlétisme	Escrime	Gymnastique	Patinage	Tir à l'arc	Pentathlon	Décathlon	Triathlon	Saut perche	Luge																	
71	Technologies	medium	Téléphone	Ordinateur	Télévision	Radio	Internet	Tablette	Drone	Écran tactile	Algorithme	GPS	Blockchain	Robotique	Réalité Virtuelle	Nanotechnologie																		
72	Appareils Photo	medium	Appareil	Objectif	Flash	Trépied	Pellicule	Diaphragme	Obturateur	Viseur	Posemètre	Reflex	Focale	Aberration	Bokeh	Sténopé	Luxmètre																	
73	Musique Pop	easy	Pop	Rock	Jazz	Rap	Classique	Blues	Reggae	Electro	Folk	Funk	Soul	Grunge	Ska	Gothique	Ambient																	
74	Jeux de Société	easy	Échecs	Dames	Monopoly	Scrabble	Cartes	Trivial Pursuit	Risk	Cluedo	Puissance 4	Backgammon	Catan	Carcassonne	Dixit	Shōgi	Go																	
75	Types d'Avions	medium	Avion	Hélicoptère	Jet	Planeur	Chasseur	Bombardement	Hydravion	Cargo	Biplan	Montgolfière	Concorde	ULM	Giravion	Deltaplane	Autogire																	
76	Textile	easy	Coton	Laine	Soie	Lin	Cuir	Polyester	Nylon	Viscose	Cachemire	Velours	Tweed	Denim	Moiré	Organdi	Sergé																	
77	Chaussures	easy	Bottes	Baskets	Sandales	Escarpins	Mocassins	Tongs	Sabots	Ballerines	Derbies	Espadrilles	Richelieu	Brogues	Cuissardes	Babies	Chelsea																	
78	Couleurs de Vin	medium	Rouge	Blanc	Rosé	Clair	Foncé	Rubis	Grenat	Paille	Ambré	Tuilé	Magenta	Cerise	Saumon	Cuivré	Écarlate																	
80	Cuisine Asiatique	medium	Riz	Sushi	Nouilles	Curry	Soja	Wok	Kimchi	Ramen	Sashimi	Pad Thai	Tempura	Dim Sum	Pho	Satay	Tsukemono																	
81	Poissons Fruits Mer	medium	Saumon	Thon	Crevette	Huître	Moule	Bar	Saint-Jacques	Homard	Crabe	Langoustine	Turbot	Poulpe	Bulot	Palourde	Flet																	
82	Coupes de Viande	medium	Steak	Côte	Filet	Jambon	Rôti	Saucisse	Bavette	Entrecôte	Gigot	Escalope	Plume	Hampe	Araignée	Onglet	Aiguillette																	
83	Produits Laitiers	medium	Lait	Beurre	Fromage	Yaourt	Crème	Ricotta	Kéfir	Faisselle	Lait ribot	Mascarpone	Caséine	Lactosérum	Babeurre	Petit-lait	Ghee																	
84	Herbes Aromatiques	easy	Basilic	Persil	Menthe	Ciboulette	Laurier	Estragon	Aneth	Romarin	Sauge	Origan	Cerfeuil	Pimprenelle	Sarriette	Verveine	Shiso																	
85	Pain	easy	Baguette	Pain de mie	Complet	Seigle	Brioche	Croustillant	Fougasse	Ciabatta	Pain azyme	Pain pita	Pumpernickel	Mohnzopf	Pain surprise	Khobz	Torsade																	
86	Restaurant	easy	Menu	Addition	Serveur	Table	Cuisine	Entrée	Plat	Dessert	Pourboire	Sommelier	Maître d'hôtel	Mise en place	Décanter	Amuse-bouche	Saucier																	
87	Légumes	medium	Haricot	Lentille	Pois	Fève	Pois chiche	Soja	Vesce	Luzerne	Trèfle	Gesse	Lupins	Pois carrés	Féverole	Mungo	Niébé																	
88	Vins et Cépages	hard	Bordeaux	Bourgogne	Champagne	Rosé	Blanc	Merlot	Cabernet	Chardonnay	Syrah	Pinot noir	Malbec	Viognier	Riesling	Gewürz	Sémillon																	
89	Valeurs	easy	Amour	Liberté	Justice	Respect	Amitié	Honnêteté	Fidélité	Courage	Tolérance	Générosité	Intégrité	Altruisme	Humilité	Bienveillance	Probité																	
90	Philosophes	hard	Platon	Aristote	Socrate	Descartes	Kant	Rousseau	Voltaire	Nietzsche	Sartre	Camus	Spinoza	Leibniz	Foucault	Heidegger	Derrida																	
91	Arts Martiaux	easy	Judo	Karaté	Taekwondo	Kung-fu	Escrime	Kendo	Aïkido	Boxe Thaï	Capoeira	Lutte	Sambo	Kali	Penchak Silat	Krav Maga	Jiu-jitsu																	
92	Fêtes	easy	Noël	Pâques	Halloween	Anniversaire	Jour de l'An	Chandeleur	Épiphanie	Saint-Valentin	Toussaint	Ascension	Mardi Gras	Assomption	Pentecôte	Yom Kippour	Hanouka																	
93	Types de Livres	easy	Roman	BD	Journal	Magazine	Encyclopédie	Dictionnaire	Atlas	Poésie	Essai	Manuel	Anthologie	Pamphlet	Recueil	Livret	Opuscule																	
94	Super-Héros	easy	Superman	Batman	Spider-Man	Hulk	Wonder Woman	Iron Man	Captain America	Thor	Flash	Aquaman	Docteur Strange	Deadpool	Ant-Man	Vision																		
95	Événements Sportifs	medium	Jeux Olympique	Coupe du Monde	Tour de France	Roland-Garros	Fête du Sport	Grand Prix	Marathon	Tournoi Six Nations	Ligue Champions	Super Bowl	Vendée Globe	Dakar	24 H Mans	Masters																		
96	Corps Célestes	medium	Soleil	Lune	Étoile	Planète	Comète	Astéroïde	Galaxie	Nébuleuse	Satellite	Constellation	Pulsar	Quasar	Trou noir	Magnétar	Supernova																	
97	Anglicismes	easy	Week-end	Email	Parking	Shopping	Cool	Buzz	Spoiler	Coaching	Débriefing	Hashtag	Burn-out	Ghoster	Challenger	Brainstorming	Pitch																	
98	Pièces Théâtre	medium	Roméo Juliette	Tartuffe	Hamlet	Faust	Cyrano	Antigone	L'Avare	Rhinocéros	Le Cid	Dom Juan	Caligula	Phèdre	En att Godot	Huis clos	Bérénice																	
99	Week-End	easy	Samedi	Dimanche	Repos	Fête	Loisirs	Détente	Brunch	Grasse Matinée	Excursion	Bricolage	Hédonisme	Flânerie	Sabbatique	Oisiveté																		
100	Esprit	hard	Idée	Pensée	Cerveau	Âme	Intelligence	Conscience	Imagination	Mémoire	Logique	Inconscient	Subconscient	Sagesse	Intuition	Cogito	Noosphère																	
101	Monarque	medium	Roi	Reine	Prince	Couronne	Trône	Sceptre	Règne	Empire	Dynastie	Souverain	Héraldique	Tiare	Habsbourg	Bourbon	Sacre																	
102	Écrire	easy	Livre	Stylo	Papier	Mot	Phrase	Lettre	Roman	Essai	Journal	Manuscrit	Calligraphie	Script	Épigraphe	Diacritique	Graphologie																	
103	Hérédité	medium	Gène	ADN	Enfant	Parent	Famille	Chromosomes	Transmission	Caractère	Génotype	Phénotype	Allèle	Mutation	Haploïde	Héréditaire	Pléiotropie																	
104	Lion	easy	Fauve	Crinière	Griffe	Jungle	Proie	Rugissement	Prédateur	Savane	Félin	Mufle	Tarsien	Lionceau	Panthera	Guépard	Acinonyx																	
105	Contenu	easy	Texte	Image	Vidéo	Audio	Article	Information	Donnée	Média	Éditorial	Podcast	Infographie	Métadonnée	Curated	Sérendipité	Télécopie																	
106	Génie	medium	Talent	Création	Artiste	Inventeur	Prodige	Inspiration	Innovation	Esprit	Lumière	Visionnaire	Eureka	Illumination	Savant	Polymathie	Dextérité																	
107	Chant	easy	Voix	Musique	Note	Refrain	Parole	Chorale	Mélodie	Opéra	Cantique	Air	A Cappella	Lied	Vibrato	Vocalise	Strophe																	
108	Allergie	medium	Pollen	Poussière	Réaction	Crise	Éternuement	Alerte	Intolérance	Immunité	Asthme	Hypersensibilité	Histamine	Anaphylaxie	Rhinite	Antigène	Urticaire																	
109	Clair	easy	Lumière	Jour	Soleil	Transparent	Net	Brillant	Évident	Compréhension	Pur	Cristallin	Diaphane	Élucider	Clarté	Limpidité	Éclaircir																	
110	Prix	easy	Argent	Coût	Valeur	Gain	Récompense	Rabais	Taxe	Prime	Subvention	Tarif	Émoluments	Bénéfice	Rémunération	Dévaluation	Cote																	
111	Omelette	easy	Œuf	Poêle	Cuisine	Repas	Sel	Baveuse	Brouillée	Frite	Cuisson	Fouetter	Fines Herbes	Casser	Quiche	Tortilla	Fritatta																	
112	Pharaon	medium	Égypte	Pyramide	Ramsès	Tombeau	Nil	Sarcophage	Cléopâtre	Momie	Dynastie	Héritage	Hiéroglyphes	Thèbes	Akhenaton	Néfertiti	Karnak																	
113	Phobies	hard	Peur	Crainte	Angoisse	Terreur	Panique	Agoraphobie	Arachnophobie	Claustrophobie	Hydrophobie	Aviatophobie	Aichmophobie	Nyctophobie	Trypanophobie	Ablutophobie	Pogonophobie																	
114	Rideaux	easy	Fenêtre	Tissu	Voilage	Maison	Ouvrir	Draperie	Stores	Fermer	Décoration	Velours	Obscurcir	Pénombre	Tentures	Lambrequin	Passementerie																	
115	Voler	easy	Oiseau	Aile	Air	Ciel	Avion	S'envoler	Planer	Voyager	Dérober	Deltaplane	Aéronef	Patrouille	Icare	Aérodynamisme																		
116	Angle	easy	Point	Ligne	Cercle	Mesure	Degré	Droit	Obtus	Aigu	Géométrie	Sommet	Quadrature	Hexagone	Dièdre	Bissectrice	Radial																	
117	Page	easy	Livre	Texte	Feuille	Imprimer	Numéro	Paragraphe	Chapitre	Titre	Web	Lectorat	Folio	Colophon	Glose	Pagination																		
118	Route	easy	Rue	Chemin	Voyage	Voiture	Départ	Autoroute	Circulation	Trajet	Destination	Carrefour	Asphalte	Bitume	Sinueux	Viaduc	Étape																	
119	Alcools	easy	Vin	Bière	Rhum	Vodka	Cognac	Whisky	Liqueur	Cidre	Tequila	Distillation	Cocktail	Spiritueux	Hydromel	Absinthe																		
120	Cahier	easy	Papier	Notes	École	Écrire	Livre	Spirale	Devoir	Page	Couverture	Marges	Scolaire	Calligraphie	Feuillet	Réglure	Carnet																	
121	Palais	medium	Roi	Château	Résidence	Noble	Courtisan	Monarque	Splendeur	Fastes	Réception	Vestibule	Soubassement	Ornementation	Appartements	Gargouille																		
122	Écharpe	easy	Cou	Laine	Froid	Hiver	Accessoire	Tissu	Châle	Vêtement	Cachemire	Tricot	Foulard	Pashmina	Étole	Plaids																		
123	Dîner	easy	Repas	Soir	Manger	Table	Entrée	Plat	Dessert	Restaurant	Convivialité	Buffet	Gastronomie	Verdure	Gourmandise	Nourriture																		
124	Europe	easy	France	Italie	Allemagne	Espagne	Continent	Union	Bruxelles	Schengen	Capitale	Euro	Atlantique	Méridien	Scandinavie	Balkans																		
125	Passé	easy	Avant	Hier	Mémoire	Histoire	Ancien	Souvenir	Époque	Jadis	Antiquité	Rétrospective	Temps révolu	Archiver	Chronologie	Précurseur																		
126	Sort	medium	Chance	Destin	Magie	Avenir	Malédiction	Divination	Hasard	Sorcier	Prophétie	Nécromancie	Présage	Augure	Sortilège	Ordalie	Prédire																	
127	Péchés	easy	Avidité	Colère	Envie	Luxure	Gourmandise	Paresse	Orgueil																									
128	Auteurs	easy	Livre	Écrivain	Roman	Poète	Citations	Plume	Biographie	Dramaturge	Manuscrit	Bibliothèque	Littérature	Éditeur	Prosateur	Nouvelliste	Scribe																	
129	Fenêtre	easy	Verre	Maison	Lumière	Ouvrir	Vitre	Cadre	Volet	Vue	Soleil	Allège	Châssis	Imposte	Meneau	Guillotine																		
130	Avenir	easy	Futur	Demain	Espoir	Projet	Prédire	Perspective	Destin	Prophétie	Attente	Incarnation	Utopie	Anticipation	Prospectif	Inéluctable																		
131	Cactus	easy	Plante	Pique	Désert	Vert	Épine	Sève	Succulente	Aride	Exotique	Areole	Xérophyte	Opuntia	Mammillaria	Cierge																		
132	Quand	easy	Temps	Heure	Moment	Jour	Époque	Date	Intervalle	Instantané	Précis	Jalon	Éternité	Éphémère	Conjoncture	Postérité																		
133	Poséidon	medium	Mer	Dieu	Océan	Trident	Grèce	Tempête	Navire	Mythologie	Eau	Amphitrite	Hippocampe	Onde	Scylla	Charybde																		
134	Vénus	medium	Déesse	Amour	Beauté	Romain	Planète	Cupidon	Aphrodite	Séduction	Art	Cythère	Vénusienne	Adonis	Céphalée	Volupté																		
135	Salut	easy	Bonjour	Adieu	Aide	Danger	Sauver	Secours	Bien-être	Assistance	Protection	Rédemption	Salutaire	Oraison	Bénédiction	Rémission																		
136	Soleil	easy	Chaud	Jour	Lumière	Étoile	Été	Planète	Chaleur	Jaune	Rayon	Hélium	Chlorophylle	Éclipse	Chromosphère	Hélios																		
137	Départ	easy	Voyage	Adieu	Commencement	Aller	Arrivée	Destination	Décoller	Lancement	Exode	Embarquement	Initiation	Migration	Préambule																			
138	Danse	easy	Musique	Rythme	Corps	Mouvement	Ballet	Salsa	Valse	Chorégraphie	Expression	Geste	Arabesque	Entrechat	Pas de deux	Pirouette																		
139	Appels	easy	Téléphone	Sonner	Parler	Entendre	Répondre	Urgence	Communication	Rendez-vous	Message	Conférence	Interurbain	Audioconférence	Bip	Numérotation																		
140	Beatles	easy	Musique	Groupe	Lennon	McCartney	Chanson	Ringo	George	Pop	Liverpool	Album	Sgt. Pepper	Fab Four	Rock	Symphonie																		
141	Pop	easy	Musique	Hit	Radio	Célèbre	Chant	Tendance	Rythme	Star	Mélodie	Commercial	Synthpop	Jingle	Médiatique	Discothèque																		
142	Politique	medium	Vote	Loi	Gouvernement	Pays	Parti	Démocratie	Élection	Débat	Diplomatie	Souveraineté	Parlement	Idéologie	Plébiscite	Hégémonie																		
143	Justice	medium	Loi	Juge	Tribunal	Équité	Droit	Avocat	Peine	Verdict	Procès	Magistrat	Jurisprudence	Inculpation	Plainte	Réquisitoire																		
144	Cultures	easy	Pays	Tradition	Art	Langue	Histoire	Coutume	Héritage	Diversité	Civilisation	Folklore	Ethnologie	Patrimoine	Mondialisation	Acculturation																		
145	Attitude	easy	Comportement	Façon	Manière	Humeur	Réaction	Moral	Air	Démarche	Posture	Dédain	Aisance	Affectation	Abattement																			
146	Règles	easy	Loi	Ordre	Interdit	Devoir	Respect	Norme	Protocole	Code	Réglementation	Décret	Stipulation	Clause	Ajustement																			
147	Imagerie	medium	Photo	Image	Rêve	Vue	Film	Vision	Miroir	Capture	Visualisation	Scanner	Spectre	Réflexion	Hallucination	Stéréoscopie																		
148	Brosse	easy	Cheveux	Nettoyer	Brosser	Peindre	Outil	Poils	Frotter	Peigne	Dentaire	Soies	Tampon	Pinceau	Applicateur																			
149	Valse	easy	Danse	Musique	Couple	Tourner	Ballet	Rythme	Lent	Tango	Opéra	Chorégraphie	Entrechat	Menuet	Quadrille	Mazurka																		
150	Bruit	easy	Son	Volume	Fort	Silence	Écho	Clameur	Tapage	Murmure	Vacarme	Dissonance	Cacophonie	Chuchotement	Rumeur	Tamtam																		
151	Fiction	easy	Livre	Récit	Imaginaire	Histoire	Film	Roman	Mythe	Utopie	Mensonge	Suspense	Dystopie	Rêverie	Allégorie	Narration																		
152	Ligne	easy	Droit	Point	Courbe	Trajet	Dessin	Cercle	Segment	Frontière	Équateur	Horizon	Tangente	Perpendiculaire	Asymptote	Équation																		
153	Zumba	easy	Danse	Fitness	Musique	Rythme	Sport	Chaleur	Groupe	Aérobic	Énergie	Cardio	Chorégraphie	Latino	Pas	Endurance																		
154	Devise	medium	Argent	Monnaie	Valeur	Échange	Euro	Dollar	Yen	Franc	Rouble	Taux	Inflation	Change	Flottante	Fiduciaire																		
155	Incendie	easy	Feu	Flamme	Fumée	Danger	Pompier	Brûler	Chaleur	Alerte	Cendres	Brasier	Hélice	Arson	Déflagration	Holocauste																		
156	Table	easy	Meuble	Manger	Assis	Bois	Chaise	Bureau	Repas	Nappe	Cuisine	Ébénisterie	Dessus	Rond	Tréteau	Buffet																		
157	Fours	easy	Chaud	Cuisson	Chaleur	Cuisine	Électrique	Gaz	Boulangerie	Rôtir	Pâtisserie	Thermostat	Convection	Gril	Mégot	Pyrolyse																		
158	ADN	medium	Gène	Hérédité	Cellule	Science	Biologie	Code	Molécule	Génome	Double Hélice	Nucléotide	Chromatine	Transcription	Réplication	Séquençage																		
159	Ranch	easy	Ferme	Cheval	Cowboy	Bétail	Western	Prairie	Élevage	Étable	Rodéo	Vacher	Lasso	Mustang	Pâturage	Hacienda																		
160	Créatif	easy	Art	Idée	Imagination	Nouveau	Inventer	Talent	Original	Design	Innovation	Ingénieux	Fécond	Intuitif	Vernaculaire	Savant																		
161	Hibou	easy	Oiseau	Nuit	Chouette	Vol	Mystère	Plumes	Bec	Rapace	Vision	Nocturne	Strix	Strigiformes	Effraie	Chuintement																		
162	Validé	easy	Accepté	Bon	Juste	Vrai	Approuvé	Confirmé	Accordé	Reconnu	Homologué	Sanctionné	Péremptoire	Ratifié	Adjugé	Certifié																		
163	Patate	easy	Pomme de terre	Frites	Légume	Purée	Cuisson	Féculent	Tubercule	Terre	Vitelotte	Ratte	Amidon	Tuber	Solanacées	Solanine																		
164	Déchêts	easy	Ordures	Poubelle	Jeter	Sale	Recyclage	Pollution	Tri	Décharge	Toxique	Lixiviat	Compost	Déjection	Résidu	Épave																		
165	Taille	easy	Grand	Petit	Hauteur	Mesure	Vêtement	Pointure	Circonférence	Profondeur	Échelle	Mensuration	Ajuster	Gabaries	Stature	Élancé																		
166	Pronom	hard	Mot	Grammaire	Langue	Je	Tu	Il	Elle	Nous	Vous	Ils	Elles	Relatif	Possessif	Indéfini																		
167	Noël	easy, image	c_christmas_g71.png	c_christmas_g82.png	c_christmas_g98.png	c_christmas_g111.png	c_christmas_g129.png	c_christmas_g154.png	c_christmas_g167.png	c_christmas_g247.png	c_christmas_g264.png	c_christmas_g286.png																						
168	Espace	easy, image	c_space_g646.png	c_space_g647.png	c_space_g648.png	c_space_g649.png	c_space_g650.png	c_space_g651.png	c_space_g652.png	c_space_g653.png	c_space_g654.png	c_space_g655.png	c_space_g656.png	c_space_g657.png	c_space_g658.png	c_space_g659.png	c_space_g660.png	c_space_g661.png																
169	Boissons	easy, image	c_drinks_g26.png	c_drinks_g35.png	c_drinks_g41.png	c_drinks_g45.png	c_drinks_g58.png	c_drinks_g69.png	c_drinks_g75.png	c_drinks_g92.png	c_drinks_g109.png	c_drinks_g121.png																						
170	Animaux	easy, image	c_animals_g216.png	c_animals_g217.png	c_animals_g218.png	c_animals_g219.png	c_animals_g220.png	c_animals_g221.png	c_animals_g222.png	c_animals_g223.png	c_animals_g224.png	c_animals_g225.png																						
171	Pâtes	medium, image	c_pastas_g425.png	c_pastas_g426.png	c_pastas_g427.png	c_pastas_g428.png	c_pastas_g429.png	c_pastas_g430.png	c_pastas_g431.png	c_pastas_g432.png	c_pastas_g433.png	c_pastas_g434.png	c_pastas_g435.png	c_pastas_g436.png	c_pastas_g437.png	c_pastas_g438.png	c_pastas_g439.png	c_pastas_g440.png																
172	Fruits	medium, image	c_fruits_g801.png	c_fruits_g802.png	c_fruits_g803.png	c_fruits_g804.png	c_fruits_g805.png	c_fruits_g806.png	c_fruits_g807.png	c_fruits_g808.png	c_fruits_g809.png	c_fruits_g810.png	c_fruits_g811.png	c_fruits_g812.png	c_fruits_g813.png	c_fruits_g814.png	c_fruits_g815.png	c_fruits_g816.png		c_fruits_g818.png	c_fruits_g819.png	c_fruits_g820.png	c_fruits_g821.png	c_fruits_g822.png	c_fruits_g823.png	c_fruits_g824.png	c_fruits_g825.png	c_fruits_g826.png	c_fruits_g827.png	c_fruits_g828.png	c_fruits_g830.png	c_fruits_g831.png		
173	Japon	medium, image	c_japan_g2079.png	c_japan_g2080.png	c_japan_g2081.png	c_japan_g2083.png	c_japan_g2084.png	c_japan_g2085.png	c_japan_g2086.png	c_japan_g2087.png	c_japan_g2088.png	c_japan_g2089.png	c_japan_g2090.png	c_japan_g2091.png	c_japan_g2092.png	c_japan_g2093.png	c_japan_g2094.png	c_japan_g2095.png																
174	France	easy, image	c_france_g10.png	c_france_g63.png	c_france_g69.png	c_france_g95.png	c_france_g153.png	c_france_g176.png	c_france_g183.png	c_france_g360.png	c_france_g625.png	c_france_g628.png	c_france_g705.png	c_france_g812.png	c_france_g854.png	c_france_g879.png																		
175	Lunettes	easy, image	c_glasses_g11.png	c_glasses_g22.png	c_glasses_g29.png	c_glasses_g38.png	c_glasses_g48.png	c_glasses_g57.png	c_glasses_g66.png	c_glasses_g81.png																								
176	Interdictions	medium, image	c_prohibitions_g33.png	c_prohibitions_g34.png	c_prohibitions_g35.png	c_prohibitions_g36.png	c_prohibitions_g37.png	c_prohibitions_g38.png	c_prohibitions_g39.png	c_prohibitions_g40.png	c_prohibitions_g41.png																							
177	Eau	medium, image	c_water_g3.png	c_water_g18.png	c_water_g39.png	c_water_g67.png	c_water_g88.png	c_water_g143.png	c_water_g151.png	c_water_g185.png	c_water_g199.png	c_water_g214.png	c_water_g241.png	c_water_g256.png	c_water_g282.png	c_water_g286.png																		
178	Jeux	easy, image	c_games_g106.png	c_games_g178.png	c_games_g234.png	c_games_g257.png	c_games_g274.png	c_games_g297.png	c_games_g314.png	c_games_g354.png	c_games_g357.png	c_games_g385.png	c_games_g437.png	c_games_g519.png	c_games_g534.png	c_games_g575.png	c_games_g624.png	c_games_g736.png	c_games_g751.png	c_games_g829.png														
179	Fauteuils	easy, image	c_chairs_g23.png	c_chairs_g49.png	c_chairs_g105.png	c_chairs_g134.png	c_chairs_g173.png	c_chairs_g211.png	c_chairs_g232.png	c_chairs_g254.png																								
180	Poissons	easy, image	c_fishs_g1022.png	c_fishs_g1023.png	c_fishs_g1024.png	c_fishs_g1025.png	c_fishs_g1026.png	c_fishs_g1027.png	c_fishs_g1028.png	c_fishs_g1029.png	c_fishs_g1030.png	c_fishs_g1031.png	c_fishs_g1032.png	c_fishs_g1033.png	c_fishs_g1034.png	c_fishs_g1035.png	c_fishs_g1036.png	c_fishs_g1037.png	c_fishs_g1038.png	c_fishs_g1039.png	c_fishs_g1040.png	c_fishs_g1041.png												
181	Planetes	medium, image	c_planets_g142.png	c_planets_g126.png	c_planets_g123.png	c_planets_g95.png	c_planets_g78.png	c_planets_g61.png	c_planets_g46.png	c_planets_g26.png	c_planets_g12.png																							
182	Feuilles	image, easy	c_leaves_g202.png	c_leaves_g189.png	c_leaves_g178.png	c_leaves_g166.png	c_leaves_g135.png	c_leaves_g122.png	c_leaves_g83.png	c_leaves_g71.png	c_leaves_g58.png	c_leaves_g50.png	c_leaves_g32.png	c_leaves_g12.png																				
183	Sports	image, medium	c_sports_g11.png	c_sports_g10.png	c_sports_g9.png	c_sports_g8.png	c_sports_g7.png	c_sports_g6.png	c_sports_g5.png	c_sports_g4.png	c_sports_g3.png																							
184	Piscine	image, medium	c_pools__x39_.png	c_pools__x37_.png	c_pools__x35_.png	c_pools__x34_.png	c_pools__x33_.png	c_pools__x32_.png	c_pools__x31_6.png	c_pools__x31_5.png	c_pools__x31_4.png	c_pools__x31_2.png	c_pools__x31_.png																					
185	Mythes	image, medium	c_myth_g2147.png	c_myth_g1830.png	c_myth_g1590.png	c_myth_g1504.png	c_myth_g1380.png	c_myth_g1272.png	c_myth_g1141.png	c_myth_g995.png	c_myth_g939.png	c_myth_g848.png	c_myth_g689.png	c_myth_g489.png	c_myth_g381.png	c_myth_g234.png	c_myth_g111.png	c_myth_g57.png																
186	Musique	image, medium	c_music_g712.png		c_music_g685.png	c_music_g646.png	c_music_g626.png	c_music_g474.png	c_music_g395.png	c_music_g363.png		c_music_g283.png	c_music_g269.png	c_music_g70.png	c_music_g35.png	c_music_g229.png	c_music_g176.png	c_music_g134.png																
187	Monuments	image, medium	c_monuments_g16.png	c_monuments_g15.png	c_monuments_g14.png	c_monuments_g13.png	c_monuments_g12.png	c_monuments_g11.png	c_monuments_g10.png	c_monuments_g9.png	c_monuments_g8.png	c_monuments_g7.png	c_monuments_g6.png	c_monuments_g5.png	c_monuments_g4.png	c_monuments_g3.png	c_monuments_g2.png	c_monuments_g1.png																
188	Londres	image, easy	c_london_g910.png	c_london_g895.png	c_london_g883.png	c_london_g862.png	c_london_g838.png	c_london_g666.png	c_london_g478.png	c_london_g473.png	c_london_g462.png	c_london_g331.png	c_london_g324.png	c_london_g305.png	c_london_g247.png	c_london_g214.png	c_london_g190.png	c_london_g68.png																
189	Chapeaux	image, easy	c_hats_g76.png	c_hats_g68.png	c_hats_g62.png	c_hats_g50.png	c_hats_g42.png	c_hats_g23.png	c_hats_g17.png	c_hats_g10.png	c_hats_g5.png																							
190	Chiens	image, easy	c_dogs_g522.png	c_dogs_g484.png	c_dogs_g457.png	c_dogs_g438.png	c_dogs_g413.png	c_dogs_g383.png	c_dogs_g362.png	c_dogs_g326.png	c_dogs_g261.png	c_dogs_g231.png	c_dogs_g200.png	c_dogs_g163.png	c_dogs_g130.png	c_dogs_g99.png	c_dogs_g67.png	c_dogs_g36.png																
191	Cinema	image, medium	c_cinema_g294.png	c_cinema_g276.png	c_cinema_g224.png	c_cinema_g203.png	c_cinema_g164.png	c_cinema_g138.png	c_cinema_g67.png	c_cinema_g16.png																								
192	Chats	image, easy	c_cats_g764.png	c_cats_g729.png	c_cats_g689.png	c_cats_g643.png	c_cats_g605.png	c_cats_g477.png	c_cats_g439.png	c_cats_g296.png	c_cats_g275.png	c_cats_g245.png	c_cats_g188.png	c_cats_g165.png	c_cats_g123.png	c_cats_g103.png	c_cats_g87.png	c_cats_g27.png																
193	Bébé	image, medium	c_baby_g169.png	c_baby_g136.png	c_baby_g122.png	c_baby_g109.png	c_baby_g74.png	c_baby_g61.png	c_baby_g48.png	c_baby_g35.png	c_baby_g15.png	c_baby_g9.png																						
194	Australie	image, easy	c_australia_g378.png	c_australia_g370.png	c_australia_g332.png	c_australia_g270.png	c_australia_g247.png	c_australia_g216.png	c_australia_g120.png	c_australia_g86.png	c_australia_g46.png	c_australia_g27.png	c_australia_g11.png																					
195	Super-héros	image, hard	c_superheroes_g925.png	c_superheroes_g861.png	c_superheroes_g791.png	c_superheroes_g703.png	c_superheroes_g631.png	c_superheroes_g570.png	c_superheroes_g463.png	c_superheroes_g389.png	c_superheroes_g308.png	c_superheroes_g234.png	c_superheroes_g160.png	c_superheroes_g72.png																				
196	Safari	image, hard	c_safari_g1442.png	c_safari_g1337.png	c_safari_g1155.png	c_safari_g1030.png	c_safari_g967.png	c_safari_g860.png	c_safari_g822.png	c_safari_g768.png	c_safari_g696.png	c_safari_g614.png	c_safari_g544.png	c_safari_g494.png	c_safari_g353.png	c_safari_g271.png	c_safari_g190.png	c_safari_g90.png																
197	Safari	image, hard	c_safari_g1442.png	c_safari_g1337.png	c_safari_g1155.png	c_safari_g1030.png	c_safari_g967.png	c_safari_g860.png	c_safari_g822.png	c_safari_g768.png	c_safari_g696.png	c_safari_g614.png	c_safari_g544.png	c_safari_g494.png	c_safari_g353.png	c_safari_g271.png	c_safari_g190.png	c_safari_g90.png																
198	Auteurs	hard	Hugo	Shakespeare	Dostoïevski	Austen	García Márquez	Camus	Hemingway	Christie	Orwell	Morrison	Proust	Shelley	Saint-Exupéry	Swift																		
199	Monstres	image, medium	c_monsters_g159.png	c_monsters_g316.png	c_monsters_g393.png	c_monsters_g475.png	c_monsters_g557.png	c_monsters_g685.png	c_monsters_g734.png	c_monsters_g809.png	c_monsters_g854.png	c_monsters_g923.png	c_monsters_g1013.png	c_monsters_g1078.png	c_monsters_g1171.png	c_monsters_g1262.png	c_monsters_g1335.png																	
200	USA	image, easy	c_unitedstates_g2255.png	c_unitedstates_g2085.png	c_unitedstates_g1914.png	c_unitedstates_g1551.png	c_unitedstates_g1467.png	c_unitedstates_g1420.png	c_unitedstates_g1350.png		c_unitedstates_g975.png	c_unitedstates_g966.png	c_unitedstates_g545.png	c_unitedstates_g84.png	c_unitedstates_g69.png	c_unitedstates_g57.png	c_unitedstates_g18.png																	
201	Arbres	image, easy	c_trees_g9978.png	c_trees_g9946.png	c_trees_g9923.png	c_trees_g9188.png	c_trees_g9099.png	c_trees_g8673.png	c_trees_g8505.png	c_trees_g7736.png	c_trees_g7503.png	c_trees_g13433.png	c_trees_g12305.png	c_trees_g12152.png	c_trees_g12055.png	c_trees_g11796.png	c_trees_g11703.png	c_trees_g7115.png	c_trees_g6599.png	c_trees_g6578.png	c_trees_g6428.png	c_trees_g6146.png	c_trees_g5328.png	c_trees_g4987.png	c_trees_g4589.png	c_trees_g4277.png	c_trees_g3928.png	c_trees_g3896.png	c_trees_g605.png	c_trees_g398.png	c_trees_g11278.png	c_trees_g10639.png	c_trees_g10549.png	c_trees_g10187.png
202	Halloween	image, hard	c_halloween_g400.png	c_halloween_g300.png	c_halloween_g272.png	c_halloween_g223.png	c_halloween_g175.png	c_halloween_g139.png	c_halloween_g108.png	c_halloween_g90.png	c_halloween_g26.png																							
203	Dieux	image, medium	c_gods_g1863.png	c_gods_g1698.png	c_gods_g1607.png	c_gods_g1507.png	c_gods_g1414.png	c_gods_g1312.png	c_gods_g1094.png	c_gods_g986.png	c_gods_g814.png	c_gods_g719.png	c_gods_g600.png	c_gods_g529.png	c_gods_g439.png	c_gods_g374.png	c_gods_g236.png	c_gods_g124.png																
204	Egypte	image, medium	c_egypt_g1179.png	c_egypt_g1046.png	c_egypt_g946.png	c_egypt_g892.png	c_egypt_g853.png	c_egypt_g785.png	c_egypt_g763.png	c_egypt_g752.png	c_egypt_g694.png	c_egypt_g646.png	c_egypt_g366.png	c_egypt_g330.png	c_egypt_g287.png	c_egypt_g235.png	c_egypt_g199.png	c_egypt_g137.png	c_egypt_g12.png															
205	Arts martiaux	hard, image	c_martial_arts_g342.png	c_martial_arts_g341.png	c_martial_arts_g340.png	c_martial_arts_g339.png	c_martial_arts_g338.png	c_martial_arts_g337.png	c_martial_arts_g336.png	c_martial_arts_g335.png	c_martial_arts_g334.png	c_martial_arts_g333.png	c_martial_arts_g332.png	c_martial_arts_g331.png	c_martial_arts_g330.png	c_martial_arts_g329.png	c_martial_arts_g328.png	c_martial_arts_g327.png																
206	Motos	easy, image	c_motos_g525.png	c_motos_g524.png	c_motos_g523.png	c_motos_g522.png	c_motos_g521.png	c_motos_g520.png	c_motos_g519.png	c_motos_g518.png	c_motos_g517.png	c_motos_g516.png	c_motos_g515.png	c_motos_g514.png																				
207	Métiers	medium, image	c_jobs_g675.png	c_jobs_g638.png	c_jobs_g580.png	c_jobs_g555.png	c_jobs_g502.png	c_jobs_g473.png	c_jobs_g444.png	c_jobs_g402.png	c_jobs_g360.png	c_jobs_g317.png	c_jobs_g288.png	c_jobs_g267.png	c_jobs_g222.png	c_jobs_g199.png	c_jobs_g174.png	c_jobs_g136.png	c_jobs_g109.png	c_jobs_g71.png	c_jobs_g54.png	c_jobs_g26.png												
208	Gateaux	easy, image	c_cakes_g2204.png	c_cakes_g2114.png	c_cakes_g1865.png	c_cakes_g1453.png	c_cakes_g1277.png	c_cakes_g1058.png	c_cakes_g728.png	c_cakes_g694.png	c_cakes_g304.png	c_cakes_g155.png	c_cakes_g81.png	c_cakes_g12.png																				
209	Montres	medium, image	c_watches_g546.png	c_watches_g479.png	c_watches_g344.png	c_watches_g309.png	c_watches_g281.png	c_watches_g250.png	c_watches_g208.png	c_watches_g132.png	c_watches_g77.png	c_watches_g34.png																						
210	Requins	medium, image	c_sharks_g1035.png	c_sharks_g1006.png	c_sharks_g970.png	c_sharks_g479.png	c_sharks_g450.png	c_sharks_g422.png	c_sharks_g385.png	c_sharks_g335.png	c_sharks_g303.png	c_sharks_g270.png	c_sharks_g78.png	c_sharks_g39.png																				
211	Western	hard, image	c_western_g1433.png	c_western_g1364.png	c_western_g1330.png	c_western_g1223.png	c_western_g1149.png	c_western_g1096.png	c_western_g1008.png	c_western_g931.png	c_western_g846.png	c_western_g744.png	c_western_g347.png	c_western_g266.png	c_western_g93.png																			
212	Bateaux	medium, image	c_ships_g11.png	c_ships_g10.png	c_ships_g9.png	c_ships_g8.png	c_ships_g7.png	c_ships_g6.png	c_ships_g5.png	c_ships_g4.png	c_ships_g3.png	c_ships_g2.png	c_ships_g1.png																					
213	Zodiac	medium, image	c_zodiac_g436.png	c_zodiac_g378.png	c_zodiac_g363.png	c_zodiac_g321.png	c_zodiac_g306.png	c_zodiac_g248.png	c_zodiac_g231.png	c_zodiac_g209.png	c_zodiac_g171.png	c_zodiac_g130.png	c_zodiac_g86.png	c_zodiac_g48.png																				
214	Dinosaures	easy, image	c_dinosaurs_g921.png	c_dinosaurs_g738.png	c_dinosaurs_g614.png	c_dinosaurs_g4319.png	c_dinosaurs_g3995.png	c_dinosaurs_g3817.png	c_dinosaurs_g3701.png	c_dinosaurs_g3594.png	c_dinosaurs_g1754.png	c_dinosaurs_g1516.png	c_dinosaurs_g1372.png	c_dinosaurs_g1214.png	c_dinosaurs_g301.png																			
215	Fromages	medium, image	c_cheeses_g2020.png	c_cheeses_g2019.png	c_cheeses_g2018.png	c_cheeses_g2017.png	c_cheeses_g2016.png	c_cheeses_g2015.png		c_cheeses_g2013.png	c_cheeses_g2012.png	c_cheeses_g2011.png	c_cheeses_g2010.png	c_cheeses_g2009.png	c_cheeses_g2008.png	c_cheeses_g2007.png	c_cheeses_g2006.png	c_cheeses_g2005.png																
216	Vikings	hard, image	c_vikings_g821.png	c_vikings_g792.png	c_vikings_g657.png	c_vikings_g567.png	c_vikings_g491.png	c_vikings_g371.png	c_vikings_g236.png	c_vikings_g103.png																								
217	Medieval	medium, image	c_medieval_g5099.png	c_medieval_g2096.png	c_medieval_g1804.png	c_medieval_g1654.png	c_medieval_g1309.png	c_medieval_g1126.png	c_medieval_g810.png	c_medieval_g627.png	c_medieval_g406.png	c_medieval_g173.png																						
218	Pirates	hard, image	c_pirates_g957.png	c_pirates_g906.png	c_pirates_g823.png	c_pirates_g714.png	c_pirates_g631.png	c_pirates_g555.png	c_pirates_g510.png	c_pirates_g393.png	c_pirates_g317.png	c_pirates_g290.png	c_pirates_g233.png	c_pirates_g150.png	c_pirates_g68.png																			
219	Champignons	easy, image	c_mushrooms_g13753.png	c_mushrooms_g13752.png	c_mushrooms_g13751.png	c_mushrooms_g13750.png	c_mushrooms_g13749.png	c_mushrooms_g13748.png	c_mushrooms_g13747.png	c_mushrooms_g13746.png	c_mushrooms_g13745.png	c_mushrooms_g13744.png	c_mushrooms_g13743.png	c_mushrooms_g13742.png	c_mushrooms_g13741.png	c_mushrooms_g13740.png	c_mushrooms_g13739.png	c_mushrooms_g13738.png	c_mushrooms_g13737.png	c_mushrooms_g13736.png	c_mushrooms_g13735.png	c_mushrooms_g13734.png	c_mushrooms_g13733.png	c_mushrooms_g13732.png	c_mushrooms_g13731.png									
220	Musiciens	easy, image	c_musicians_g204.png	c_musicians_g186.png	c_musicians_g163.png	c_musicians_g133.png	c_musicians_g113.png	c_musicians_g85.png	c_musicians_g68.png	c_musicians_g50.png	c_musicians_g18.png																							
221	Voitures	easy, image	c_cars_g557.png	c_cars_g516.png	c_cars_g477.png	c_cars_g439.png	c_cars_g378.png	c_cars_g334.png	c_cars_g296.png	c_cars_g244.png	c_cars_g200.png	c_cars_g148.png	c_cars_g96.png	c_cars_g51.png																				
222	Drapeaux	easy, image	c_flags_vn.png	c_flags_us.png	c_flags_tr.png	c_flags_th.png	c_flags_so.png	c_flags_sn.png	c_flags_ru.png	c_flags_ro.png	c_flags_pr.png	c_flags_no.png	c_flags_nl.png	c_flags_ng.png	c_flags_ne.png	c_flags_ml.png	c_flags_mg.png	c_flags_jm.png	c_flags_it.png	c_flags_is.png	c_flags_iq.png	c_flags_in.png	c_flags_hn.png	c_flags_gb.png	c_flags_dk.png	c_flags_de.png	c_flags_cz.png	c_flags_cu.png	c_flags_cr.png	c_flags_co.png	c_flags_cn.png	c_flags_za.png		
223	Drapeaux	easy, image	c_flags_ua.png	c_flags_tz.png	c_flags_sg.png	c_flags_se.png	c_flags_sd.png	c_flags_pl.png	c_flags_pa.png	c_flags_nz.png	c_flags_mc.png	c_flags_ma.png	c_flags_ly.png	c_flags_lu.png	c_flags_lt.png	c_flags_kr.png	c_flags_jp.png	c_flags_ie.png	c_flags_hu.png	c_flags_gr.png	c_flags_gn.png	c_flags_fr.png	c_flags_fi.png	c_flags_es.png	c_flags_ee.png	c_flags_ca.png	c_flags_br.png	c_flags_bj.png	c_flags_bg.png	c_flags_be.png	c_flags_at.png	c_flags_ar.png	c_flags_ae.png	
224	Volcans	easy, image	c_volcanoes_g427.png	c_volcanoes_g409.png	c_volcanoes_g367.png	c_volcanoes_g336.png	c_volcanoes_g325.png	c_volcanoes_g283.png	c_volcanoes_g38.png	c_volcanoes_g1566.png	c_volcanoes_g1545.png	c_volcanoes_g1378.png	c_volcanoes_g1359.png	c_volcanoes_g1344.png	c_volcanoes_g1325.png	c_volcanoes_g267.png	c_volcanoes_g247.png	c_volcanoes_g215.png																
225	Outils	medium, image	c_tools_g260.png	c_tools_g251.png	c_tools_g246.png	c_tools_g215.png	c_tools_g210.png	c_tools_g176.png	c_tools_g167.png	c_tools_g164.png	c_tools_g150.png	c_tools_g116.png	c_tools_g110.png	c_tools_g103.png																				
226	Manèges	medium, image	c_rollercoasters_g2228.png	c_rollercoasters_g1842.png	c_rollercoasters_g1072.png	c_rollercoasters_g830.png	c_rollercoasters_g733.png	c_rollercoasters_g656.png	c_rollercoasters_g551.png	c_rollercoasters_g353.png	c_rollercoasters_g245.png	c_rollercoasters_g103.png																						
227	Manèges	medium, image	c_rollercoasters_g2228.png	c_rollercoasters_g1842.png	c_rollercoasters_g1072.png	c_rollercoasters_g830.png	c_rollercoasters_g733.png	c_rollercoasters_g656.png	c_rollercoasters_g551.png	c_rollercoasters_g353.png	c_rollercoasters_g245.png	c_rollercoasters_g103.png																						
228	Princesses	medium, image	c_princesses_g463.png	c_princesses_g409.png	c_princesses_g357.png	c_princesses_g300.png	c_princesses_g233.png	c_princesses_g181.png	c_princesses_g133.png	c_princesses_g67.png																								
229	Pingouins	medium, image	c_penguins_g473.png	c_penguins_g428.png	c_penguins_g390.png	c_penguins_g347.png	c_penguins_g296.png	c_penguins_g259.png	c_penguins_g218.png	c_penguins_g177.png	c_penguins_g142.png	c_penguins_g110.png	c_penguins_g77.png	c_penguins_g37.png																				
230	Clés	hard, image	c_keys_g53.png	c_keys_g50.png	c_keys_g45.png	c_keys_g40.png	c_keys_g35.png	c_keys_g29.png	c_keys_g23.png	c_keys_g19.png	c_keys_g11.png	c_keys_g6.png																						
231	Italie	easy, image	c_italia_g1721.png	c_italia_g1711.png	c_italia_g1611.png	c_italia_g1390.png	c_italia_g1354.png	c_italia_g1258.png	c_italia_g1199.png	c_italia_g685.png	c_italia_g334.png	c_italia_g64.png	c_italia_g1.png	c_italia_g1769.png																				
232	Inde	medium, image	c_india__x39_.png	c_india__x38_.png	c_india__x36_.png	c_india__x34_.png	c_india__x33_.png	c_india__x31_4.png	c_india__x31_3.png	c_india__x31_2.png	c_india__x31_1.png	c_india__x31_0.png																						
233	Chevaux	easy, image	c_horses_g514.png	c_horses_g480.png	c_horses_g446.png	c_horses_g387.png	c_horses_g347.png	c_horses_g307.png	c_horses_g272.png	c_horses_g239.png	c_horses_g179.png	c_horses_g143.png	c_horses_g104.png	c_horses_g46.png																				
234	Grèce	easy, image	c_greece_g18.png	c_greece_g10.png	c_greece_g9.png	c_greece_g8.png	c_greece_g7.png	c_greece_g6.png	c_greece_g5.png	c_greece_g4.png	c_greece_g3.png	c_greece_g2.png	c_greece_g1.png																					
235	Allemagne	easy, image	c_germany_g1325.png	c_germany_g1228.png	c_germany_g736.png	c_germany_g546.png	c_germany_g492.png	c_germany_g360.png	c_germany_g281.png	c_germany_g137.png	c_germany_g103.png																							
236	Ferme	medium, image	c_farming_layer_16.png	c_farming_layer_15.png	c_farming_layer_13.png	c_farming_layer_12.png	c_farming_layer_11.png	c_farming_layer_9.png	c_farming_layer_7.png	c_farming_layer_6.png	c_farming_layer_5.png	c_farming_layer_4.png	c_farming_layer_3.png	c_farming_layer_1.png																				
237	Emojis	easy, image	c_emojis_2_g306.png	c_emojis_2_g284.png		c_emojis_2_g248.png	c_emojis_2_g238.png	c_emojis_2_g231.png	c_emojis_2_g224.png	c_emojis_2_g208.png	c_emojis_2_g201.png	c_emojis_2_g193.png	c_emojis_2_g175.png	c_emojis_2_g168.png	c_emojis_2_g159.png	c_emojis_2_g143.png	c_emojis_2_g92.png	c_emojis_2_g85.png																
238	Emojis	easy, image	c_emojis_1_g298.png	c_emojis_1_g291.png	c_emojis_1_g259.png	c_emojis_1_g186.png	c_emojis_1_g152.png	c_emojis_1_g121.png	c_emojis_1_g110.png	c_emojis_1_g99.png	c_emojis_1_g76.png	c_emojis_1_g65.png	c_emojis_1_g59.png	c_emojis_1_g49.png	c_emojis_1_g40.png	c_emojis_1_g32.png	c_emojis_1_g24.png	c_emojis_1_g16.png	c_emojis_1_g8.png															
239	Cafés	hard, image	c_coffees_g1802.png	c_coffees_g1726.png	c_coffees_g1706.png	c_coffees_g1624.png	c_coffees_g1583.png	c_coffees_g1325.png	c_coffees_g1217.png	c_coffees_g1072.png	c_coffees_g1052.png	c_coffees_g776.png	c_coffees_g539.png	c_coffees_g406.png	c_coffees_g322.png	c_coffees_g232.png	c_coffees_g78.png	c_coffees_g43.png																
240	Cirque	easy, image	c_circus_g892.png	c_circus_g831.png	c_circus_g759.png	c_circus_g692.png	c_circus_g618.png	c_circus_g484.png	c_circus_g352.png	c_circus_g247.png	c_circus_g138.png	c_circus_g81.png																						
241	Canada	easy, image	c_canada_g885.png	c_canada_g866.png	c_canada_g848.png	c_canada_g816.png	c_canada_g641.png	c_canada_g572.png	c_canada_g505.png	c_canada_g465.png	c_canada_g423.png	c_canada_g80.png																						
242	Papillons	medium, image	c_butterflies_g315.png	c_butterflies_g282.png	c_butterflies_g259.png	c_butterflies_g209.png	c_butterflies_g184.png	c_butterflies_g142.png	c_butterflies_g78.png	c_butterflies_g36.png																								
243	Oiseaux	easy, image	c_birds_g8221.png	c_birds_g7582.png	c_birds_g7517.png	c_birds_g7311.png	c_birds_g6906.png	c_birds_g6763.png	c_birds_g6709.png	c_birds_g6377.png	c_birds_g5649.png	c_birds_g5377.png	c_birds_g5244.png	c_birds_g5144.png	c_birds_g3341.png	c_birds_g3206.png	c_birds_g2948.png	c_birds_g2896.png	c_birds_g2265.png	c_birds_g534.png	c_birds_g433.png	c_birds_g2174.png	c_birds_g1423.png	c_birds_g1227.png	c_birds_g185.png									
244	Vélos	easy, image	c_bicycles_bike_10.png	c_bicycles_bike_9.png	c_bicycles_bike_8.png	c_bicycles_bike_7.png	c_bicycles_bike_6.png	c_bicycles_bike_5.png	c_bicycles_bike_4.png	c_bicycles_bike_3.png	c_bicycles_bike_2.png	c_bicycles_bike_1.png																						
245	Abeilles	easy, image	c_bees_g590.png	c_bees_g564.png	c_bees_g303.png	c_bees_g276.png	c_bees_g225.png	c_bees_g184.png	c_bees_g90.png	c_bees_g64.png	c_bees_g26.png	c_bees_g143.png	c_bees_g123.png																					
246	Ours	easy, image	c_bears_g502.png	c_bears_g459.png	c_bears_g404.png	c_bears_g338.png	c_bears_g242.png	c_bears_g199.png	c_bears_g156.png	c_bears_g106.png	c_bears_g56.png																							
247	Sacs	medium, image	c_bags_g115.png	c_bags_g98.png	c_bags_g82.png	c_bags_g72.png	c_bags_g53.png	c_bags_g46.png	c_bags_g38.png	c_bags_g28.png	c_bags_g19.png																							
248	Jouets	medium, image	c_toys_g236.png	c_toys_g219.png	c_toys_g204.png	c_toys_g189.png	c_toys_g161.png	c_toys_g143.png	c_toys_g114.png	c_toys_g67.png	c_toys_g45.png	c_toys_g25.png	c_toys_g19.png	c_toys_g12.png																				
249	Ballet	hard, image	c_ballet_g493.png	c_ballet_g492.png	c_ballet_g444.png	c_ballet_g429.png	c_ballet_g394.png	c_ballet_g332.png	c_ballet_g316.png	c_ballet_g264.png	c_ballet_g206.png	c_ballet_g178.png	c_ballet_g135.png	c_ballet_g118.png	c_ballet_g98.png	c_ballet_g46.png	c_ballet_g31.png																	
250	Bonbons	easy, image	c_candies_g196.png	c_candies_g186.png	c_candies_g177.png	c_candies_g145.png	c_candies_g136.png	c_candies_g122.png	c_candies_g114.png	c_candies_g84.png	c_candies_g73.png	c_candies_g45.png	c_candies_g25.png																					
251	Pizza	easy, image	c_pizzas_g3443.png	c_pizzas_g3227.png	c_pizzas_g2758.png	c_pizzas_g2179.png	c_pizzas_g1673.png	c_pizzas_g1515.png	c_pizzas_g1007.png	c_pizzas_g718.png	c_pizzas_g331.png																							
252	Aéroport	hard, image	c_airport_g2489.png	c_airport_g1923.png	c_airport_g1871.png	c_airport_g1737.png	c_airport_g1586.png	c_airport_g1513.png	c_airport_g1225.png	c_airport_g1050.png	c_airport_g903.png	c_airport_g723.png	c_airport_g513.png																					
253	Ponts	medium, image	c_bridges_g1763.png	c_bridges_g1617.png	c_bridges_g1460.png	c_bridges_g1243.png	c_bridges_g998.png	c_bridges_g802.png	c_bridges_g679.png	c_bridges_g509.png	c_bridges_g259.png	c_bridges_g110.png																						
254	Phares	easy, image	c_lighthouses_g354.png	c_lighthouses_g306.png	c_lighthouses_g285.png	c_lighthouses_g174.png	c_lighthouses_g165.png	c_lighthouses_g118.png	c_lighthouses_g80.png	c_lighthouses_g53.png	c_lighthouses_g37.png																							
255	Marchés	medium, image	c_market_g9364.png	c_market_g8575.png	c_market_g8276.png	c_market_g7712.png	c_market_g7251.png	c_market_g5635.png	c_market_g4009.png	c_market_g1616.png	c_market_g836.png																							
256	Trains	easy, image	c_trains_g609.png	c_trains_g577.png	c_trains_g543.png	c_trains_g507.png	c_trains_g459.png	c_trains_g418.png	c_trains_g368.png	c_trains_g228.png	c_trains_g106.png																							
257	Météo	medium, image	c_weather_g237.png	c_weather_g202.png	c_weather_g75.png	c_weather_g37.png	c_weather_g192.png	c_weather_g188.png	c_weather_g171.png	c_weather_g163.png	c_weather_g143.png	c_weather_g133.png	c_weather_g122.png	c_weather_g118.png																				
258	Bijoux	hard, image	c_jewels__x39_.png	c_jewels__x38_.png	c_jewels__x37_.png	c_jewels__x36_.png	c_jewels__x35_.png	c_jewels__x34_.png	c_jewels__x33_.png	c_jewels__x32_.png	c_jewels__x31_6.png	c_jewels__x31_5.png	c_jewels__x31_4.png	c_jewels__x31_3.png	c_jewels__x31_2.png	c_jewels__x31_1.png	c_jewels__x31_0.png	c_jewels__x31_.png																
259	Tatouage	medium, image	c_tatoos_g404.png	c_tatoos_g390.png	c_tatoos_g384.png	c_tatoos_g338.png	c_tatoos_g334.png	c_tatoos_g305.png	c_tatoos_g254.png	c_tatoos_g180.png	c_tatoos_g152.png	c_tatoos_g115.png	c_tatoos_g102.png	c_tatoos_g77.png																				
260	Aliens	image,medium	c_aliens_g134.png	c_aliens_g263.png	c_aliens_g340.png	c_aliens_g474.png	c_aliens_g550.png	c_aliens_g622.png	c_aliens_g653.png	c_aliens_g709.png	c_aliens_g751.png	c_aliens_g834.png	c_aliens_g933.png																					
261	Cloches	image,medium	c_bells_g56.png	c_bells_g82.png	c_bells_g94.png	c_bells_g103.png	c_bells_g125.png	c_bells_g139.png	c_bells_g151.png	c_bells_g165.png	c_bells_g190.png																							
262	Bottes	image,medium	c_boots_g7.png	c_boots_g13.png	c_boots_g33.png	c_boots_g69.png	c_boots_g82.png	c_boots_g116.png	c_boots_g174.png	c_boots_g222.png	c_boots_g254.png																							
263	Château	image,medium	c_castles_g453.png	c_castles_g558.png	c_castles_g672.png	c_castles_g943.png	c_castles_g1082.png	c_castles_g1264.png	c_castles_g1377.png	c_castles_g1576.png	c_castles_g1717.png	c_castles_g1816.png	c_castles_g1817.png	c_castles_g1818.png																				
264	Chocolat	image,medium	c_chocolate_g1123.png	c_chocolate_g1253.png	c_chocolate_g241.png	c_chocolate_g313.png	c_chocolate_g1279.png	c_chocolate_g2245.png	c_chocolate_g2322.png	c_chocolate_g2389.png	c_chocolate_g2420.png	c_chocolate_g2429.png	c_chocolate_g6907.png																					
265	Oeufs	image,medium	c_eggs_g17.png	c_eggs_g22.png	c_eggs_g54.png	c_eggs_g231.png	c_eggs_g409.png	c_eggs_g547.png	c_eggs_g985.png	c_eggs_g1008.png	c_eggs_g1142.png	c_eggs_g1197.png																						
266	Fées	image,medium	c_fairies_g94.png	c_fairies_g282.png	c_fairies_g361.png	c_fairies_g426.png	c_fairies_g516.png	c_fairies_g623.png	c_fairies_g752.png	c_fairies_g865.png	c_fairies_g964.png	c_fairies_g1083.png	c_fairies_g1227.png	c_fairies_g1315.png	c_fairies_g1439.png	c_fairies_g1533.png	c_fairies_g1635.png	c_fairies_g1712.png	c_fairies_g1833.png	c_fairies_g1938.png	c_fairies_g2030.png	c_fairies_g2146.png	c_fairies_g2250.png	c_fairies_g2330.png	c_fairies_g2422.png	c_fairies_g2519.png	c_fairies_g2630.png							
267	Fontaine	image,medium	c_fountain_g189.png	c_fountain_g269.png	c_fountain_g1022.png	c_fountain_g354.png	c_fountain_g439.png	c_fountain_g598.png	c_fountain_g695.png	c_fountain_g779.png	c_fountain_g925.png																							
268	Jardinage	image,medium	c_gardening_g1813.png	c_gardening_g1814.png	c_gardening_g1815.png	c_gardening_g1817.png	c_gardening_g1818.png	c_gardening_g1819.png	c_gardening_g1820.png	c_gardening_g1821.png	c_gardening_g1822.png	c_gardening_g1823.png	c_gardening_g1824.png	c_gardening_g1816.png																				
269	Gants	image,medium	c_gloves_baseball.png	c_gloves_boxing_gloves.png	c_gloves_convertible_mittens.png	c_gloves_cuffs.png	c_gloves_cycling_gloves.png	c_gloves_dress_gloves.png	c_gloves_driving_gloves.png	c_gloves_garden_gloves.png	c_gloves_knitted_gloves.png	c_gloves_leather_gloves.png	c_gloves_medical.png	c_gloves_mittens.png	c_gloves_oven_mitten.png	c_gloves_rubber_gloves.png																		
270	Hélicopt.	image,medium	c_helicopter_g104.png	c_helicopter_g124.png	c_helicopter_g162.png	c_helicopter_g203.png	c_helicopter_g23.png	c_helicopter_g65.png	c_helicopter_g242.png	c_helicopter_g279.png	c_helicopter_g331.png																							
271	Hôpital	image,medium	c_hospital_g10.png	c_hospital_g35.png	c_hospital_g52.png	c_hospital_g70.png	c_hospital_g310.png	c_hospital_g380.png	c_hospital_g388.png	c_hospital_g400.png	c_hospital_g455.png	c_hospital_g488.png	c_hospital_g489.png																					
272	Îles	image,medium	c_island_g87.png	c_island_g151.png	c_island_g266.png	c_island_g437.png	c_island_g522.png	c_island_g712.png	c_island_g834.png	c_island_g922.png	c_island_g1024.png																							
273	Lessive	image,medium	c_laundry_g37.png	c_laundry_g90.png	c_laundry_g114.png	c_laundry_g149.png	c_laundry_g167.png	c_laundry_g183.png	c_laundry_g198.png	c_laundry_g213.png	c_laundry_g222.png																							
274	Biblioth.	image,medium	c_library_g1000.png	c_library_g259.png	c_library_g404.png	c_library_g471.png	c_library_g574.png	c_library_g615.png	c_library_g751.png	c_library_g823.png	c_library_g947.png	c_library_g1105.png	c_library_g1128.png	c_library_g1259.png	c_library_g1327.png	c_library_g1463.png	c_library_g1745.png																	
275	Éclair	image,medium	c_lightning_g2.png	c_lightning_g4.png	c_lightning_g7.png	c_lightning_g8.png	c_lightning_g11.png	c_lightning_g20.png	c_lightning_g21.png	c_lightning_g23.png	c_lightning_g30.png	c_lightning_g36.png	c_lightning_g37.png																					
276	Lait	image,medium	c_milk_g40.png	c_milk_g80.png	c_milk_g91.png	c_milk_g109.png	c_milk_g144.png	c_milk_g145.png																										
277	Singes	image,medium	c_monkeys_g117.png	c_monkeys_g186.png	c_monkeys_g281.png	c_monkeys_g402.png	c_monkeys_g624.png	c_monkeys_g712.png	c_monkeys_g844.png	c_monkeys_g938.png	c_monkeys_g1029.png																							
278	Ninjas	image,medium	c_ninjas_g47.png	c_ninjas_g89.png	c_ninjas_g126.png	c_ninjas_g168.png	c_ninjas_g236.png	c_ninjas_g295.png	c_ninjas_g362.png	c_ninjas_g403.png	c_ninjas_g453.png	c_ninjas_g510.png	c_ninjas_g595.png	c_ninjas_g630.png																				
279	Pharmacie	image,medium	c_pharmacy_g60.png	c_pharmacy_g110.png	c_pharmacy_g236.png	c_pharmacy_g252.png	c_pharmacy_g309.png	c_pharmacy_g390.png	c_pharmacy_g854.png	c_pharmacy_g1045.png	c_pharmacy_g1226.png	c_pharmacy_g1265.png	c_pharmacy_g1343.png																					
280	Radio	image,medium	c_radio_g71.png	c_radio_g105.png	c_radio_g126.png	c_radio_g195.png	c_radio_g226.png	c_radio_g246.png	c_radio_g285.png	c_radio_g332.png	c_radio_g344.png	c_radio_g409.png	c_radio_g490.png	c_radio_g491.png																				
281	Arc-en-c.	image,medium	c_rainbow_g60.png	c_rainbow_g88.png	c_rainbow_g123.png	c_rainbow_g167.png	c_rainbow_g203.png	c_rainbow_g239.png	c_rainbow_g259.png	c_rainbow_g296.png	c_rainbow_g331.png	c_rainbow_g362.png	c_rainbow_g391.png	c_rainbow_g426.png	c_rainbow_g462.png	c_rainbow_g482.png	c_rainbow_g524.png	c_rainbow_g538.png																
282	Couture	image,medium	c_sewing_g15.png	c_sewing_g25.png	c_sewing_g32.png	c_sewing_g45.png	c_sewing_g66.png	c_sewing_g68.png	c_sewing_g74.png	c_sewing_g128.png	c_sewing_g131.png	c_sewing_g137.png	c_sewing_g185.png	c_sewing_g201.png	c_sewing_g219.png																			
283	Patinage	image,medium	c_skating_g164.png	c_skating_g314.png	c_skating_g441.png	c_skating_g610.png	c_skating_g786.png	c_skating_g950.png	c_skating_g1041.png	c_skating_g1186.png	c_skating_g1281.png	c_skating_g1384.png	c_skating_g1522.png	c_skating_g1697.png																				
284	Gratte-c.	image,medium	c_skyscraper_g231.png	c_skyscraper_g530.png	c_skyscraper_g1018.png	c_skyscraper_g1137.png	c_skyscraper_g1394.png	c_skyscraper_g1424.png	c_skyscraper_g1520.png	c_skyscraper_g1972.png	c_skyscraper_g2076.png	c_skyscraper_g79.png	c_skyscraper_g708.png	c_skyscraper_g940.png																				
285	Bonh. ne.	image,medium	c_snowman_g177.png	c_snowman_g275.png	c_snowman_g404.png	c_snowman_g557.png	c_snowman_g683.png	c_snowman_g842.png	c_snowman_g928.png	c_snowman_g1067.png	c_snowman_g1190.png	c_snowman_g1298.png																						
286	Chausset.	image,medium	c_socks_g9.png	c_socks_g40.png	c_socks_g78.png	c_socks_g107.png	c_socks_g140.png	c_socks_g202.png	c_socks_g228.png	c_socks_g266.png	c_socks_g721.png	c_socks_g745.png	c_socks_g768.png	c_socks_g795.png	c_socks_g813.png	c_socks_g844.png	c_socks_g862.png																	
287	Ballons	image,medium	c_sport_balls_g3589.png	c_sport_balls_g3590.png	c_sport_balls_g3591.png	c_sport_balls_g3592.png	c_sport_balls_g3593.png	c_sport_balls_g3594.png	c_sport_balls_g3595.png	c_sport_balls_g3596.png	c_sport_balls_g3597.png	c_sport_balls_g3598.png	c_sport_balls_g3599.png	c_sport_balls_g3600.png	c_sport_balls_g3601.png	c_sport_balls_g3602.png	c_sport_balls_g3603.png																	
288	Thé	image,medium	c_tea_g20.png	c_tea_g46.png	c_tea_g60.png	c_tea_g111.png	c_tea_g119.png	c_tea_g362.png	c_tea_g373.png	c_tea_g388.png	c_tea_g411.png	c_tea_g438.png	c_tea_g458.png	c_tea_g476.png	c_tea_g496.png	c_tea_g511.png	c_tea_g529.png																	
289	Tente	image,medium	c_tent_g16.png	c_tent_g32.png	c_tent_g49.png	c_tent_g70.png	c_tent_g81.png	c_tent_g103.png	c_tent_g123.png	c_tent_g136.png	c_tent_g148.png																							
290	Théâtre	image,medium	c_theater__x31_.png	c_theater__x31_1.png	c_theater__x31_2.png	c_theater__x31_3.png	c_theater__x31_4.png	c_theater__x31_5.png	c_theater__x31_6.png	c_theater__x33_.png	c_theater__x35_.png	c_theater__x37__2_.png	c_theater__x38_.png																					
291	École	easy	Bureau	Maître	Cahier	Crayon	Gomme	Tableau	Classe	Élève	Livre	Cartable																						
292	Plage	easy	Sable	Mer	Vague	Coquillage	Crème	Serviette	Seau	Parasol	Baignade	Île																						
293	Sommeil	easy	Lit	Oreiller	Couette	Rêve	Nuit	Dormir	Pyjama	Réveil	Couche	Fatigue																						
294	Camping	easy	Tente	Feu	Forêt	Nature	Lampe	Matelas	Bois	Air	Camp																							
295	Bébé	easy	Berceau	Biberon	Couche	Tétine	Pleurs	Hochet	Jouet	Crèche	Lait	Éveil																						
296	Jardin	easy	Fleur	Herbe	Terre	Rateau	Pelouse	Clôture	Arrosoir	Graines	Brouette	Plant																						
297	Anniversaire	easy	Cadeau	Gâteau	Bougie	Fête	Ami	Âge	Surprise	Ballons	Invité	Musique																						
298	Salon	easy	Canapé	Télé	Coussin	Tapis	Fauteuil	Rideau	Lampe	Table	Vase	Cadre																						
299	Zoo	easy	Cage	Singe	Girafe	Lion	Gardien	Visite	Allée	Zèbre	Enclos	Parc																						
300	Cuisine	easy	Évier	Frigo	Four	Placard	Table	Tiroir	Hotte	Vaisselle	Plat	Poêle																						
301	Hiver	easy	Froid	Neige	Glace	Bonnet	Gants	Ski	Luge	Gel	Vent	Pull																						
302	Été	easy	Chaleur	Soleil	Glace	Piscine	Short	Plage	Sable	Mer	Août	Juillet																						
303	La Poste	easy	Lettre	Timbre	Enveloppe	Colis	Facteur	Boîte	Adresse	Courrier	Signature	Envoi																						
304	Courses	easy	Chariot	Rayon	Caisse	Ticket	Sac	Client	Aliment	Prix	Argent	Magasin																						
305	Médecin	easy	Malade	Docteur	Hôpital	Sirop	Piqûre	Santé	Masque	Examen	Lit	Soin																						
306	Football	easy	Ballon	But	Gardien	Match	Arbitre	Maillot	Score	Équipe	Terrain	Sifflet																						
307	Pêche	easy	Canne	Poisson	Lac	Rivière	Filet	Eau	Barque	Appât	Ligne	Mer																						
308	Baignade	easy	Eau	Maillot	Bassin	Nager	Plage	Bonnet	Serviette	Plongeon	Bouée	Chlore																						
309	Musique	easy	Note	Son	Chant	Rythme	Concert	Radio	Danse	Volume	Micro	Piano																						
310	Cinéma	easy	Film	Écran	Salle	Pop-corn	Acteur	Siège	Image	Son	Caméra	Star																						
311	Espace	easy	Lune	Étoile	Soleil	Planète	Fusée	Ciel	Nuit	Univers	Terre	Mars																						
312	Famille	easy	Père	Mère	Frère	Sœur	Oncle	Tante	Cousin	Enfant	Parent	Grand-père																						
313	Mariage	easy	Robe	Alliance	Fête	Église	Mairie	Amour	Gâteau	Fleurs	Danse	Vœux																						
314	Printemps	easy	Fleur	Bourgeon	Oiseau	Vert	Nid	Jardin	Abeille	Douceur	Avril	Mai																						
315	Automne	easy	Feuille	Pluie	Vent	Marron	Châtaigne	Rouge	Jaune	Bottes	Octobre	Gris																						
316	Lecture	easy	Livre	Page	Histoire	Auteur	Roman	Conte	Mots	Silence	Titre	Texte																						
317	Agrumes	easy	Orange	Citron	Clémentine	Mandarine	Lime	Kumquat	Cédrat	Pomelo	Jus	Zeste																						
318	Bijouterie	easy	Bague	Collier	Bracelet	Montre	Or	Argent	Diamant	Perle	Bijou	Écrin																						
319	Peinture	easy	Pinceau	Toile	Couleur	Chevalet	Palette	Tube	Vernis	Esquisse	Dessin	Cadre																						
320	Bureau	easy	Ordi	Clavier	Souris	Écran	Papier	Dossier	Agenda	Stylo	Lampe	Bureau																						
321	Pique-nique	easy	Herbe	Panier	Nappe	Sandwich	Pomme	Jus	Dehors	Couverture	Repas	Partage																						
322	Salle de bain	easy	Lavabo	Douche	Bain	Miroir	Peigne	Savon	Mousse	Robinet	Serviette	Tapis																						
323	La Rue	easy	Trottoir	Route	Passage	Feu	Stop	Vélo	Voiture	Ville	Pavé	Panneau																						
324	Viking	easy	Drakkar	Casque	Hache	Barbe	Nord	Guerrier	Mer	Épée	Rune	Navire																						
325	Pirate	easy	Trésor	Bateau	Sabre	Carte	Or	Perroquet	Île	Pavillon	Canon	Crochet																						
326	Princesse	easy	Couronne	Robe	Château	Bal	Conte	Palais	Diadème	Bijou	Prince	Beauté																						
327	Cowboy	easy	Cheval	Chapeau	Lasso	Éperon	Botte	Étoile	Duel	Saloon	Ranch	Désert																						
328	Aéroport	easy	Avion	Piste	Valise	Vol	Douane	Billet	Pilote	Hublot	Cabine	Bagage																						
329	Jouets	easy	Poupée	Camion	Ballon	Ours	Puzzle	Robot	Lego	Circuit	Toupie	Ballon																						
330	Vêtements	easy	Short	Jupe	Robe	Pull	Veste	Chemise	Jean	T-shirt	Gant	Bonnet																						
331	Météo	easy	Pluie	Vent	Orage	Nuage	Soleil	Neige	Brouillard	Grêle	Givre	Bruine																						
332	Château	easy	Tour	Mur	Pont	Roi	Reine	Garde	Donjon	Pierre	Fossé	Trône																						
333	Forêt	easy	Sapin	Chêne	Pin	Branche	Feuille	Champignon	Mousse	Biche	Sentier	Calme																						
334	Insectes	easy	Fourmi	Mouche	Abeille	Papillon	Guêpe	Grillon	Moustique	Puce	Punaise	Termite																						
335	Dessert	easy	Gâteau	Tarte	Glace	Crêpe	Mousse	Éclair	Macaron	Flan	Chou	Sorbet																						
336	Navigation	medium	Marin	Voile	Port	Ancre	Boussole	Coque	Radar	Sillage	Pont	Mât																						
337	Imprimerie	medium	Encre	Presse	Relieur	Trame	Offset	Cliché	Police	Format	Papier	Tirage																						
338	Géographie	medium	Carte	Pays	Ville	Fleuve	Océan	Relief	Climat	Atlas	Globe	Nord																						
339	Botanique	medium	Plante	Sève	Racine	Graine	Flore	Pistil	Pollen	Pétale	Tige	Bourgeon																						
340	Physique	medium	Énergie	Force	Masse	Atome	Rayon	Poids	Ondes	Aimant	Vide	Chaleur																						
341	Bricolage	medium	Clou	Vis	Scie	Colle	Étau	Perceuse	Niveau	Rabot	Joint	Mètre																						
342	Hôtellerie	medium	Chambre	Étage	Lobby	Groom	Suite	Client	Accueil	Lit	Service	Clé																						
343	Journalisme	medium	Article	Presse	Source	Scoop	Édito	Papier	Encre	Titre	Page	Reportage																						
344	Optique	medium	Lentille	Rayon	Miroir	Prisme	Loupe	Vue	Verre	Laser	Foyer	Spectre																						
345	Archerie	medium	Arc	Flèche	Cible	Corde	Carquois	Plume	Tir	Viseur	Encoche	Empennage																						
346	Zoologie	medium	Faune	Espèce	Habitat	Sauvage	Mue	Griffe	Bec	Instinct	Meute	Refuge																						
347	Mécanique	medium	Moteur	Huile	Boulon	Frein	Roue	Piston	Vanne	Pompe	Câble	Joint																						
348	Astronomie	medium	Orbite	Cosmos	Comète	Astre	Vide	Halo	Sonde	Gaz	Année	Ciel																						
349	Brocante	medium	Ancien	Chine	Objet	Stand	Vente	Antiquité	Prix	Vieux	Meuble	Rare																						
350	Plongée	medium	Masque	Palmes	Tubas	Combi	Bouteille	Corail	Poisson	Profond	Bulle	Détendeur																						
351	Équitation	medium	Selle	Licou	Mors	Étrier	Galop	Trot	Écurie	Cheval	Bride	Bombe																						
352	Tennis	medium	Raquette	Balle	Court	Filet	Set	Service	Match	Arbitre	Terre	Volée																						
353	Ski	medium	Piste	Bâton	Forfait	Remontée	Station	Glisse	Neige	Slalom	Fart	Chaussure																						
354	Vignoble	medium	Vigne	Raisin	Cuvée	Terroir	Cave	Tonneau	Bouchon	Verre	Cru	Millésime																						
355	Boutique	medium	Client	Vente	Rayon	Vitrine	Achat	Caisse	Stock	Prix	Article	Sac																						
356	Théâtre	medium	Scène	Acteur	Pièce	Rideau	Public	Costume	Texte	Décor	Loge	Entracte																						
357	Photographe	medium	Flash	Zoom	Capteur	Image	Pose	Tirage	Prise	Focale	Grain	Sujet																						
358	Pharmacie	medium	Médicament	Sirop	Dose	Soin	Ordonnance	Pommade	Gélule	Pansement	Pharmacien	Santé																						
359	Hôpital	medium	Interne	Soin	Lit	Bloc	Scanner	Analyse	Urgence	Patient	Brancard	Examen																						
360	Tribunal	medium	Juge	Avocat	Procès	Verdict	Loi	Dossier	Audience	Code	Plainte	Peine																						
361	Couture	medium	Fil	Aiguille	Tissu	Patron	Machine	Ourlet	Ciseaux	Mesure	Bouton	Épingle																						
362	Maçonnerie	medium	Brique	Ciment	Truelle	Mur	Mortier	Niveau	Dalle	Béton	Chantier	Pierre																						
363	Électricité	medium	Fil	Prise	Courant	Ampoule	Tableau	Fusible	Tension	Phase	Câble	Lampe																						
364	Plomberie	medium	Tuyau	Robinet	Évier	Joint	Fuite	Soudure	Pompe	Vanne	Cuivre	Évacuation																						
365	Ébéniste	medium	Bois	Rabot	Vernis	Meuble	Colle	Ciseau	Rabotage	Chêne	Étau	Atelier																						
366	Coiffeur	medium	Coupe	Mèche	Frange	Miroir	Peigne	Brosse	Salon	Shampoing	Couleur	Ciseaux																						
367	Céramique	medium	Argile	Tour	Four	Émail	Poterie	Vase	Façonnage	Cuisson	Terre	Modelage																						
368	Apiculteur	medium	Abeille	Ruche	Miel	Cire	Reine	Fumoir	Alvéole	Pollen	Essaim	Miellat																						
369	Sculpture	medium	Pierre	Marbre	Burin	Maillet	Argile	Plâtre	Bronze	Statue	Modèle	Forme																						
370	Archéologie	medium	Fouille	Ruine	Vase	Trésor	Ancien	Site	Histoire	Outil	Temple	Statuette																						
371	Astronomie	medium	Télescope	Étoile	Planète	Galaxie	Comète	Univers	Constellation	Orbite	Cosmos	Ciel																						
372	Énergie	medium	Solaire	Éolien	Gaz	Pétrole	Nucléaire	Charbon	Courant	Réseau	Barrage	Pile																						
373	Climat	medium	Chaud	Froid	Tempête	Humidité	Pression	Zone	Saison	Courant	Air	Pôle																						
374	Transport	medium	Rail	Route	Air	Mer	Fret	Transit	Logistique	Flux	Réseau	Ligne																						
375	Événement	medium	Fête	Concert	Salon	Congrès	Festival	Soirée	Gala	Accueil	Date	Lieu																						
376	Industrie	medium	Usine	Machine	Robot	Produit	Chaine	Stock	Ouvrier	Cadence	Sortie	Qualité																						
377	Linguistique	hard	Signe	Lexique	Syntaxe	Phonème	Racine	Suffixe	Radical	Verbe	Sens																							
378	Héraldique	hard	Écu	Blason	Émail	Métal	Lambrequin	Cimier	Devise	Cri	Armoiries	Pair																						
379	Horlogerie	hard	Ressort	Rouage	Pivot	Cadran	Boîtier	Rubis	Balancier	Ancre	Pont	Spiral																						
380	Lutherie	hard	Âme	Vernis	Éclisse	Touche	Sillet	Chevalet	Table	Fond	Volute	Manche																						
381	Rhétorique	hard	Style	Figure	Ironie	Éloge	Thèse	Débat	Orateur	Plaidoyer	Preuve	Verbe																						
382	Statique	hard	Poids	Appui	Poutre	Masse	Équilibre	Force	Étayage	Sol	Charge	Arc																						
383	Sémantique	hard	Sens	Signe	Concept	Image	Valeur	Contexte	Notion	Champ	Mot	Logos																						
384	Optique-Q	hard	Photon	Laser	Quantum	Spin	Onde	État	Atome	Noyau	Flux	Champ																						
385	Alchimie	hard	Grand	Œuvre	Plomb	Or	Creuset	Soufre	Mercure	Élixir	Pierre	Fusion																						
386	Thermique	hard	Flux	Chaleur	Vapeur	Échange	Cycle	Pompe	Froid	Gaz	Pression	Degré																						
387	Sismologue	hard	Onde	Faille	Magnitude	Épicentre	Plaque	Choc	Relevé	Terre	Alerte	Foyer																						
388	Phonétique	hard	Son	Voyelle	Accent	Intonation	Rythme	Flux	Souffle	Voix	Timbre	Glotte																						
389	Ontologie	hard	Être	Étant	Sujet	Objet	Essence	Nature	Réel	Pensée	Cause	Fin																						
390	Dialectique	hard	Thèse	Antithèse	Synthèse	Idée	Logique	Raison	Conflit	Preuve	Sens	Débat																						
391	Pathologie	hard	Lésion	Tumeur	Germe	Virus	Infection	Signe	Analyse	Soin	Crise	Cause																						
392	Fiscalité	hard	Taxe	Impôt	Revenu	Calcul	Code	Fraude	Barème	Assiette	Droits	Déduction																						
393	Urbanisme	hard	Plan	Ville	Zone	Tracé	Bâti	Voirie	Densité	Habitat	Lot	Espace																						
394	Stratigraphie	hard	Couche	Sol	Sédiment	Roche	Fossile	Ère	Coupe	Relief	Temps	Dépôt																						
395	Métrologie	hard	Mesure	Unité	Masse	Temps	Étalon	Précision	Erreur	Norme	Calcul	Poids																						
396	Diplomatie	hard	Traité	Accord	État	Ambassade	Paix	Crise	Allié	Pacte	Mission	Consul																						
397	Hagiographie	hard	Saint	Vie	Texte	Récit	Miracles	Culte	Relique	Martyre	Foi	Légende																						
398	Typographie	hard	Police	Corps	Graisse	Jambage	Œil	Empattement	Italique	Romain	Crénage	Plomb																						
399	Épistémologie	hard	Science	Savoir	Méthode	Vérité	Modèle	Loi	Preuve	Théorie	Objet	Pensée																						
400	Aérodynamisme	hard	Flux	Air	Traînée	Portance	Profil	Vitesse	Fluide	Poussée	Aile	Vent																						
401	Généalogie	hard	Arbre	Ancêtre	Branche	Lignée	Acte	Nom	Parent	Souche	Filiation	Registre																						
402	Cryptologie	hard	Code	Clef	Secret	Chiffre	Flux	Calcul	Sceau	Masque	Sûreté	Brèche																						
403	Théologie	hard	Dieu	Foi	Dogme	Texte	Sacré	Grace	Salut	Culte	Rite	Étude																						
404	Vexillologie	hard	Drapeau	Pavillon	Émail	Hampe	Pièce	Sautoir	Croix	Bande	Écu	Signe																						
405	Mycologie	hard	Champignon	Spore	Pied	Chapeau	Lamelle	Hyphe	Mycélium	Toxique	Forêt	Cueillette																						
406	Glyptique	hard	Pierre	Gravure	Sceau	Gemme	Intaille	Camée	Relief	Art	Bijou	Outil																						
407	Philatélie	hard	Timbre	Poste	Bloc	Tirage	Papier	Dentelure	Oblitération	Enveloppe	Valeur	Collection																						
408	Iconographie	hard	Image	Sujet	Thème	Symbole	Peinture	Sens	Étude	Motif	Figure	Cycle																						
409	Astronaute	hard	Orbite	Poussée	Delta-v	Apogée	Périgée	Moteur	Étage	Tuyère	Capteur	Sonde																						
410	Automatique	hard	Capteur	Signal	Boucle	Commande	Asservissement	Entrée	Sortie	Temps	Régulation	État																						
411	Balistique	hard	Trajet	Vitesse	Poids	Chute	Portée	Angle	Air	Tir	Impact	Force																						
412	Métallurgie	hard	Alliage	Fonte	Acier	Fer	Cuisson	Trempe	Moule	Minerai	Four	Forge																						
413	Minéralogie	hard	Cristal	Roche	Éclat	Dureté	Clivage	Quartz	Forme	Système	Minéral	Atome																						
414	Océanographie	hard	Courant	Fond	Abysse	Salinité	Marée	Faune	Flore	Sonde	Relief	Eau																						
415	Ornithologie	hard	Oiseau	Plume	Chant	Vol	Nid	Bague	Bec	Espèce	Migration	Œuf																						
416	Pédologie	hard	Sol	Terre	Argile	Sable	Humus	Couche	Profil	Eau	Roche	Texture																						
417	Toxicologie	hard	Poison	Dose	Effet	Analyse	Produit	Relevé	Risque	Santé	Cause	Étude																						
418	Virologie	hard	Virus	Hôte	Cellule	ARN	ADN	Infection	Souche	Vaccin	Mutation	Cycle																						
419	Zootechnie	hard	Élevage	Race	Santé	Soin	Aliment	Produit	Sélection	Ferme	Lait	Viande																						
420	Hydrodynamie	hard	Flux	Eau	Fluide	Vitesse	Pression	Onde	Sillage	Force	Turbine	Remous																						
421	Cryogénie	hard	Froid	Liquide	Azote	Hélium	Gaz	Vide	Température	Zéro	Pompe	Circuit																						
422	Pyrotechnie	hard	Feu	Poudre	Mèche	Couleur	Fusée	Charge	Effet	Bruit	Ciel	Spectacle																						
423	Statistique	hard	Donnée	Moyenne	Écart	Loi	Calcul	Courbe	Tirage	Hasard	Série	Résultat																						
424	Camping-Car	easy	Route	Voyage	Volant	Lit	Cuisine	Étape	Auvent	Parking	Liberté	Douche																						
425	Supermarché	easy	Rayon	Caddie	Prix	Caisse	Produit	Client	Allée	Ticket	Solde	Cabas																						
426	Salle de Sport	easy	Poids	Banc	Tapis	Sueur	Muscle	Haltère	Effort	Coach	Tenue	Cardio																						
427	Petit Déj	easy	Café	Tartine	Beurre	Confiture	Jus	Bol	Grille-pain	Miel	Céréales	Tasse																						
428	Laverie	easy	Linge	Tambour	Lessive	Propre	Sale	Hublot	Chaleur	Séchage	Pliage	Vapeur																						
429	Aquarium	easy	Poisson	Eau	Vitre	Bulle	Algue	Sable	Filtre	Décor	Gravier	Pompe																						
430	Kermesse	easy	Jeu	Stand	Lot	Enfant	Fête	Pêche	Ballons	Gagnant	Ticket	Musique																						
431	Chambre	easy	Lit	Armoire	Sommeil	Lampe	Oreiller	Couette	Tapis	Réveil	Rideau	Table																						
432	Jardinage	easy	Fleur	Herbe	Terre	Rateau	Pelouse	Clôture	Arrosoir	Graines	Brouette	Plant																						
433	Salon	easy	Canapé	Télé	Coussin	Tapis	Fauteuil	Rideau	Lampe	Table	Vase	Cadre																						
434	Hiver	easy	Froid	Neige	Glace	Bonnet	Gants	Ski	Luge	Gel	Vent	Pull																						
435	Été	easy	Chaleur	Soleil	Glace	Piscine	Short	Plage	Sable	Mer	Août	Juillet																						
436	Cirque	easy	Clown	Magique	Jongleur	Lion	Chapiteau	Acrobate	Spectacle	Nez rouge	Trapèze	Ticket																						
437	La Poste	easy	Lettre	Timbre	Enveloppe	Colis	Facteur	Boîte	Adresse	Courrier	Signature	Envoi																						
438	Médecin	easy	Malade	Docteur	Hôpital	Sirop	Piqûre	Santé	Masque	Examen	Lit	Soin																						
439	Football	easy	Ballon	But	Gardien	Match	Arbitre	Maillot	Score	Équipe	Terrain	Sifflet																						
440	Pêche	easy	Canne	Poisson	Lac	Rivière	Filet	Eau	Barque	Appât	Ligne	Mer																						
441	Baignade	easy	Eau	Maillot	Bassin	Nager	Plage	Bonnet	Serviette	Plongeon	Bouée	Chlore																						
442	Espace	easy	Lune	Étoile	Soleil	Planète	Fusée	Ciel	Nuit	Univers	Terre	Mars																						
443	Mariage	easy	Robe	Alliance	Fête	Église	Mairie	Amour	Gâteau	Fleurs	Danse	Vœux																						
444	Printemps	easy	Fleur	Bourgeon	Oiseau	Vert	Nid	Jardin	Abeille	Douceur	Avril	Mai																						
445	Automne	easy	Feuille	Pluie	Vent	Marron	Châtaigne	Rouge	Jaune	Bottes	Octobre	Gris																						
446	Banque	easy	Pièce	Billet	Carte	Chèque	Argent	Caisse	Achat	Prix	Guichet	Compte																						
447	Pique-nique	easy	Herbe	Panier	Nappe	Sandwich	Pomme	Jus	Dehors	Couverture	Repas	Partage																						
448	Salle de Bain	easy	Lavabo	Douche	Bain	Miroir	Peigne	Savon	Mousse	Robinet	Serviette	Tapis																						
449	La Rue	easy	Trottoir	Route	Passage	Feu	Stop	Vélo	Voiture	Ville	Pavé	Panneau																						
450	Désert	easy	Sable	Dune	Chaleur	Soleil	Soif	Chameau	Oasis	Aride	Mirage	Vent																						
451	Princesse	easy	Couronne	Robe	Château	Bal	Conte	Palais	Diadème	Bijou	Prince	Beauté																						
452	Vêtements	easy	Short	Jupe	Robe	Pull	Veste	Chemise	Jean	T-shirt	Gant	Bonnet																						
453	Météo	easy	Pluie	Vent	Orage	Nuage	Soleil	Neige	Brouillard	Grêle	Givre	Bruine																						
454	Forêt	easy	Sapin	Chêne	Pin	Branche	Feuille	Champignon	Mousse	Biche	Sentier	Calme																						
455	Insectes	easy	Fourmi	Mouche	Abeille	Papillon	Guêpe	Grillon	Moustique	Puce	Punaise	Termite																						
456	Boucherie	easy	Viande	Couteau	Étals	Jambon	Gigot	Poulet	Steak	Boucher	Hachis	Persillé																						
457	Ferme	easy	Vache	Cochon	Poule	Tracteur	Grange	Paille	Fermier	Étable	Récolte	Champ																						
458	Lego	easy	Brique	Jeu	Couleur	Montage	Plan	Enfant	Robot	Maison	Camion	Boîte																						
459	École	easy	Classe	Tableau	Bureau	Cahier	Élève	Maître	Cour	Livre	Crayon	Gomme																						
460	Théâtre	easy	Scène	Rideau	Texte	Acteur	Pièce	Public	Costume	Décor	Loge	Applaudir																						
461	Musique	easy	Note	Piano	Son	Chant	Rythme	Guitare	Concert	Radio	Micro	Volume																						
462	Parc public	medium	Banc	Allée	Pelouse	Arbre	Jeu	Enfant	Fleur	Statue	Fontaine	Calme																						
463	Garage	medium	Voiture	Outil	Huile	Roue	Pneu	Moteur	Clé	Pont	Frein	Garage																						
464	Horloger	medium	Montre	Cadran	Aiguille	Pile	Rouage	Bracelet	Verre	Boîtier	Tic-tac	Heure																						
465	Apéritif	medium	Verre	Glaçon	Amande	Olive	Toast	Boisson	Partage	Ami	Buffet	Plateau																						
466	Billard	medium	Queue	Bille	Tapis	Triangle	Craie	Poche	Bande	Effet	Table	Carambole																						
467	Badminton	medium	Volant	Raquette	Filet	Court	Match	Service	Smash	Set	Simple	Double																						
468	Planche	medium	Voile	Vent	Vague	Planche	Mer	Glisse	Harnais	Mât	Flotteur	Surf																						
469	Vtt	medium	Vélo	Sentier	Boue	Casque	Guidon	Frein	Pédale	Selle	Pignon	Fourche																						
470	Escalade	medium	Paroi	Corde	Prise	Harnais	Mousqueton	Rappel	Baudrier	Magnésie	Sommet	Mur																						
471	Judo	medium	Tatami	Prise	Chute	Projection	Maître	Kimono	Ceinture	Dojo	Arbitre	Immobilise																						
472	Luthier	medium	Violon	Guitare	Bois	Manche	Corde	Chevalet	Vernis	Atelier	Lutherie	Son																						
473	Potier	medium	Argile	Tour	Four	Émail	Modelage	Terre	Vase	Cuisson	Façonnage	Atelier																						
474	Forgeron	medium	Enclume	Marteau	Feu	Fer	Forge	Acier	Trempe	Charbon	Pinces	Métal																						
475	Tanneur	medium	Peau	Cuir	Bain	Sel	Souplesse	Odeur	Écorce	Teinture	Lissage	Atelier																						
476	Joaillier	medium	Or	Diamant	Gemme	Bague	Collier	Sertissage	Pierre	Écrin	Bijou	Monture																						
477	Tailleur	medium	Pierre	Ciseau	Masse	Burin	Mur	Granit	Marbre	Équerre	Tracé	Épure																						
478	Vannier	medium	Osier	Panier	Brin	Tressage	Saule	Fond	Anse	Corbeille	Rotin	Flexible																						
479	Vitrier	medium	Verre	Vitre	Coupe	Cadre	Mastic	Joint	Châssis	Pose	Miroir	Transparent																						
480	Tapissier	medium	Siège	Tissu	Ressort	Clou	Sangler	Rembourrage	Crin	Fauteuil	Décor	Atelier																						
481	Graphisme	medium	Image	Couleur	Logo	Dessin	Mise en page	Typographie	Tracé	Écran	Vecteur	Calque																						
482	Vétérinaire	medium	Animal	Soin	Santé	Vaccin	Chien	Chat	Clinique	Examen	Piqûre	Docteur																						
483	Géomètre	medium	Mesure	Terrain	Borne	Plan	Niveau	Tracé	Limite	Laser	Viseur	Cadastre																						
484	Avoué	medium	Droit	Procès	Juge	Loi	Dossier	Audience	Verdict	Code	Client	Tribunal																						
485	Comptable	medium	Chiffre	Bilan	Calcul	Compte	Facture	Budget	Gestion	Audit	Profit	Fiscalité																						
486	Notaire	medium	Acte	Vente	Contrat	Sceau	Signature	Héritage	Loi	Étude	Dossier	Témoin																						
487	Architecte	medium	Plan	Maison	Mur	Tracé	Dessin	Chantier	Façade	Maquette	Toit	Projet																						
488	Ingénieur	medium	Calcul	Projet	Machine	Étude	Plan	Système	Technique	Analyse	Essai	Solution																						
489	Chercheur	medium	Science	Labo	Étude	Théorie	Expérience	Analyse	Découverte	Savoir	Revue	Donnée																						
490	Traducteur	medium	Langue	Texte	Mot	Sens	Version	Lexique	Culture	Phrase	Oral	Écrit																						
491	Interprète	medium	Parole	Direct	Langue	Micro	Casque	Écoute	Discours	Message	Sens	Voix																						
492	Guide	medium	Visite	Musée	Histoire	Groupe	Circuit	Ville	Savoir	Parcours	Public	Parole																						
493	Archiviste	medium	Document	Papier	Histoire	Rayon	Boîte	Classement	Fonds	Conservation	Vieux	Trace																						
494	Antiquaire	medium	Ancien	Objet	Meuble	Histoire	Vente	Rare	Style	Chine	Restauration	Valeur																						
495	Équitation	medium	Selle	Licou	Mors	Étrier	Galop	Trot	Écurie	Cheval	Bride	Bombe																						
496	Navigation	medium	Marin	Voile	Port	Ancre	Boussole	Coque	Radar	Sillage	Pont	Mât																						
497	Imprimerie	medium	Encre	Presse	Relieur	Trame	Offset	Cliché	Police	Format	Papier	Tirage																						
498	Physique	medium	Énergie	Force	Masse	Atome	Rayon	Poids	Ondes	Aimant	Vide	Chaleur																						
499	Chimie	medium	Gaz	Liquide	Tube	Élément	Atome	Dosage	Acide	Base	Fusion	Vapeur																						
500	Hôtellerie	medium	Chambre	Étage	Lobby	Groom	Suite	Client	Accueil	Lit	Service	Clé																						
501	Économie	medium	Marché	Prix	Banque	Profit	Crise	Budget	Achat	Vente	Taux	Impôt																						
502	Optique	medium	Lentille	Rayon	Miroir	Prisme	Loupe	Vue	Verre	Laser	Foyer	Spectre																						
503	Archerie	medium	Arc	Flèche	Cible	Corde	Carquois	Plume	Tir	Viseur	Encoche	Empennage																						
504	Zoologie	medium	Faune	Espèce	Habitat	Sauvage	Mue	Griffe	Bec	Instinct	Meute	Refuge																						
505	Mécanique	medium	Moteur	Huile	Boulon	Frein	Roue	Piston	Vanne	Pompe	Câble	Joint																						
506	Astronomie	medium	Orbite	Cosmos	Comète	Astre	Vide	Halo	Sonde	Gaz	Année	Ciel																						
507	Tennis	medium	Raquette	Balle	Court	Filet	Set	Service	Match	Arbitre	Terre	Volée																						
508	Ski	medium	Piste	Bâton	Forfait	Remontée	Station	Glisse	Neige	Slalom	Fart	Chaussure																						
509	Vignoble	medium	Vigne	Raisin	Cuvée	Terroir	Cave	Tonneau	Bouchon	Verre	Cru	Millésime																						
510	Journalisme	medium	Article	Presse	Source	Scoop	Édito	Papier	Encre	Titre	Page	Reportage																						
511	Démographe	hard	Population	Âge	Naissance	Décès	Flux	Étude	Taux	Recensement	Statistique	Ville																						
512	Chimiste	hard	Molécule	Réaction	Liaison	Corps	Atome	Gaz	Liquide	Dosage	Fusion	Élément																						
513	Biologiste	hard	Vie	Cellule	ADN	Organe	Espèce	Milieu	Étude	Gène	Évolution	Corps																						
514	Biochimiste	hard	Molécule	Vie	Enzyme	Protéine	Sucre	Lipide	Acide	Réaction	Cellule	Énergie																						
515	Taxonomiste	hard	Nom	Classement	Espèce	Genre	Famille	Ordre	Clé	Caractère	Règne	Étude																						
516	Onomasticien	hard	Nom	Prénom	Racine	Étude	Sens	Origine	Lieux	Langue	Lexique	Forme																						
517	Paléographe	hard	Écriture	Texte	Main	Copiste	Parchemin	Encre	Lettre	Forme	Archive	Script																						
518	Numismate	hard	Pièce	Métal	Avers	Revers	Tranche	Valeur	Frappe	Collection	Médaille	Or																						
519	Hagiographe	hard	Saint	Vie	Texte	Récit	Miracles	Culte	Relique	Martyre	Foi	Légende																						
520	Herpétologue	hard	Reptile	Écaille	Mue	Venin	Œuf	Sang froid	Lézard	Serpent	Tortue	Étude																						
521	Spéléologue	hard	Grotte	Gouffre	Paroi	Lampe	Rappel	Roche	Étude	Boyau	Réseau	Karst																						
522	Sismologue	hard	Séisme	Faille	Onde	Relevé	Plaque	Choc	Chute	Épicentre	Magnitude	Alerte																						
523	Volcanologue	hard	Lave	Cendre	Cône	Magma	Cratère	Éruption	Gaz	Fumerolle	Étude	Roche																						
524	Glaciologue	hard	Glace	Glacier	Froid	Neige	Carotte	Calotte	Écoulement	Moraine	Étude	Gel																						
525	Hydrologue	hard	Eau	Cycle	Rivière	Lac	Nappe	Débit	Pluie	Bassin	Étude	Ressource																						
526	Édaphologue	hard	Sol	Plante	Vie	Racine	Nutriment	Étude	Milieu	Terre	Humus	Cycle																						
527	Agrologue	hard	Terre	Culture	Champ	Sol	Fertilité	Étude	Engrais	Rendement	Ferme	Labour																						
528	Horticulteur	hard	Fleur	Plante	Jardin	Serre	Culture	Vente	Taille	Plant	Graines	Bouture																						
529	Paysagiste	hard	Jardin	Plan	Espace	Arbre	Fleur	Allée	Projet	Dessin	Nature	Aménagement																						
530	Urbanisme	hard	Ville	Plan	Zone	Quartier	Rue	Habitat	Projet	Densité	Espace	Voirie																						
531	Politologue	hard	Politique	État	Pouvoir	Vote	Parti	Élection	Étude	Régime	Idéologie	Opinion																						
532	Économiste	hard	Marché	Prix	Offre	Demande	Valeur	Profit	Flux	Crise	Modèle	Étude																						
533	Rhétorique	hard	Style	Figure	Ironie	Éloge	Thèse	Débat	Orateur	Plaidoyer	Preuve	Verbe																						
534	Statique	hard	Poids	Appui	Poutre	Masse	Équilibre	Force	Étayage	Sol	Charge	Arc																						
535	Sémantique	hard	Sens	Signe	Concept	Image	Valeur	Contexte	Notion	Champ	Mot	Logos																						
536	Optique-Q	hard	Photon	Laser	Quantum	Spin	Onde	État	Atome	Noyau	Flux	Champ																						
537	Phonétique	hard	Son	Voyelle	Accent	Intonation	Rythme	Flux	Souffle	Voix	Timbre	Glotte																						
538	Ontologie	hard	Être	Étant	Sujet	Objet	Essence	Nature	Réel	Pensée	Cause	Fin																						
539	Stratigraphie	hard	Couche	Sol	Sédiment	Roche	Fossile	Ère	Coupe	Relief	Temps	Dépôt																						
540	Typographie	hard	Police	Corps	Graisse	Jambage	Œil	Empattement	Italique	Romain	Crénage	Plomb																						
541	Épistémologie	hard	Science	Savoir	Méthode	Vérité	Modèle	Loi	Preuve	Théorie	Objet	Pensée																						
542	Théologie	hard	Dieu	Foi	Dogme	Texte	Sacré	Grace	Salut	Culte	Rite	Étude																						
543	Onomatopée	hard	Bruit	Cri	Mot	Son	Écrit	Image	Phylactère	Rythme	Sens	Langage																						
544	Sphragistique	hard	Sceau	Cire	Empreinte	Moule	Matrice	Acte	Signe	Identité	Moyen Âge	Garde																						
545	Glyptique	hard	Pierre	Gravure	Sceau	Gemme	Intaille	Camée	Relief	Art	Bijou	Outil																						
546	Automatique	hard	Capteur	Signal	Boucle	Commande	Asservissement	Entrée	Sortie	Temps	Régulation	État																						
547	Métallurgie	hard	Alliage	Fonte	Acier	Fer	Cuisson	Trempe	Moule	Minerai	Four	Forge																						
548	Minéralogie	hard	Cristal	Roche	Éclat	Dureté	Clivage	Quartz	Forme	Système	Minéral	Atome																						
549	Toxicologie	hard	Poison	Dose	Effet	Analyse	Produit	Relevé	Risque	Santé	Cause	Étude																						
550	Virologie	hard	Virus	Hôte	Cellule	ARN	ADN	Infection	Souche	Vaccin	Mutation	Cycle																						
551	Zootechnie	hard	Élevage	Race	Santé	Soin	Aliment	Produit	Sélection	Ferme	Lait	Viande																						
552	Hydrodynamie	hard	Flux	Eau	Fluide	Vitesse	Pression	Onde	Sillage	Force	Turbine	Remous																						
553	Pyrotechnie	hard	Feu	Poudre	Mèche	Couleur	Fusée	Charge	Effet	Bruit	Ciel	Spectacle																						
554	Pizzeria	easy	Four	Pâte	Tomate	Fromage	Olive	Farine	Pizza	Carton	Huile	Basilic																						
555	Cordonnier	easy	Cuir	Semelle	Talon	Colle	Lacet	Soulier	Botte	Outil	Cirage	Réparer																						
556	Pressing	easy	Linge	Vapeur	Fer	Propre	Cintre	Tache	Nettoyage	Plis	Chemise	Housse																						
557	Parc de Jeux	easy	Banc	Allée	Pelouse	Arbre	Toboggan	Enfant	Fleur	Statue	Fontaine	Calme																						
558	Boucherie	easy	Viande	Couteau	Étals	Jambon	Gigot	Poulet	Steak	Boucher	Hachis	Persillé																						
559	Poissonnerie	easy	Glace	Écaille	Filet	Crevette	Moule	Huître	Thon	Frais	Étals	Cabillaud																						
560	Verger	easy	Arbre	Pomme	Poire	Prune	Récolte	Panier	Échelle	Branche	Jus	Fruit																						
561	Randonnée	easy	Sac	Sentier	Marche	Bâton	Gourde	Nature	Chaussures	Montagne	Carte	Forêt																						
562	Gymnastique	easy	Sol	Saut	Souplesse	Cerceau	Ballon	Justaucorps	Barre	Rythme	Engin	Équilibre																						
563	Karaté	easy	Kimono	Ceinture	Pied	Poing	Combat	Salut	Cri	Tatami	Maître	Grade																						
564	Boxe	easy	Gant	Ring	Round	Coup	Casque	Corde	Esquive	Arbitre	Direct	Crochet																						
565	Poterie	easy	Terre	Argile	Tour	Four	Vase	Bol	Émail	Mains	Atelier	Cuisson																						
566	Scrapbooking	easy	Papier	Colle	Photo	Album	Ciseaux	Décor	Ruban	Souvenir	Image	Page																						
567	Potager	easy	Terre	Graine	Arrosage	Binette	Récolte	Engrais	Plant	Sillon	Légume	Soleil																						
568	Glacier	easy	Cône	Boule	Vanille	Parfum	Frais	Cornet	Sucre	Sorbet	Italienne	Bac																						
569	Gendarme	easy	Loi	Route	Uniforme	Radar	Amende	Sifflet	Casquette	Ordre	Patrouille	Respect																						
570	Plombier	easy	Tuyau	Fuite	Joint	Évier	Outil	Soudure	Pompe	Robinet	Cuivre	Dépanneur																						
571	Facteur	easy	Lettre	Sac	Courrier	Timbre	Tournée	Boîte	Colis	Vélo	Adresse	Enveloppe																						
572	Magie	easy	Tours	Carte	Lapin	Chapeau	Baguette	Secret	Illusion	Spectacle	Cape	Foulard																						
573	Bowling	easy	Quille	Balle	Piste	Score	Trou	Lancer	Strike	Spare	Chaussures	Signal																						
574	Fête Foraine	easy	Manège	Stand	Lot	Peluche	Ticket	Sucre	Grande roue	Musique	Foule	Joie																						
575	Chantier	easy	Casque	Grue	Brique	Béton	Sable	Marteau	Ouvrier	Engin	Mur	Pelle																						
576	Vétérinaire	medium	Animal	Soin	Santé	Vaccin	Chien	Chat	Clinique	Examen	Piqûre	Docteur																						
577	Serrurier	medium	Clé	Serrure	Cylindre	Verrou	Porte	Crochet	Métal	Panneton	Came	Entrée																						
578	Aquarelle	medium	Eau	Pigment	Papier	Pinceau	Lavis	Palette	Grain	Humide	Couleur	Nuance																						
579	Podcast	medium	Micro	Écoute	Voix	Épisode	Diffusion	Casque	Montage	Studio	Thème	Interview																						
580	Réalité Virtuelle	medium	Casque	Immersion	Capteur	Image	Vision	Manette	Monde	Simulation	3D	Virtuel																						
581	Scaphandrier	medium	Eau	Casque	Mer	Plongée	Profond	Tuyau	Fond	Travaux	Pression	Lest																						
582	Maréchal-ferrand	medium	Cheval	Sabot	Fer	Feu	Forge	Enclume	Marteau	Corne	Clou	Forgeage																						
583	Herboriste	medium	Plante	Fleur	Racine	Tisane	Séchage	Vertu	Soin	Nature	Infusion	Mélange																						
584	Taxidermiste	medium	Peau	Forme	Animal	Montage	Outil	Regard	Nature	Musée	Corps	Travail																						
585	Vannier	medium	Osier	Panier	Brin	Tressage	Saule	Fond	Anse	Corbeille	Rotin	Flexible																						
586	Vitrier	medium	Verre	Vitre	Coupe	Cadre	Mastic	Joint	Châssis	Pose	Miroir	Transparent																						
587	Tapissier	medium	Siège	Tissu	Ressort	Clou	Sangler	Crin	Fauteuil	Décor	Atelier	Garnissage																						
588	Graphiste	medium	Image	Couleur	Logo	Dessin	Mise en page	Typographie	Tracé	Écran	Vecteur	Calque																						
589	Radiologue	medium	Rayon	Image	Os	Cliché	Examen	Plaque	Diagnostic	Santé	Scanner	Organe																						
590	Géomètre	medium	Mesure	Terrain	Borne	Plan	Niveau	Tracé	Limite	Laser	Viseur	Cadastre																						
591	Ingénieur	medium	Calcul	Projet	Machine	Étude	Plan	Système	Technique	Analyse	Essai	Solution																						
592	Sommelier	medium	Vin	Cave	Verre	Arôme	Carafe	Cépage	Carte	Dégustation	Nez	Tanin																						
593	Opticien	medium	Lunettes	Vue	Verre	Monture	Vision	Correction	Lentille	Yeux	Mesure	Branche																						
594	Bibliothéque	medium	Livre	Classement	Index	Rayon	Emprunt	Culture	Lecteur	Fonds	Catalogue	Retour																						
595	Conservateur	medium	Musée	Œuvre	Art	Histoire	Étude	Collection	Vitrine	Expo	Valeur	Inventaire																						
596	Navigateur	medium	Bateau	Voile	Mer	Vent	Cap	Boussole	Carte	Vague	Port	Équipage																						
597	Luthier	medium	Violon	Guitare	Bois	Manche	Corde	Chevalet	Vernis	Atelier	Lutherie	Son																						
598	Forgeron	medium	Enclume	Marteau	Feu	Fer	Forge	Acier	Trempe	Charbon	Pinces	Métal																						
599	Doreur	medium	Or	Feuille	Cadre	Bois	Apprêt	Lustre	Pinceau	Assiette	Vernis	Atelier																						
600	Parfumeur	medium	Odeur	Flacon	Essence	Senteur	Nez	Arôme	Musc	Vaporiser	Fragrance	Sillage																						
601	Relieur	medium	Livre	Papier	Colle	Cuir	Tranche	Couture	Presse	Reliure	Dorure	Garde																						
602	Tailleur	medium	Pierre	Ciseau	Masse	Burin	Mur	Granit	Marbre	Équerre	Tracé	Épure																						
603	Sculpteur	medium	Pierre	Marbre	Burin	Maillet	Argile	Plâtre	Bronze	Statue	Modèle	Forme																						
604	Aéronaute	medium	Ballon	Gaz	Vent	Nacelle	Vol	Brûleur	Ciel	Altitude	Lest	Voyage																						
605	Astronaute	medium	Fusée	Casque	Lune	Espace	Station	Navette	Combi	Étoile	Vol	Orbite																						
606	Paléontologue	medium	Fossile	Os	Dinosaure	Terre	Fouille	Temps	Pierre	Roche	Squelette	Étude																						
607	Sismologue	hard	Séisme	Faille	Onde	Relevé	Plaque	Choc	Chute	Épicentre	Magnitude	Alerte																						
608	Volcanologue	hard	Lave	Cendre	Cône	Magma	Cratère	Éruption	Gaz	Fumerolle	Étude	Roche																						
609	Glaciologue	hard	Glace	Glacier	Froid	Neige	Carotte	Calotte	Écoulement	Moraine	Étude	Gel																						
610	Hydrologue	hard	Eau	Cycle	Rivière	Lac	Nappe	Débit	Pluie	Bassin	Étude	Ressource																						
611	Climatologue	hard	Climat	Temps	Zone	Cycle	Gaz	Chaleur	Étude	Évolution	Modèle	Terre																						
612	Sémiologue	hard	Signe	Sens	Image	Code	Mythe	Récit	Valeur	Système	Message	Notion																						
613	Toponymiste	hard	Lieu	Nom	Carte	Espace	Racine	Sens	Étude	Ville	Pays	Relief																						
614	Hagiographe	hard	Saint	Vie	Texte	Récit	Miracles	Culte	Relique	Martyre	Foi	Légende																						
615	Mythologie	hard	Dieu	Mythe	Héros	Récit	Légende	Olympe	Culte	Rite	Symbole	Créature																						
616	Anthropologie	hard	Homme	Culture	Groupe	Rite	Mythe	Parenté	Étude	Société	Langue	Évolution																						
617	Ethnologie	hard	Peuple	Culture	Rite	Tradition	Coutume	Groupe	Terrain	Mythe	Parole	Étude																						
618	Sociologie	hard	Société	Groupe	Individu	Norme	Action	Enquête	Étude	Fait	Classe	Lien																						
619	Politologue	hard	Politique	État	Pouvoir	Vote	Parti	Élection	Étude	Régime	Idéologie	Opinion																						
620	Génétique	hard	ADN	Gène	Allèle	Noyau	Code	Mitose	Clonage	Génome	Base	ARN																						
621	Sémantique	hard	Sens	Signe	Concept	Image	Valeur	Contexte	Notion	Champ	Mot	Logos																						
622	Optique-Q	hard	Photon	Laser	Quantum	Spin	Onde	État	Atome	Noyau	Flux	Champ																						
623	Thermodynamique	hard	Chaleur	Énergie	Entropie	Cycle	Gaz	Pression	Travail	Flux	Moteur	Système																						
624	Phonétique	hard	Son	Voyelle	Accent	Intonation	Rythme	Flux	Souffle	Voix	Timbre	Glotte																						
625	Ontologie	hard	Être	Étant	Sujet	Objet	Essence	Nature	Réel	Pensée	Cause	Fin																						
626	Typographie	hard	Police	Corps	Graisse	Jambage	Œil	Empattement	Italique	Romain	Crénage	Plomb																						
627	Épistémologie	hard	Science	Savoir	Méthode	Vérité	Modèle	Loi	Preuve	Théorie	Objet	Pensée																						
628	Onomatopée	hard	Bruit	Cri	Mot	Son	Écrit	Image	Phylactère	Rythme	Sens	Langage																						
629	Sphragistique	hard	Sceau	Cire	Empreinte	Moule	Matrice	Acte	Signe	Identité	Moyen Âge	Garde																						
630	Glyptique	hard	Pierre	Gravure	Sceau	Gemme	Intaille	Camée	Relief	Art	Bijou	Outil																						
631	Automatique	hard	Capteur	Signal	Boucle	Commande	Asservissement	Entrée	Sortie	Temps	Régulation	État																						
632	Métallurgie	hard	Alliage	Fonte	Acier	Fer	Cuisson	Trempe	Moule	Minerai	Four	Forge																						
633	Minéralogie	hard	Cristal	Roche	Éclat	Dureté	Clivage	Quartz	Forme	Système	Minéral	Atome																						
634	Toxicologie	hard	Poison	Dose	Effet	Analyse	Produit	Relevé	Risque	Santé	Cause	Étude																						
635	Virologie	hard	Virus	Hôte	Cellule	ARN	ADN	Infection	Souche	Vaccin	Mutation	Cycle																						
636	Zootechnie	hard	Élevage	Race	Santé	Soin	Aliment	Produit	Sélection	Ferme	Lait	Viande																						
637	Hydrodynamie	hard	Flux	Eau	Fluide	Vitesse	Pression	Onde	Sillage	Force	Turbine	Remous																						
638	Pyrotechnie	hard	Feu	Poudre	Mèche	Couleur	Fusée	Charge	Effet	Bruit	Ciel	Spectacle																						
639	Cosmologie	hard	Univers	Origine	Temps	Vide	Énergie	Masse	Galaxie	Modèle	Big Bang	Espace																						
640	Pétrographie	hard	Roche	Coupe	Cristal	Grain	Texture	Étude	Minéral	Sol	Magma	Sédiment																						
641	Acoustique	hard	Son	Onde	Bruit	Écho	Fréquence	Signal	Niveau	Vitesse	Timbre	Milieu																						
642	Pâtisserie	easy	Sucre	Farine	Œuf	Crème	Chocolat	Moule	Fouet	Four	Gâteau	Décor																						
643	Opticien	easy	Verre	Vue	Monture	Œil	Vision	Lunettes	Lecture	Lentille	Branche	Étui																						
644	Laverie	easy	Linge	Tambour	Lessive	Propre	Sale	Hublot	Chaleur	Séchage	Pliage	Vapeur																						
645	Kermesse	easy	Jeu	Stand	Lot	Enfant	Fête	Pêche	Ballons	Gagnant	Ticket	Musique																						
646	Baignoire	easy	Eau	Savon	Mousse	Bulles	Chaud	Détente	Canard	Éponge	Robinet	Sortie																						
647	Glacier	easy	Cône	Boule	Vanille	Parfum	Frais	Cornet	Sucre	Sorbet	Italienne	Bac																						
648	Boulanger	easy	Pain	Farine	Four	Levure	Pétrir	Croûte	Baguette	Mie	Chaud	Façonnage																						
649	Potager	easy	Terre	Graine	Arrosage	Binette	Récolte	Engrais	Plant	Sillon	Légume	Soleil																						
650	Héliport	medium	Hélicoptère	Pale	Piste	Pilote	Vol	Casque	Radar	Rotor	Décollage	Atterrissage																						
651	Escrime	medium	Épée	Fleuret	Sabre	Masque	Piste	Touche	Garde	Assaut	Arbitre	Plastron																						
652	Yoga	medium	Posture	Souffle	Calme	Tapis	Détente	Esprit	Équilibre	Lotus	Flexibilité	Mantra																						
653	Podcast	medium	Micro	Écoute	Voix	Épisode	Diffusion	Casque	Montage	Studio	Thème	Interview																						
654	Serrurier	medium	Clé	Serrure	Cylindre	Verrou	Porte	Crochet	Métal	Panneton	Came	Entrée																						
655	Skateboard	medium	Planche	Roue	Truck	Rampe	Saut	Équilibre	Bitume	Figure	Casque	Slide																						
656	Imprimerie	medium	Encre	Presse	Relieur	Trame	Offset	Cliché	Police	Format	Papier	Tirage																						
657	Hôtellerie	medium	Chambre	Étage	Lobby	Groom	Suite	Client	Accueil	Lit	Service	Clé																						
658	Archerie	medium	Arc	Flèche	Cible	Corde	Carquois	Plume	Tir	Viseur	Encoche	Empennage																						
659	Joaillier	medium	Or	Diamant	Gemme	Bague	Collier	Sertissage	Pierre	Écrin	Bijou	Monture																						
660	Vannier	medium	Osier	Panier	Brin	Tressage	Saule	Fond	Anse	Corbeille	Rotin	Flexible																						
661	Tapissier	medium	Siège	Tissu	Ressort	Clou	Sangler	Crin	Fauteuil	Décor	Atelier	Garnissage																						
662	Philatéliste	hard	Timbre	Poste	Bloc	Tirage	Papier	Dentelure	Oblitération	Enveloppe	Valeur	Collection																						
663	Hagiographe	hard	Saint	Vie	Texte	Récit	Miracles	Culte	Relique	Martyre	Foi	Légende																						
664	Ichtyologue	hard	Poisson	Écaille	Eau	Nageoire	Branchie	Mer	Rivière	Espèce	Étude	Faune																						
665	Volcanologue	hard	Lave	Cendre	Cône	Magma	Cratère	Éruption	Gaz	Fumerolle	Étude	Roche																						
666	Hydrologue	hard	Eau	Cycle	Rivière	Lac	Nappe	Débit	Pluie	Bassin	Étude	Ressource																						
667	Édaphologue	hard	Sol	Plante	Vie	Racine	Nutriment	Étude	Milieu	Terre	Humus	Cycle																						
668	Horticulteur	hard	Fleur	Plante	Jardin	Serre	Culture	Vente	Taille	Plant	Graines	Bouture																						
669	Architecte-P	hard	Patrimoine	Ancien	Pierre	Histoire	Étude	Monument	Chantier	Tracé	Devis	Façade																						
670	Politologue	hard	Politique	État	Pouvoir	Vote	Parti	Élection	Étude	Régime	Idéologie	Opinion																						
671	Onomatopée	hard	Bruit	Cri	Mot	Son	Écrit	Image	Phylactère	Rythme	Sens	Langage																						
672	Sphragistique	hard	Sceau	Cire	Empreinte	Moule	Matrice	Acte	Signe	Identité	Moyen Âge	Garde																						
673	Automatique	hard	Capteur	Signal	Boucle	Commande	Asservissement	Entrée	Sortie	Temps	Régulation	État																						
674	Métallurgie	hard	Alliage	Fonte	Acier	Fer	Cuisson	Trempe	Moule	Minerai	Four	Forge																						
675	Minéralogie	hard	Cristal	Roche	Éclat	Dureté	Clivage	Quartz	Forme	Système	Minéral	Atome																						
676	Pétrographie	hard	Roche	Coupe	Cristal	Grain	Texture	Étude	Minéral	Sol	Magma	Sédiment																						
677	Acoustique	hard	Son	Onde	Bruit	Écho	Fréquence	Signal	Niveau	Vitesse	Timbre	Milieu																						
678	Zymologie	hard	Ferment	Levure	Bière	Pain	Enzyme	Sucre	Alcool	Cuve	Étude	Réaction																						
679	Thalassocratie	hard	Mer	Pouvoir	État	Flotte	Marine	Empire	Commerce	Port	Île	Navire																						
680	Héraldique	hard	Blason	Écu	Émail	Armes	Lion	Fleur	Devis	Titre	Sceau	Famille																						
681	Vénérologie	hard	Santé	Peau	Maladie	Virus	Soin	Examen	Sang	Docteur	Étude	Risque																						
682	Uchronie	hard	Temps	Histoire	Récit	Fiction	Passé	Divergent	Si	Auteur	Monde	Tracé																						
683	Calligraphie	hard	Encre	Plume	Papier	Trait	Lettre	Art	Geste	Beau	Forme	Tracé																						
684	Dactylologie	hard	Signe	Main	Doigt	Alphabet	Sourd	Geste	Lettre	Parole	Sens	Communiquer																						
685	Viticuclture	medium	Vigne	Raisin	Terre	Pied	Taille	Récolte	Vin	Jus	Soleil	Travail																						
686	Vannier	easy	Brin	Osier	Panier	Tresser	Fond	Saule	Anse	Corbeille	Rotin	Outil																						
687	Céramiste	medium	Argile	Tour	Four	Email	Poterie	Vase	Façonnage	Cuisson	Terre	Modelage																						
688	Verrier	hard	Verre	Feu	Canne	Souffler	Four	Cristal	Forme	Couleur	Sable	Atelier																						
689	Zellige	hard	Argile	Email	Carreaux	Motif	Couleur	Taille	Mur	Palais	Art	Géométrie																						
690	Mosaïque	hard	Pierre	Verre	Pose	Motif	Ciment	Joint	Couleur	Art	Décor	Support																						
691	Lithographie	hard	Pierre	Encre	Presse	Tracé	Papier	Tirage	Art	Grain	Image	Rouleau																						
692	Sérigraphie	hard	Encre	Cadre	Tissu	Écran	Passage	Couleur	Racloir	Support	Film	Atelier																						
693	Héliogravure	hard	Plaque	Encre	Presse	Cuivre	Trame	Image	Tirage	Papier	Relief	Gravure																						
694	Oenologie	hard	Vin	Arôme	Cépage	Chai	Cuve	Robe	Nez	Bouche	Tanin	Millésime																						
695	Gastronomie	medium	Cuisine	Goût	Chef	Recette	Plat	Saveur	Menu	Restaurant	Produit	Table																						
696	Pâtisserie	easy	Sucre	Œuf	Crème	Beurre	Moule	Fouet	Gâteau	Décor	Tartes	Chocolat																						
697	Charcuterie	medium	Porc	Sel	Boyau	Jambon	Saucisse	Terrine	Fumé	Séchage	Hachis	Viande																						
698	Fromagerie	medium	Lait	Caillé	Moule	Cave	Affinage	Croûte	Brebis	Chèvre	Pâte	Sel																						
699	Confiserie	medium	Sucre	Sirop	Arôme	Bonbon	Cuisson	Moule	Fruit	Miel	Gomme	Couleur																						
700	Chocolaterie	medium	Cacao	Beurre	Sucre	Fève	Ganache	Enrobage	Plaque	Noir	Lait	Praliné																						
701	Torréfaction	medium	Café	Grain	Feu	Arôme	Vert	Noir	Machine	Tasse	Brûleur	Odeur																						
702	Distillerie	hard	Alcool	Alambic	Vapeur	Cuivre	Fruit	Grain	Fermenter	Chai	Eau-de-vie	Cœur																						
703	Brassage	medium	Bière	Houblon	Malt	Orge	Eau	Levure	Cuve	Fermenter	Mousse	Verre																						
704	Cidrerie	medium	Pomme	Jus	Presse	Cuve	Fermenter	Bulles	Verre	Doux	Brut	Verger																						
705	Apiculture	medium	Abeille	Ruche	Miel	Cire	Reine	Fumoir	Alvéole	Pollen	Essaim	Miellat																						
706	Aquaculture	hard	Poisson	Bassin	Eau	Elevage	Algue	Filet	Nourriture	Frais	Espèce	Cycle																						
707	Aviculture	medium	Poule	Œuf	Plume	Grain	Poulailler	Elevage	Race	Nid	Crête	Ferme																						
708	Cuniculture	medium	Lapin	Clapier	Carotte	Elevage	Peau	Oreille	Herbe	Race	Petit	Ferme																						
709	Ovicuclture	medium	Mouton	Laine	Agneau	Herbe	Berger	Troupeau	Tonte	Lait	Fromage	Ferme																						
710	Boviculture	medium	Vache	Lait	Veau	Herbe	Étable	Cornes	Race	Traite	Viande	Ferme																						
711	Porciculture	medium	Cochon	Groin	Queue	Porcelet	Lisier	Elevage	Viande	Ferme	Truie	Gland																						
712	Equiculture	medium	Cheval	Poulain	Selle	Box	Herbe	Galop	Trot	Race	Crinière	Écurie																						
713	Sériciculture	hard	Soie	Ver	Cocon	Mûrier	Fil	Chenille	Tissage	Textile	Elevage	Nature																						
714	Ostréiculture	hard	Huître	Mer	Parc	Poche	Marée	Coquille	Perle	Naissain	Claire	Iodé																						
715	Mytiliculture	hard	Moule	Mer	Bouchot	Cordage	Marée Coquille	Filet	Eau	Iodé	Récolte																							
716	Conchyliculture	hard	Coquillage	Mer	Elevage	Parc	Marée	Huître	Moule	Coque	Iodé	Eau																						
717	Pisciculture	hard	Poisson	Eau	Bassin	Elevage	Filet	Œuf	Alevin	Rivière	Lac	Espèce																						
718	Foresterie	hard	Forêt	Arbre	Bois	Coupe	Essence	Plant	Gestion	Taille	Chêne	Pin																						
719	Arboriculture	medium	Arbre	Fruit	Taille	Greffe	Verger	Pomme	Poire	Branche	Récolte	Sève																						
720	Viticulture	medium	Vigne	Raisin	Pied	Terroir	Taille	Vendange	Vin	Chai	Tonneau	Soleil																						
721	Floriculture	medium	Fleur	Serre	Terre	Pot	Bouture	Plant	Vente	Bouquet	Arrosage	Couleur																						
722	Maraîchage	medium	Légume	Terre	Serre	Salade	Tomate	Semis	Binette	Arrosage	Vente	Saison																						
723	Céréaliculture	medium	Blé	Maïs	Orge	Champ	Moisson	Silo	Grain	Farine	Paille	Tracteur																						
724	Oléiculture	medium	Olive	Arbre	Huile	Presse	Moulin	Branche	Vert	Noir	Méditerranée	Récolte																						
725	Apiculture	medium	Abeille	Ruche	Miel	Cire	Reine	Fumoir	Alvéole	Pollen	Essaim	Miellat																						
726	Myculture	hard	Champignon	Spore	Pied	Chapeau	Lamelle	Hyphe	Mycélium	Toxique	Forêt	Cueillette																						
727	Hydroponie	hard	Eau	Plante	Racine	Nutriment	Serre	Culture	Flux	Pompe	Substrat	Lumière																						
728	Permaculture	hard	Nature	Sol	Design	Cycle	Jardin	Éthique	Eau	Paillage	Vivant	Équilibre																						
729	Sylviculture	hard	Forêt	Arbre	Bois	Coupe	Essence	Plant	Gestion	Taille	Chêne	Sapin																						
730	Agroforesterie	hard	Arbre	Champ	Culture	Sol	Équilibre	Haie	Ombre	Racine	Nature	Système																						
731	Agronomie	hard	Science	Terre	Culture	Sol	Rendement	Étude	Engrais	Plante	Ferme	Labour																						
732	Zootechnie	hard	Élevage	Race	Santé	Soin	Aliment	Produit	Sélection	Ferme	Lait	Viande																						
733	Phytologie	hard	Plante	Fleur	Racine	Graine	Sève	Tige	Feuille	Cellule	Étude	Nature																						
734	Entomologie	hard	Insecte	Larve	Vol	Patte	Antenne	Espèce	Étude	Milieu	Mue	Nature																						
735	Malacologie	hard	Mollusque	Coquille	Mer	Huître	Escargot	Étude	Faune	Test	Valve	Chair																						
736	Mammalogie	hard	Mammifère	Poil	Lait	Sang chaud	Espèce	Petit	Faune	Étude	Habitat	Nature																						
737	Ethologie	hard	Animal	Instinct	Groupe	Signal	Rite	Étude	Social	Cri	Mœurs	Comportement																						
738	Ecologie	hard	Milieu	Nature	Vie	Espèce	Équilibre	Chaîne	Habitat	Flux	Risque	Protection																						
739	Héraldique	hard	Blason	Écu	Émail	Armes	Lion	Fleur	Devis	Titre	Sceau	Famille																						
740	Bibliophilie	hard	Livre	Vieux	Rare	Reliure	Papier	Edition	Texte	Objet	Valeur	Collection																						
741	Cartophilie	hard	Carte	Postale	Image	Timbre	Voyage	Lieu	Texte	Vieux	Papier	Collection																						
742	Glyptique	hard	Pierre	Gravure	Sceau	Gemme	Intaille	Camée	Relief	Art	Bijou	Outil																						
743	Sigillographie	hard	Sceau	Cire	Empreinte	Moule	Matrice	Acte	Signe	Identité	Moyen Âge	Garde																						
744	Epigraphie	hard	Pierre	Texte	Gravure	Inscription	Antique	Stèle	Monument	Lettre	Étude	Tracé																						
745	Psychologie	hard	Esprit	Pensée	Sentiment	Moi	Soin	Analyse	Santé	Rêve	Sujet	Étude																						
746	Philosophie	hard	Sagesse	Idée	Pensée	Raison	Être	Monde	Morale	Sujet	Thèse	Sens																						
747	Théologie	hard	Dieu	Foi	Dogme	Texte	Sacré	Grace	Salut	Culte	Rite	Étude																						
748	Mythologie	hard	Dieu	Mythe	Héros	Récit	Légende	Olympe	Culte	Rite	Symbole	Créature																						
749	Histoire	hard	Passé	Temps	Récit	Fait	Trace	Siècle	Guerre	Paix	État	Date																						
750	Politique	hard	État	Pouvoir	Loi	Vote	Parti	Élection	Étude	Régime	Idéologie	Gouverner																						
751	Droit	hard	Loi	Juge	Code	Règle	Procès	Peine	Justice	Acte	Droits	État																						
752	Linguistique	hard	Langue	Mot	Sens	Signe	Son	Grammaire	Lexique	Parole	Texte	Étude																						
753	Logique	hard	Raison	Preuve	Calcul	Règle	Thèse	Axiome	Forme	Vrai	Faux	Logique																						
754	Mathématique	hard	Nombre	Figure	Calcul	Preuve	Théorème	Algèbre	Géométrie	Équation	Espace	Inconnue																						
755	Physique	hard	Matière	Énergie	Force	Masse	Temps	Espace	Loi	Atome	Rayon	Étude																						
756	Géologie	hard	Terre	Roche	Volcan	Séisme	Temps	Couche	Cristal	Relief	Érosion	Sol																						
757	Astronomie	hard	Ciel	Étoile	Planète	Galaxie	Univers	Vide	Temps	Lumière	Télescope	Astre																						
758	Médecine	hard	Corps	Santé	Soin	Maladie	Organe	Docteur	Hôpital	Examen	Vie	Mort																						
759	Yoga	image,medium	c_yoga_g79.png	c_yoga_g540.png	c_yoga_g493.png	c_yoga_g415.png	c_yoga_g377.png	c_yoga_g335.png	c_yoga_g250.png	c_yoga_g168.png																								
760	Vigneron	image,medium	c_winemaker_g929.png	c_winemaker_g836.png	c_winemaker_g797.png	c_winemaker_g733.png	c_winemaker_g690.png	c_winemaker_g603.png	c_winemaker_g549.png	c_winemaker_g511.png	c_winemaker_g373.png	c_winemaker_g346.png	c_winemaker_g273.png	c_winemaker_g195.png																				
761	Volcanologue	image,hard	c_volcanology_g1149.png	c_volcanology_g1148.png	c_volcanology_g1147.png	c_volcanology_g1146.png	c_volcanology_g1145.png	c_volcanology_g1144.png	c_volcanology_g1143.png	c_volcanology_g842.png	c_volcanology_g710.png	c_volcanology_g569.png																						
762	Tapissier	image,medium	c_upholsterer_g940.png	c_upholsterer_g905.png	c_upholsterer_g874.png	c_upholsterer_g748.png	c_upholsterer_g630.png	c_upholsterer_g550.png	c_upholsterer_g416.png	c_upholsterer_g334.png	c_upholsterer_g245.png	c_upholsterer_g135.png																						
763	Sismologie	image,hard	c_seismology_g3957.png	c_seismology_g3704.png	c_seismology_g3305.png	c_seismology_g2897.png	c_seismology_g2196.png	c_seismology_g1704.png	c_seismology_g1294.png	c_seismology_g1096.png	c_seismology_g450.png	c_seismology_g394.png	c_seismology_g128.png																					
764	Poterie	image,medium	c_pottery_g517.png	c_pottery_g478.png	c_pottery_g423.png	c_pottery_g375.png	c_pottery_g312.png	c_pottery_g254.png	c_pottery_g172.png	c_pottery_g117.png	c_pottery_g85.png																							
765	Gendarme	image,easy	c_police_g720.png	c_police_g699.png	c_police_g672.png	c_police_g576.png	c_police_g456.png	c_police_g353.png	c_police_g185.png	c_police_g146.png	c_police_g127.png	c_police_g54.png																						
766	Plombier	image,easy	c_plumber_g693.png	c_plumber_g642.png	c_plumber_g604.png	c_plumber_g532.png	c_plumber_g460.png	c_plumber_g403.png	c_plumber_g348.png	c_plumber_g304.png	c_plumber_g227.png	c_plumber_g184.png	c_plumber_g91.png	c_plumber_g44.png																				
767	Photographe	image,easy	c_photography_g547.png	c_photography_g494.png	c_photography_g419.png	c_photography_g389.png	c_photography_g338.png	c_photography_g273.png	c_photography_g214.png	c_photography_g177.png	c_photography_g110.png	c_photography_g51.png																						
768	Opticien	image,easy	c_optician_g648.png	c_optician_g544.png	c_optician_g433.png	c_optician_g325.png	c_optician_g197.png	c_optician_g87.png																										
769	Laverie	image,easy	c_laundromat__x39_.png	c_laundromat__x37__1_.png	c_laundromat__x36_.png	c_laundromat__x35_.png	c_laundromat__x34_.png	c_laundromat__x33_.png	c_laundromat__x32_.png	c_laundromat__x31_6.png	c_laundromat__x31_5.png	c_laundromat__x31_4.png	c_laundromat__x31_3.png	c_laundromat__x31_2.png	c_laundromat__x31_1.png	c_laundromat__x31_0.png	c_laundromat__x31_.png																	
770	Glacier	image,easy	c_ice_cream_shop_g2983.png	c_ice_cream_shop_g2890.png	c_ice_cream_shop_g2598.png	c_ice_cream_shop_g2434.png	c_ice_cream_shop_g1959.png	c_ice_cream_shop_g1344.png	c_ice_cream_shop_g1199.png	c_ice_cream_shop_g983.png	c_ice_cream_shop_g829.png	c_ice_cream_shop_g499.png																						
771	Pompier	image,easy	c_firefighter_g1896.png	c_firefighter_g1773.png	c_firefighter_g864.png	c_firefighter_g800.png	c_firefighter_g619.png	c_firefighter_g467.png	c_firefighter_g367.png	c_firefighter_g302.png	c_firefighter_g229.png	c_firefighter_g145.png	c_firefighter_g67.png																					
772	Escrime	image,medium	c_fencing_g1767.png	c_fencing_g1644.png	c_fencing_g1544.png	c_fencing_g1485.png	c_fencing_g1373.png	c_fencing_g1318.png	c_fencing_g1199.png	c_fencing_g1071.png	c_fencing_g960.png	c_fencing_g827.png	c_fencing_g714.png	c_fencing_g595.png	c_fencing_g481.png	c_fencing_g362.png	c_fencing_g249.png	c_fencing_g123.png																
773	Kermesse	image,easy	c_fairground_g927.png	c_fairground_g850.png	c_fairground_g787.png	c_fairground_g706.png	c_fairground_g639.png	c_fairground_g560.png	c_fairground_g461.png	c_fairground_g1112.png	c_fairground_g1057.png	c_fairground_g1004.png	c_fairground_g378.png	c_fairground_g310.png	c_fairground_g258.png	c_fairground_g196.png	c_fairground_g122.png																	
774	Scaphandre	image,hard	c_diver_g710.png	c_diver_g709.png	c_diver_g708.png	c_diver_g707.png	c_diver_g706.png	c_diver_g705.png	c_diver_g704.png	c_diver_g295.png	c_diver_g215.png																							
775	Camping-car	image,easy	c_camper_van_g448.png	c_camper_van_g414.png	c_camper_van_g353.png	c_camper_van_g307.png	c_camper_van_g271.png	c_camper_van_g214.png	c_camper_van_g150.png	c_camper_van_g113.png	c_camper_van_g72.png	c_camper_van_g46.png																						
776	Chantier	image,easy	c_construction_g961.png	c_construction_g835.png	c_construction_g790.png	c_construction_g730.png	c_construction_g663.png	c_construction_g609.png	c_construction_g550.png	c_construction_g500.png	c_construction_g461.png	c_construction_g393.png	c_construction_g168.png	c_construction_g99.png	c_construction_g53.png																			
777	Boxe	image,easy	c_boxing_g431.png	c_boxing_g398.png	c_boxing_g364.png	c_boxing_g301.png	c_boxing_g257.png	c_boxing_g203.png	c_boxing_g177.png	c_boxing_g152.png	c_boxing_g106.png	c_boxing_g71.png	c_boxing_g34.png																					
778	Bowling	image,easy	c_bowling_g2199.png	c_bowling_g2198.png	c_bowling_g2197.png	c_bowling_g2196.png	c_bowling_g2195.png	c_bowling_g2194.png	c_bowling_g2193.png	c_bowling_g2192.png																								
779	Relieur	image,hard	c_bookbinding_g2068.png	c_bookbinding_g1996.png	c_bookbinding_g1950.png	c_bookbinding_g1796.png	c_bookbinding_g1755.png	c_bookbinding_g1548.png	c_bookbinding_g1489.png	c_bookbinding_g1439.png	c_bookbinding_g1288.png	c_bookbinding_g1138.png	c_bookbinding_g565.png	c_bookbinding_g296.png	c_bookbinding_g158.png																			
780	Forgeron	image,medium	c_blacksmith_g302.png	c_blacksmith_g271.png	c_blacksmith_g228.png	c_blacksmith_g187.png	c_blacksmith_g125.png	c_blacksmith_g68.png																										
781	Vannier	image,medium	c_basketry_g5564.png	c_basketry_g4994.png	c_basketry_g4903.png	c_basketry_g4721.png	c_basketry_g4561.png	c_basketry_g4218.png	c_basketry_g4155.png	c_basketry_g4085.png	c_basketry_g3790.png	c_basketry_g3601.png	c_basketry_g2934.png	c_basketry_g2515.png	c_basketry_g2210.png	c_basketry_g1958.png	c_basketry_g1827.png	c_basketry_g1625.png	c_basketry_g1263.png	c_basketry_g611.png	c_basketry_g248.png	c_basketry_g99.png												
782	Astronomie	image,medium	c_astronomy_g805.png	c_astronomy_g735.png	c_astronomy_g660.png	c_astronomy_g554.png	c_astronomy_g434.png	c_astronomy_g372.png	c_astronomy_g302.png	c_astronomy_g226.png	c_astronomy_g200.png	c_astronomy_g144.png	c_astronomy_g111.png	c_astronomy_g57.png	c_astronomy_g23.png																			
783	Archerie	image,medium	c_archery_g917.png	c_archery_g584.png	c_archery_g569.png	c_archery_g498.png	c_archery_g422.png	c_archery_g400.png	c_archery_g334.png	c_archery_g265.png	c_archery_g250.png	c_archery_g244.png	c_archery_g221.png	c_archery_g204.png	c_archery_g174.png	c_archery_g13.png																		
784	Aquarium	image,easy	c_aquarium_g9109.png	c_aquarium_g9024.png	c_aquarium_g5237.png	c_aquarium_g2998.png	c_aquarium_g2147.png	c_aquarium_g2133.png	c_aquarium_g1115.png	c_aquarium_g812.png	c_aquarium_g808.png	c_aquarium_g803.png	c_aquarium_g720.png	c_aquarium_g682.png	c_aquarium_g635.png																			
785	Billard	image,easy	c_billiard_g239.png	c_billiard_g226.png	c_billiard_g220.png	c_billiard_g214.png	c_billiard_g194.png	c_billiard_g184.png	c_billiard_g115.png	c_billiard_g102.png	c_billiard_g90.png	c_billiard_g88.png	c_billiard_g76.png	c_billiard_g45.png																				
786	Boulangerie	image,easy	c_bakery_g755.png	c_bakery_g685.png	c_bakery_g607.png	c_bakery_g519.png	c_bakery_g500.png	c_bakery_g492.png	c_bakery_g472.png	c_bakery_g448.png	c_bakery_g389.png	c_bakery_g375.png	c_bakery_g322.png	c_bakery_g260.png	c_bakery_g154.png	c_bakery_g117.png	c_bakery_g44.png	c_bakery_g33.png																
787	Apiculteur	image,medium	c_beekeeper_g6573.png	c_beekeeper_g6572.png	c_beekeeper_g5974.png	c_beekeeper_g5920.png	c_beekeeper_g4401.png	c_beekeeper_g3576.png	c_beekeeper_g3331.png	c_beekeeper_g376.png	c_beekeeper_g357.png	c_beekeeper_g307.png	c_beekeeper_g287.png	c_beekeeper_g196.png	c_beekeeper_g170.png																			
788	Chine	image,medium	c_china_g1.png	c_china_g57.png	c_china_g58.png	c_china_g59.png	c_china_g60.png	c_china_g61.png	c_china_g62.png	c_china_g63.png	c_china_g64.png	c_china_g65.png	c_china_g66.png	c_china_g67.png	c_china_g68.png	c_china_g69.png	c_china_g70.png	c_china_g71.png	c_china_g72.png	c_china_g73.png	c_china_g74.png	c_china_g75.png	c_china_g76.png	c_china_g77.png	c_china_g78.png									
789	Légumes	image,medium	c_vegetables2_g1115.png	c_vegetables2_g1118.png	c_vegetables2_g1119.png	c_vegetables2_g1120.png	c_vegetables2_g1125.png	c_vegetables2_g1126.png	c_vegetables2_g1127.png	c_vegetables2_g1129.png	c_vegetables2_g1131.png	c_vegetables2_g1132.png	c_vegetables2_g1133.png	c_vegetables2_g1134.png	c_vegetables2_g1136.png	c_vegetables2_g1137.png	c_vegetables2_g1138.png	c_vegetables2_g1139.png																
790	Reptiles	image,medium	c_reptiles_g87.png	c_reptiles_g138.png	c_reptiles_g257.png	c_reptiles_g464.png	c_reptiles_g529.png	c_reptiles_g582.png	c_reptiles_g754.png	c_reptiles_g772.png	c_reptiles_g858.png																							
791	Espagne	image,medium	c_spain_g13.png	c_spain_g55.png	c_spain_g115.png	c_spain_g170.png	c_spain_g182.png	c_spain_g202.png	c_spain_g249.png	c_spain_g275.png	c_spain_g334.png	c_spain_g355.png	c_spain_g470.png	c_spain_g589.png	c_spain_g710.png	c_spain_g839.png	c_spain_g893.png	c_spain_g1296.png	c_spain_g1361.png															
792	Horloge	image,hard	c_clocks_g115.png	c_clocks_g6.png	c_clocks_g13.png	c_clocks_g34.png	c_clocks_g40.png	c_clocks_g54.png	c_clocks_g63.png	c_clocks_g71.png	c_clocks_g89.png	c_clocks_g143.png	c_clocks_g151.png	c_clocks_g162.png	c_clocks_g185.png																			
793	Chevaliers	image,easy	c_knights_g77.png	c_knights_g162.png	c_knights_g235.png	c_knights_g323.png	c_knights_g384.png	c_knights_g461.png	c_knights_g517.png	c_knights_g648.png																								
794	Agrumes	image,easy	c_lemon_g13152.png	c_lemon_g18931.png	c_lemon_g23413.png	c_lemon_g28153.png	c_lemon_g33293.png	c_lemon_g34431.png	c_lemon_g7436.png	c_lemon_g42508.png	c_lemon_g46985.png																							
795	Mayas	image,hard	c_mayans_g921.png	c_mayans_g1146.png	c_mayans_g1242.png	c_mayans_g1873.png	c_mayans_g2097.png	c_mayans_g2369.png	c_mayans_g2541.png	c_mayans_g2593.png	c_mayans_g2808.png	c_mayans_g2839.png	c_mayans_g2939.png																					
796	Drapeaux	easy, image	c_flags_fr.png	c_flags_jp.png	c_flags_us.png	c_flags_br.png																												
797	Banque / Argent	image,medium	c_banking_g17.png	c_banking_g38.png	c_banking_g75.png	c_banking_g94.png	c_banking_g220.png	c_banking_g324.png	c_banking_g346.png	c_banking_g411.png	c_banking_g430.png	c_banking_g467.png	c_banking_g495.png	c_banking_g563.png	c_banking_g598.png	c_banking_g694.png	c_banking_g739.png	c_banking_g781.png																
798	Barbecue	image,easy	c_barbecue_g242.png	c_barbecue_g569.png	c_barbecue_g789.png	c_barbecue_g1031.png	c_barbecue_g1087.png	c_barbecue_g1289.png																										
799	Anniversaire	image,easy	c_birthday_g14.png	c_birthday_g23.png	c_birthday_g42.png	c_birthday_g80.png	c_birthday_g122.png	c_birthday_g183.png	c_birthday_g235.png	c_birthday_g302.png	c_birthday_g349.png	c_birthday_g432.png	c_birthday_g487.png	c_birthday_g514.png	c_birthday_g534.png	c_birthday_g555.png	c_birthday_g579.png																	
800	Pain	image,medium	c_bread_g6155.png	c_bread_g6156.png	c_bread_g6157.png	c_bread_g6158.png	c_bread_g6159.png	c_bread_g6160.png	c_bread_g6161.png	c_bread_g6162.png	c_bread_g6163.png	c_bread_g6164.png	c_bread_g6165.png	c_bread_g6166.png	c_bread_g6167.png	c_bread_g6168.png	c_bread_g6169.png	c_bread_g6170.png																
801	Camping	image,medium	c_camping_g101.png	c_camping_g179.png	c_camping_g293.png	c_camping_g387.png	c_camping_g439.png	c_camping_g486.png	c_camping_g569.png	c_camping_g595.png	c_camping_g622.png	c_camping_g649.png	c_camping_g681.png	c_camping_g732.png	c_camping_g751.png	c_camping_g769.png																		
802	Bougies	image,easy	c_candles_g14.png	c_candles_g31.png	c_candles_g44.png	c_candles_g704.png	c_candles_g727.png	c_candles_g773.png	c_candles_g789.png	c_candles_g797.png	c_candles_g834.png	c_candles_g847.png	c_candles_g1047.png	c_candles_g1062.png	c_candles_g1109.png																			
803	Nettoyage	image,easy	c_cleaning__x31_.png	c_cleaning__x31_0.png	c_cleaning__x31_1.png	c_cleaning__x31_4.png	c_cleaning__x32_.png	c_cleaning__x33_.png	c_cleaning__x34_.png	c_cleaning__x35_.png	c_cleaning__x36_.png	c_cleaning__x37_.png	c_cleaning__x38_.png	c_cleaning__x39_.png																				
804	Horloge	image,hard	c_clock_g6.png	c_clock_g13.png	c_clock_g34.png	c_clock_g40.png	c_clock_g54.png	c_clock_g63.png	c_clock_g71.png	c_clock_g89.png	c_clock_g115.png	c_clock_g143.png	c_clock_g151.png	c_clock_g162.png	c_clock_g185.png																			
805	Dentiste	image,medium	c_dentist_g2018.png	c_dentist_g2019.png	c_dentist_g2020.png	c_dentist_g2021.png	c_dentist_g2022.png	c_dentist_g2023.png	c_dentist_g2024.png	c_dentist_g2025.png	c_dentist_g2026.png	c_dentist_g2027.png	c_dentist_g2028.png	c_dentist_g2029.png	c_dentist_g2030.png	c_dentist_g2031.png	c_dentist_g2032.png	c_dentist_g2033.png																
806	Électricité	image,easy	c_electricity_g9.png	c_electricity_g32.png	c_electricity_g108.png	c_electricity_g133.png	c_electricity_g134.png	c_electricity_g150.png	c_electricity_g165.png	c_electricity_g196.png	c_electricity_g259.png	c_electricity_g342.png	c_electricity_g419.png																					
807	Golf	image,medium	c_golf_g508.png	c_golf_g573.png	c_golf_g582.png	c_golf_g762.png	c_golf_g905.png	c_golf_g956.png	c_golf_g1071.png	c_golf_g1212.png	c_golf_g1295.png	c_golf_g1407.png	c_golf_g1496.png	c_golf_g1527.png	c_golf_g1642.png																			
808	Glaces	image,easy	c_ice_creams_g677.png	c_ice_creams_g678.png	c_ice_creams_g679.png	c_ice_creams_g680.png	c_ice_creams_g681.png	c_ice_creams_g682.png	c_ice_creams_g683.png	c_ice_creams_g684.png																								
809	Laboratoire	image,medium	c_laboratory_g46.png	c_laboratory_g110.png	c_laboratory_g187.png	c_laboratory_g239.png	c_laboratory_g297.png	c_laboratory_g347.png	c_laboratory_g398.png	c_laboratory_g437.png	c_laboratory_g478.png																							
810	Cuisine Mexicaine	image,easy	c_mexican_food_g323.png	c_mexican_food_g367.png	c_mexican_food_g1296.png	c_mexican_food_g1899.png	c_mexican_food_g3265.png	c_mexican_food_g3303.png	c_mexican_food_g3625.png	c_mexican_food_g3669.png	c_mexican_food_g3952.png	c_mexican_food_g4012.png	c_mexican_food_g4351.png	c_mexican_food_g4632.png	c_mexican_food_g4873.png																			
811	Musée	image,easy	c_museum_g6.png	c_museum_g26.png	c_museum_g88.png	c_museum_g124.png	c_museum_g138.png	c_museum_g147.png	c_museum_g200.png	c_museum_g244.png	c_museum_g267.png	c_museum_g295.png	c_museum_g307.png	c_museum_g322.png																				
812	Opéra	image,medium	c_opera_g38.png	c_opera_g69.png	c_opera_g83.png	c_opera_g96.png	c_opera_g119.png	c_opera_g127.png	c_opera_g147.png	c_opera_g170.png	c_opera_g207.png	c_opera_g218.png	c_opera_g231.png	c_opera_g246.png	c_opera_g447.png																			
813	Pique-Nique	image,easy	c_picnic_g763.png	c_picnic_g1162.png	c_picnic_g1371.png	c_picnic_g2025.png	c_picnic_g2684.png	c_picnic_g3262.png																										
814	Poste	image,medium	c_post_g26.png	c_post_g44.png	c_post_g77.png	c_post_g106.png	c_post_g139.png	c_post_g169.png	c_post_g205.png	c_post_g231.png	c_post_g285.png	c_post_g300.png																						
815	Préhistoire	image,easy	c_prehistory_g81.png	c_prehistory_g110.png	c_prehistory_g165.png	c_prehistory_g207.png	c_prehistory_g254.png	c_prehistory_g298.png	c_prehistory_g350.png	c_prehistory_g387.png	c_prehistory_g406.png	c_prehistory_g567.png																						
816	Empire Romain	image,easy	c_roman_empire_g117.png	c_roman_empire_g315.png	c_roman_empire_g410.png	c_roman_empire_g514.png	c_roman_empire_g611.png	c_roman_empire_g842.png	c_roman_empire_g913.png	c_roman_empire_g926.png	c_roman_empire_g963.png	c_roman_empire_g982.png	c_roman_empire_g990.png	c_roman_empire_g1142.png	c_roman_empire_g1188.png	c_roman_empire_g1216.png	c_roman_empire_g1363.png	c_roman_empire_g1454.png																
817	Sculpture	image,easy	c_sculpture_g32.png	c_sculpture_g68.png	c_sculpture_g91.png	c_sculpture_g115.png	c_sculpture_g136.png	c_sculpture_g160.png	c_sculpture_g225.png	c_sculpture_g257.png	c_sculpture_g290.png	c_sculpture_g321.png	c_sculpture_g362.png	c_sculpture_g382.png	c_sculpture_g396.png	c_sculpture_g419.png	c_sculpture_g446.png	c_sculpture_g473.png	c_sculpture_g493.png	c_sculpture_g504.png	c_sculpture_g512.png	c_sculpture_g572.png	c_sculpture_g617.png	c_sculpture_g660.png	c_sculpture_g722.png	c_sculpture_g781.png	c_sculpture_g798.png	c_sculpture_g836.png	c_sculpture_g879.png	c_sculpture_g902.png	c_sculpture_g914.png	c_sculpture_g963.png		
818	Savon	image,easy	c_soap_g2734.png	c_soap_g2735.png	c_soap_g2736.png	c_soap_g2737.png	c_soap_g2738.png	c_soap_g2739.png	c_soap_g2740.png	c_soap_g2741.png																								
819	Statue	image,easy	c_statue_g1.png	c_statue_g2.png	c_statue_g3.png	c_statue_g4.png	c_statue_g5.png	c_statue_g6.png	c_statue_g7.png	c_statue_g8.png																								
820	Surf	image,medium	c_surfing_g42.png	c_surfing_g83.png	c_surfing_g127.png	c_surfing_g170.png	c_surfing_g217.png	c_surfing_g252.png	c_surfing_g297.png	c_surfing_g344.png	c_surfing_g386.png	c_surfing_g426.png	c_surfing_g470.png	c_surfing_g509.png	c_surfing_g549.png	c_surfing_g590.png	c_surfing_g633.png	c_surfing_g663.png	c_surfing_g701.png	c_surfing_g737.png	c_surfing_g774.png	c_surfing_g815.png	c_surfing_g853.png	c_surfing_g888.png	c_surfing_g918.png	c_surfing_g948.png								
821	Mariage	image,easy	c_wedding_g40.png	c_wedding_g63.png	c_wedding_g86.png	c_wedding_g117.png	c_wedding_g145.png	c_wedding_g180.png	c_wedding_g206.png	c_wedding_g289.png	c_wedding_g317.png																							
822	Insectes	image,hard	c_insects_g29.png	c_insects_g54.png	c_insects_g91.png	c_insects_g121.png	c_insects_g228.png	c_insects_g265.png	c_insects_g302.png	c_insects_g342.png	c_insects_g377.png	c_insects_g408.png	c_insects_g448.png	c_insects_g516.png	c_insects_g568.png	c_insects_g596.png	c_insects_g641.png	c_insects_g709.png																
823	Sushi	image,easy	c_sushi_g26.png	c_sushi_g63.png	c_sushi_g80.png	c_sushi_g96.png	c_sushi_g125.png	c_sushi_g161.png	c_sushi_g229.png	c_sushi_g253.png	c_sushi_g280.png	c_sushi_g324.png	c_sushi_g349.png																					
824	Dauphins	image,easy	c_dolphins_g40.png	c_dolphins_g78.png	c_dolphins_g93.png	c_dolphins_g197.png	c_dolphins_g232.png	c_dolphins_g257.png	c_dolphins_g286.png	c_dolphins_g322.png	c_dolphins_g365.png	c_dolphins_g400.png	c_dolphins_g433.png	c_dolphins_g478.png																				
825	Burgers	image,medium	c_burgers_g354.png	c_burgers_g667.png	c_burgers_g907.png	c_burgers_g1145.png	c_burgers_g1465.png	c_burgers_g1689.png	c_burgers_g1975.png	c_burgers_g2194.png	c_burgers_g2367.png	c_burgers_g2697.png	c_burgers_g3096.png	c_burgers_g3470.png																				
826	École	image,medium	c_school_g149.png	c_school_g164.png	c_school_g181.png	c_school_g194.png	c_school_g208.png	c_school_g245.png	c_school_g261.png	c_school_g295.png	c_school_g322.png	c_school_g346.png	c_school_g374.png	c_school_g382.png	c_school_g406.png	c_school_g420.png	c_school_g430.png	c_school_g458.png	c_school_g464.png	c_school_g511.png	c_school_g480.png	c_school_g491.png	c_school_g500.png	c_school_g510.png										
827	Montagnes	image,easy	c_mountain_g59.png	c_mountain_g88.png	c_mountain_g125.png	c_mountain_g156.png	c_mountain_g189.png	c_mountain_g219.png	c_mountain_g280.png	c_mountain_g312.png	c_mountain_g339.png																							
828	Vampires	image,easy	c_vampires_g59.png	c_vampires_g76.png	c_vampires_g106.png	c_vampires_g180.png	c_vampires_g206.png	c_vampires_g257.png	c_vampires_g290.png	c_vampires_g324.png	c_vampires_g342.png	c_vampires_g378.png	c_vampires_g405.png	c_vampires_g433.png	c_vampires_g479.png																			
829	Skateboard	image,easy	c_skateboard_g6.png	c_skateboard_g33.png	c_skateboard_g45.png	c_skateboard_g53.png	c_skateboard_g74.png	c_skateboard_g120.png	c_skateboard_g127.png	c_skateboard_g140.png	c_skateboard_g153.png	c_skateboard_g165.png	c_skateboard_g174.png	c_skateboard_g251.png	c_skateboard_g302.png																			
830	Street Art	image,easy	c_street_art_g3936.png	c_street_art_g6106.png	c_street_art_g11469.png	c_street_art_g14133.png	c_street_art_g15675.png	c_street_art_g17436.png	c_street_art_g19226.png	c_street_art_g23898.png	c_street_art_g26480.png	c_street_art_g29777.png																						
831	Carnaval	image,medium	c_carnival_g70.png	c_carnival_g137.png	c_carnival_g205.png	c_carnival_g264.png	c_carnival_g350.png	c_carnival_g454.png	c_carnival_g527.png	c_carnival_g637.png	c_carnival_g730.png	c_carnival_g784.png																						
832	Brunch	image,hard	c_brunch_g435.png	c_brunch_g545.png	c_brunch_g830.png	c_brunch_g936.png	c_brunch_g958.png	c_brunch_g1009.png	c_brunch_g1204.png	c_brunch_g1282.png	c_brunch_g1431.png																							
																																		
																																		
																																		
																																		
																																		
																																		
																																		
																																		
																																		
																																		
																																		
																																		
																																		