Id	Category	Tags	Words																															
0	Компас	easy	Север	Восток	Юг	Запад	Северо-Запад	Северо-Восток	Юго-Запад	Юго-Восток	Пеленг	Азимут	Стрелка	Магнит	Циферблат	Точка	Ориентир																	
1	Работа	easy	Медсестра	Водитель	Учитель	Инженер	Сантехник	Адвокат	Повар	Врач	Художник	Менеджер	Пожарный	Пилот	Бухгалтер	Механик	Электрик																	
2	Цвета	easy	Красный	Синий	Желтый	Зеленый	Оранжевый	Фиолетовый	Черный	Белый	Серый	Коричневый	Розовый	Золотой	Серебряный	Голубой	Пурпурный																	
3	Муз. Инструменты	easy	Гитара	Пианино	Скрипка	Барабаны	Труба	Виолончель	Флейта	Саксофон	Арфа	Кларнет	Гобой	Туба	Банджо	Маримба	Аккордеон																	
4	Планеты	easy	Меркурий	Венера	Земля	Марс	Юпитер	Сатурн	Уран	Нептун	Плутон	Экзопланета	Орбита	Комета	Астероид	Галактика	Солнечная система																	
5	Кухонная Утварь	easy	Вилка	Ложка	Нож	Венчик	Лопатка	Половник	Скалка	Дуршлаг	Овощечистка	Щипцы	Мерный стакан	Терка	Сковорода	Кастрюля	Блендер																	
6	Погода	easy	Дождь	Снег	Облако	Ветер	Туман	Шторм	Солнце	Гром	Молния	Град	Бриз	Изморось	Метель	Ураган	Торнадо																	
7	Формы	easy	Круг	Квадрат	Треугольник	Прямоугольник	Овал	Звезда	Ромб	Шестиугольник	Пятиугольник	Восьмиугольник	Сфера	Куб	Пирамида	Конус	Цилиндр																	
8	Спорт	easy	Футбол	Баскетбол	Теннис	Гольф	Бейсбол	Бег	Плавание	Волейбол	Хоккей	Бокс	Велоспорт	Лыжи	Регби	Фехтование	Крикет																	
9	Фрукты	easy	Яблоко	Банан	Вишня	Апельсин	Клубника	Манго	Ананас	Арбуз	Лимон	Черника	Малина	Киви	Персик	Виноград	Груша																	
10	Овощи	easy	Морковь	Картофель	Помидор	Салат	Брокколи	Лук	Перец	Кукуруза	Шпинат	Капуста	Огурец	Кабачок	Гриб	Спаржа	Редис																	
11	Части Тела	easy	Голова	Рука	Нога	Кисть	Стопа	Глаз	Ухо	Нос	Рот	Шея	Плечо	Палец	Палец ноги	Грудь	Живот																	
12	Эмоции	easy	Радость	Гнев	Страх	Грусть	Удивление	Отвращение	Волнение	Спокойствие	Любовь	Тревога	Стыд	Вина	Зависть	Надежда	Гордость																	
13	Транспорт	easy	Автомобиль	Автобус	Поезд	Самолет	Велосипед	Лодка	Корабль	Мотоцикл	Скутер	Метро	Такси	Вертолет	Паром	Грузовик	Ракета																	
14	Музыка	easy	Диско	Поп	Джаз	Классика	Блюз	Кантри	Хип-хоп	Электроника	Регги	Фолк	Метал	Соул	Рок	Госпел	Опера																	
15	Школьные Предметы	easy	Математика	Наука	История	Английский	ИЗО	География	Музыка	Физика	Химия	Биология	Литература	Экономика	Психология	Иностранный	Драма																	
16	Сад	easy	Цветок	Дерево	Куст	Лопата	Грабли	Почва	Трава	Шланг	Лейка	Забор	Скамья	Скворечник	Семена	Компост	Яма																	
17	Мебель	easy	Стул	Стол	Диван	Кровать	Парта	Лампа	Полка	Шкаф	Комод	Табурет	Пуф	Ковер	Зеркало	Часы	Гардероб																	
18	Десерты	easy	Торт	Пирог	Чизкейк	Мороженое	Пудинг	Брауни	Пончик	Маффин	Тарт	Печенье	Сорбет	Заварной крем	Джелато	Вафля	Суфле																	
19	Настольные Игры	easy	Шахматы	Шашки	Монополия	Эрудит	Клюэдо	Риск	Го	Нарды	Домино	Покер	Бинго	Кости	Фишка	Карта	Стратегия																	
20	Птицы	easy	Малиновка	Воробей	Орел	Ястреб	Голубь	Сова	Пингвин	Попугай	Канарейка	Ворона	Лебедь	Утка	Гусь	Стервятник	Альбатрос																	
21	Млекопитающие	easy	Слон	Лев	Тигр	Обезьяна	Медведь	Волк	Олень	Лиса	Кролик	Мышь	Кит	Летучая мышь	Кенгуру	Лошадь	Зебра																	
22	Технологии	easy	Компьютер	Телефон	Интернет	Софт	Железо	Сеть	Чип	Пиксель	Данные	Сервер	Облако	Планшет	Роутер	Клавиатура	Алгоритм																	
23	Обувь	easy	Туфля	Ботинок	Сандалии	Кроссовки	Каблук	Тапочки	Лофер	Мокасин	Сабо	Кеды	Шлепанцы	Сапоги	Ложочки	Бутсы	Оксфорды																	
24	Канцелярия	easy	Ручка	Бумага	Степлер	Папка	Маркер	Принтер	Конверт	Ножницы	Выделитель	Скрепка	Скоросшиватель	Доска	Стикер	Калькулятор	Скотч																	
25	Парк Аттракционов	easy	Американские горки	Колесо обозрения	Карусель	Билет	Аттракцион	Очередь	Сладкая вата	Игра	Аллея	Будка	Адреналин	Вход	Парк	Талисман	Сувенир																	
26	Страны	easy	Бразилия	Англия	Индия	Россия	Канада	Мексика	Египет	Нигерия	Япония	Корея	Австралия	Германия	Франция	Финляндия	Аргентина																	
27	Фастфуд	easy	Бургер	Картошка фри	Пицца	Тако	Сэндвич	Хот-дог	Курица	Шейк	Газировка	Пончик	Ролл	Наггетсы	Луковые кольца	Автокафе	Кетчуп																	
28	Имена	easy	Михаил	Елена	Александр	Анна	Дмитрий	Мария	Иван	Ольга	Сергей	Татьяна	Андрей	Наталья	Николай	Екатерина	Павел																	
29	Праздники	easy	Рождество	Пасха	Хэллоуин	День благодарения	Дивали	Ханука	Новый год	День Валентина	День рождения	Годовщина	Фестиваль	Отпуск	Празднование	Парад	Пир																	
30	Насекомые	easy	Муравей	Пчела	Муха	Комар	Жук	Бабочка	Моль	Сверчок	Кузнечик	Оса	Саранча	Божья коровка	Термит	Стрекоза	Гусеница																	
31	Прилагательные	easy	Счастливый	Грустный	Высокий	Низкий	Быстрый	Медленный	Большой	Маленький	Красный	Синий	Громкий	Тихий	Яркий	Темный	Гладкий																	
32	Глаголы	easy	Бежать	Прыгать	Идти	Есть	Спать	Говорить	Думать	Писать	Читать	Водить	Петь	Танцевать	Летать	Плавать	Строить																	
33	Материалы	easy	Дерево	Металл	Пластик	Стекло	Резина	Бумага	Керамика	Бетон	Кирпич	Ткань	Пена	Смола	Глина	Камень	Воск																	
34	Инструменты	easy	Молоток	Дрель	Пила	Гаечный ключ	Плоскогубцы	Уровень	Отвертка	Стамеска	Топор	Рулетка	Тиски	Напильник	Зажим	Степлер	Лестница																	
35	Одежда	easy	Рубашка	Брюки	Платье	Юбка	Куртка	Свитер	Пальто	Носки	Обувь	Шляпа	Шарф	Перчатки	Пояс	Галстук	Джинсы																	
36	Карточные Игры	easy	Покер	Бридж	Рамми	Пасьянс	Блэкджек	Гоу Фиш	Червы	Криббедж	Юкер	Пинокль	Колода	Рука	Тасовка	Раздача	Козырь																	
37	Погодные Явления	easy	Дождь	Снег	Град	Гроза	Метель	Ураган	Торнадо	Засуха	Туман	Ветер	Циклон	Слякоть	Радуга	Ливень	Муссон																	
38	Бытовая Техника	easy	Духовка	Плита	Микроволновка	Тостер	Блендер	Холодильник	Посудомойка	Кофеварка	Миксер	Гриль	Чайник	Комбайн	Фритюрница	Плитка	Вытяжка																	
39	Муз. Жанры	easy	Поп	Рок	Джаз	Блюз	Классика	Фолк	Метал	Хип-хоп	Регги	ЕДМ	Соул	Кантри	Опера	Панк	Диско																	
40	Предлоги	easy	У	На	В	К	Для	С	Под	Над	Через	О	Между	Среди	Сзади	Перед	После																	
41	Ферма	easy	Корова	Свинья	Курица	Овца	Лошадь	Коза	Утка	Индюк	Гусь	Осел	Лама	Альпака	Кролик	Петух	Теленок																	
42	Спорт Инвентарь	easy	Мяч	Бита	Ракетка	Клюшка	Сетка	Палка	Шлем	Перчатка	Щитки	Коньки	Очки	Обруч	Бутсы	Ворота	Волан																	
43	Части Здания	easy	Стена	Пол	Потолок	Крыша	Дверь	Окно	Фундамент	Балка	Колонна	Лестница	Дымоход	Балкон	Чердак	Подвал	Желоб																	
44	Штаты США	easy	Калифорния	Техас	Флорида	Нью-Йорк	Аляска	Гавайи	Иллинойс	Огайо	Пенсильвания	Мичиган	Джорджия	Северная Каролина	Вашингтон	Вирджиния	Аризона																	
45	Садовые Инструменты	easy	Совок	Грабли	Лопата	Тяпка	Секатор	Ножницы	Тачка	Перчатки	Вилы	Триммер	Разбрызгиватель	Культиватор	Сеялка	Колышек	Сучкорез																	
46	Дорожные Знаки	easy	Стоп	Уступи	Лимит скорости	Внимание	Поворот	Объезд	Школа	Переезд	Слияние	Одностороннее	Въезд запрещен	Пешеход	Ремонт	Больница	Парковка																	
47	Напитки	easy	Вода	Молоко	Сок	Чай	Кофе	Газировка	Пиво	Вино	Коктейль	Смузи	Лимонад	Какао	Энергетик	Сидр	Газированная вода																	
48	Письменные Принадлежности	easy	Ручка	Карандаш	Клавиатура	Бумага	Чернила	Перо	Пишущая машинка	Маркер	Мел	Ластик	Блокнот	Планшет	Стилус	Каллиграфия	Кисть																	
49	Действия Тела	easy	Дышать	Глотать	Моргать	Кашлять	Чихать	Зевать	Хмуриться	Улыбаться	Дрожать	Потеть	Переваривать	Идти	Бежать	Слышать	Видеть																	
50	Фигуры 2D	easy	Круг	Квадрат	Треугольник	Прямоугольник	Овал	Шестиугольник	Пятиугольник	Восьмиугольник	Ромб	Трапеция	Параллелограмм	Многоугольник	Дельтоид	Сектор	Эллипс																	
51	Марки Авто	easy	Тойота	Хонда	Форд	Шевроле	БМВ	Мерседес	Ауди	Фольксваген	Хендай	Киа	Ниссан	Джип	Тесла	Феррари	Порше																	
52	Дорожный Транспорт	easy	Машина	Грузовик	Автобус	Мотоцикл	Фургон	Скутер	Велосипед	Тягач	Внедорожник	Седан	Купе	Хэтчбек	Кабриолет	Минивэн	Прицеп																	
53	Спорт Команды	easy	Лейкерс	Янкиз	Ковбойз	Селтикс	Барселона	Реал Мадрид	Пэкерс	Пэтриотс	Буллз	Хит	Доджерс	Джайентс	Чифс	Рэпторс	Арсенал																	
54	Валюта	easy	Доллар	Евро	Йена	Фунт	Франк	Рупия	Песо	Юань	Реал	Рубль	Динар	Шекель	Ринггит	Вона	Шиллинг																	
55	Прически	easy	Коса	Пучок	Хвост	Боб	Пикси	Химия	Дреды	Афро	Фейд	Челка	Высокая прическа	Ежик	Косички	Слои	Мелирование																	
56	Вкусы Мороженого	easy	Ваниль	Шоколад	Клубника	Мята	Карамель	Кофе	Фисташка	Манго	Орех	Печенье	Сливки	Вишня	Лимон	Малина	Щербет																	
57	Зоопарк	easy	Лев	Тигр	Обезьяна	Слон	Жираф	Панда	Медведь	Зебра	Пингвин	Носорог	Бегемот	Горилла	Змея	Фламинго	Страус																	
58	Хим. Элементы	hard	Кислород	Углерод	Золото	Серебро	Железо	Водород	Азот	Неон	Гелий	Кальций	Медь	Натрий	Хлор	Сера	Алюминий																	
59	Драг. Металлы	hard	Золото	Серебро	Платина	Палладий	Родий	Иридий	Осмий	Рутений	Сплав	Руда	Слиток	Карат	Брусок	Покрытие	Проба																	
60	Военные Звания	hard	Генерал	Полковник	Майор	Капитан	Лейтенант	Сержант	Капрал	Адмирал	Командир	Курсант	Рядовой	Шеф	Офицер	Маршал	Прапорщик																	
61	Стили Письма	hard	Художественный	Нон-фикшн	Эссе	Поэзия	Мемуары	Журналистика	Биография	Технический	Креативный	Академический	Повествовательный	Убеждающий	Описательный	Разъяснительный	Проза																	
62	Моря	hard	Средиземное	Карибское	Балтийское	Черное	Каспийское	Эгейское	Северное	Адриатическое	Красное	Аравийское	Тасманово	Коралловое	Берингово	Саргассово	Ионическое																	
63	Космос Объекты	hard	Звезда	Туманность	Черная дыра	Квазар	Пульсар	Сверхновая	Темная материя	Андромеда	Млечный Путь	Скопление	Комета	Сингулярность	Шаровое	Гало	Свет																	
64	Морские Хищники	hard	Акула	Косатка	Барракуда	Мурена	Гигантский кальмар	Луфарь	Пиранья	Белая акула	Крылатка	Морской лев	Морской леопард	Касатка	Осьминог	Удильщик	Крокодил																	
65	Системы Тела	hard	Скелетная	Мышечная	Нервная	Кровеносная	Дыхательная	Пищеварительная	Эндокринная	Иммунная	Мочевыделительная	Лимфатическая	Орган	Клетка	Ткань	Сердце	Мозг																	
66	Фигуры 3D	hard	Сфера	Куб	Пирамида	Цилиндр	Конус	Призма	Тор	Додекаэдр	Тетраэдр	Вершина	Ребро	Грань	Объем	Тело	Гексаэдр																	
67	Хим. Связи	hard	Ковалентная	Ионная	Металлическая	Водородная	Ван-дер-Ваальс	Атом	Электрон	Молекула	Соединение	Ядро	Валентность	Орбиталь	Полярность	Обмен	Перенос																	
68	Художники	hard	Пикассо	Ван Гог	Моне	Леонардо	Рембрандт	Микеланджело	Дали	Рафаэль	Уорхол	Климт	Ренуар	Дега	Гоген	Тициан	Босх																	
69	Вымышленные Города	hard	Готэм	Атлантида	Хогвартс	Метрополис	Нарния	Средиземье	Оз	Страна Чудес	Спрингфилд	Звездный Флот	Ривенделл	Пандора	Камелот	Ксанаду	Шангри-Ла																	
70	Созвездия	hard	Орион	Большая Медведица	Кассиопея	Андромеда	Лира	Лебедь	Лев	Близнецы	Телец	Скорпион	Большой Ковш	Южный Крест	Пегас	Дракон	Кентавр																	
71	Лит. Жанры	hard	Драма	Комедия	Трагедия	Сатира	Эпос	Романс	Готика	Вестерн	Ужасы	Роман воспитания	Пародия	Басня	Аллегория	Детектив	Триллер																	
72	Страны Африки	hard	Нигерия	Египет	ЮАР	Кения	Марокко	Гана	Алжир	Эфиопия	Танзания	Судан	Уганда	Ливия	Замбия	Зимбабве	Сенегал																	
73	Слои Океана	hard	Эпипелагиаль	Мезопелагиаль	Батипелагиаль	Абиссаль	Хадаль	Поверхность	Глубина	Впадина	Зона	Фотическая	Афотическая	Термоклин	Бентос	Пелагиаль	Шельф																	
74	Архитектура	hard	Готика	Барокко	Романский	Ренессанс	Модерн	Классика	Ар-деко	Неоклассика	Современный	Викторианский	Брутализм	Абстрактный	Византийский	Минимализм	Колониальный																	
75	Типы Мостов	hard	Балочный	Арочный	Ферменный	Висячий	Вантовый	Консольный	Виадук	Разводной	Пешеходный	Понтонный	Пролет	Пирс	Устой	Настил	Балка																	
76	Древние Империи	hard	Римская	Греческая	Египетская	Персидская	Османская	Ацтекская	Майя	Инкская	Монгольская	Китайская	Вавилонская	Карфагенская	Куш	Империя	Цивилизация																	
77	Философы	hard	Платон	Аристотель	Сократ	Кант	Ницше	Декарт	Конфуций	Локк	Юм	Аквинский	Маркс	Фуко	Руссо	Эпикур	Будда																	
78	Лаборатория	hard	Стакан	Пробирка	Колба	Пипетка	Горелка	Микроскоп	Очки	Центрифуга	Весы	Фильтр	Раствор	Реагент	Эксперимент	Титрование	Воронка																	
79	Муз. Аккорды	hard	Мажор	Минор	Септаккорд	Уменьшенный	Увеличенный	Саспенд	Тоника	Обращение	Трезвучие	Арпеджио	Прогрессия	Аккорд	Войсинг	Интервал	Тетрахорд																	
80	Типы Стекла	hard	Закаленное	Ламинированное	Боросиликатное	Хрусталь	Волокно	Витраж	Защитное	Листовое	Флоат	Панель	Лист	Линза	Призма	Обсидиан	Кремнезем																	
81	Погодные Приборы	hard	Термометр	Барометр	Анемометр	Дождемер	Гигрометр	Спутник	Радар	Флюгер	Радиозонд	Прогноз	Изобара	Климат	Метеоролог	Датчик	Карта																	
82	Типы Мостов 2	hard	Арочный	Ферменный	Висячий	Балочный	Вантовый	Консольный	Виадук	Разводной	Пешеходный	Понтонный	Пролет	Пирс	Устой	Настил	Балка																	
83	Битвы	hard	Гастингс	Ватерлоо	Геттисберг	Марафон	Сталинград	Мидуэй	Фермопилы	Канны	Банкер-Хилл	Азенкур	Нормандия	Трафальгар	Сараево	Сомма	Йорктаун																	
84	Вымышленные Питомцы	hard	Хедвиг	Снупи	Пикачу	Беззубик	Чубакка	Гарфилд	Плуто	Лесси	Тото	Добби	Инопланетянин	Балу	Р2-Д2	Фалькор	Гизмо																	
85	Лит. Приемы	hard	Метафора	Сравнение	Аллитерация	Гипербола	Олицетворение	Ирония	Символизм	Образность	Ономатопея	Аллюзия	Тема	Мотив	Предзнаменование	Оксюморон	Каламбур																	
86	Вулканы	hard	Щитовой	Композитный	Шлаковый конус	Лавовый купол	Кальдера	Стратовулкан	Спящий	Активный	Потухший	Магма	Извержение	Кратер	Пепел	Тектонический	Трещина																	
87	Арт Техники	hard	Скетчинг	Штриховка	Растушевка	Перспектива	Импрессионизм	Абстракция	Пуантилизм	Коллаж	Рисунок	Живопись	Скульптура	Офорт	Сграффито	Лессировка	Штрих																	
88	Фото Стили	hard	Портрет	Пейзаж	Макро	Уличная	Абстракция	Документальная	Мода	Натюрморт	Файн-арт	Кандид	Дикая природа	Таймлапс	Архитектура	Астрофото	Композит																	
89	Типы Мостов 3	hard	Балочный	Арочный	Ферменный	Висячий	Вантовый	Консольный	Виадук	Разводной	Пешеходный	Понтонный	Пролет	Пирс	Устой	Настил	Балка																	
90	Миф. Животные	medium	Дракон	Единорог	Грифон	Феникс	Сфинкс	Русалка	Оборотень	Вампир	Йети	Гидра	Химера	Василиск	Кентавр	Гоблин	Тролль																	
91	Книги	medium	Роман	Биография	Учебник	Детектив	Триллер	Фэнтези	Фантастика	Поэзия	Справочник	Поваренная книга	История	Мемуары	Комикс	Антология	Словарь																	
92	Европа	medium	Франция	Германия	Италия	Испания	Великобритания	Греция	Польша	Швеция	Норвегия	Ирландия	Португалия	Швейцария	Бельгия	Австрия	Нидерланды																	
93	Океанская Жизнь	medium	Кит	Дельфин	Акула	Коралл	Рыба	Осьминог	Кальмар	Краб	Тюлень	Черепаха	Морская звезда	Медуза	Водоросли	Манта	Планктон																	
94	Деревья	medium	Дуб	Клен	Сосна	Ива	Береза	Кедр	Вяз	Секвойя	Ель	Ясень	Падуб	Пальма	Инжир	Кипарис	Магнолия																	
95	Здания	medium	Здание	Патио	Башня	Собор	Замок	Небоскреб	Пирамида	Купол	Арка	Колонна	Фасад	Фундамент	Шпиль	Мост	Чертеж																	
96	Камни	medium	Алмаз	Рубин	Сапфир	Изумруд	Аметист	Топаз	Жемчуг	Опал	Гранат	Аквамарин	Перидот	Турмалин	Циркон	Нефрит	Кварц																	
97	Фотография	medium	Камера	Объектив	Затвор	Диафрагма	Вспышка	Штатив	Фокус	Экспозиция	Пленка	Цифра	Портрет	Пейзаж	Фильтр	Зум	Сенсор																	
98	Готовка	medium	Рубить	Резать	Нарезать	Варить	Жарить	Печь	Гриль	Запекать	Пассеровать	Мешать	Взбивать	Смешивать	Мариновать	Тушить	Парить																	
99	Астрономия	medium	Звезда	Луна	Солнце	Планета	Галактика	Туманность	Комета	Метеор	Телескоп	Созвездие	Черная дыра	Световой год	Орбита	Вселенная	Астероид																	
100	Ручные Инструменты	medium	Молоток	Отвертка	Плоскогубцы	Гаечный ключ	Пила	Дрель	Рулетка	Уровень	Стамеска	Зажим	Напильник	Тиски	Топор	Лопата	Лестница																	
101	Текстиль	medium	Хлопок	Шелк	Шерсть	Лен	Полиэстер	Нейлон	Вискоза	Деним	Бархат	Флис	Сатин	Кожа	Холст	Мешковина	Микрофибра																	
102	Столицы	medium	Лондон	Париж	Рим	Берлин	Токио	Каир	Пекин	Москва	Сидней	Оттава	Вена	Мадрид	Дублин	Сеул	Буэнос-Айрес																	
103	Религии	medium	Христианство	Ислам	Иудаизм	Индуизм	Буддизм	Сикхизм	Синтоизм	Даосизм	Вера	Поклонение	Молитва	Храм	Церковь	Писание	Божество																	
104	Единицы Измерения	medium	Метр	Литр	Грамм	Секунда	Ватт	Вольт	Ампер	Ом	Джоуль	Фут	Фунт	Унция	Градус	Миля	Галлон																	
105	Рептилии	medium	Змея	Ящерица	Черепаха	Крокодил	Аллигатор	Хамелеон	Геккон	Сухопутная черепаха	Гадюка	Кобра	Игуана	Комодский варан	Питон	Сцинк	Гаттерия																	
106	Периоды Времени	medium	Век	Десятилетие	Эра	Эпоха	Тысячелетие	Возраст	Год	Месяц	Неделя	День	Час	Минута	Секунда	Древность	Современность																	
107	Катаклизмы	medium	Землетрясение	Вулкан	Цунами	Ураган	Наводнение	Торнадо	Пожар	Засуха	Оползень	Лавина	Циклон	Метель	Голод	Эпидемия	Жара																	
108	Реки	medium	Нил	Амазонка	Миссисипи	Дунай	Янцзы	Ганг	Рейн	Волга	Темза	Сена	Колорадо	Муррей	Конго	Миссури	Евфрат																	
109	Пустыня	medium	Сахара	Гоби	Атакама	Намиб	Аравийская	Калахари	Мохаве	Песок	Дюна	Кактус	Оазис	Жара	Засушливый	Верблюд	Эрозия																	
110	Солнечная Система	medium	Солнце	Астероид	Комета	Метеороид	Пояс Койпера	Облако Оорта	Карликовая планета	Земная	Газовый гигант	Спутник	Кольцо	Орбита	Наклон	Ось	Гравитация																	
111	Космос Снаряжение	medium	Космонавт	Скафандр	Шлем	Кислород	Ракета	Шаттл	Спутник	Ровер	Модуль	Стыковка	Контроль	Телескоп	Перегрузка	Двигатель	Стартовая площадка																	
112	Мировая Кухня	medium	Паста	Суши	Тако	Карри	Пицца	Фо	Хумус	Паэлья	Буррито	Гуляш	Пельмени	Рагу	Кебаб	Рамен	Стейк																	
113	Горы	medium	Эверест	К2	Килиманджаро	Денали	Альпы	Анды	Скалистые	Фудзи	Вершина	Пик	Хребет	Ледник	Высота	Треккинг	Восхождение																	
114	Наречия	medium	Быстро	Медленно	Громко	Тихо	Радостно	Грустно	Всегда	Никогда	Часто	Иногда	Здесь	Там	Вверх	Вниз	Осторожно																	
115	Сказки	medium	Золушка	Белоснежка	Румпельштильцхен	Колобок	Златовласка	Красная Шапочка	Спящая Красавица	Принц	Принцесса	Ведьма	Замок	Магия	Лес	Злодей	Герой																	
116	Чувства	medium	Зрение	Слух	Обоняние	Вкус	Осязание	Слышать	Видеть	Нюхать	Пробовать	Чувствовать	Восприятие	Сенсорный	Нерв	Мозг	Стимул																	
117	Динозавры	medium	Тираннозавр	Трицератопс	Велоцираптор	Бронтозавр	Стегозавр	Окаменелость	Вымерший	Юрский	Меловой	Травоядный	Плотоядный	Рептилия	Палеонтология	Яйцо	Коготь																	
118	Мифология	medium	Зевс	Гера	Посейдон	Аид	Афина	Аполлон	Арес	Локи	Тор	Один	Дракон	Бог	Герой	Легенда	Пророчество																	
119	Специи	medium	Соль	Перец	Корица	Гвоздика	Мускат	Базилик	Орегано	Тимьян	Розмарин	Имбирь	Чеснок	Куркума	Тмин	Шафран	Паприка																	
120	Танец	medium	Балет	Джаз	Чечетка	Хип-хоп	Вальс	Сальса	Танго	Модерн	Бальный	Хореография	Сцена	Номер	Шаг	Ритм	Пируэт																	
121	Арт Материалы	medium	Масло	Акрил	Акварель	Пастель	Уголь	Карандаш	Тушь	Скульптура	Глина	Холст	Кисть	Палитра	Фреска	Мозаика	Темпера																	
122	Деньги	medium	Монета	Банкнота	Валюта	Доллар	Евро	Йена	Фунт	Кредит	Дебет	Богатство	Бюджет	Инвестиция	Финансы	Транзакция	Долг																	
123	Чудеса Света	medium	Пирамида	Колизей	Мачу-Пикчу	Великая Стена	Петра	Тадж-Махал	Статуя Зевса	Маяк	Храм	Христос-Искупитель	Цитадель	Руины	Монумент	Место	Достопримечательность																	
124	Методы Готовки	medium	Жарка	Выпечка	Варка	Гриль	Запекание	Пар	Пассеровка	Бройль	Тушение	Томление	Поширование	Микроволновка	Бланширование	Медленноварка	Копчение																	
125	Лодки	medium	Яхта	Парусник	Каноэ	Каяк	Шлюпка	Круизный лайнер	Сухогруз	Буксир	Подлодка	Швертбот	Катер	Катамаран	Баржа	Гондола	Судно																	
126	Кофе	medium	Эспрессо	Латте	Капучино	Американо	Мокко	Макиато	Колд брю	Дрип	Флэт уайт	Фраппе	Ристретто	Аффогато	Кортадо	Доппио	Фильтр																	
127	Пунктуация	medium	Точка	Запятая	Вопросительный знак	Восклицательный знак	Точка с запятой	Двоеточие	Кавычки	Апостроф	Дефис	Тире	Скобки	Квадратные скобки	Многоточие	Слэш	Звездочка																	
128	Офис Роли	medium	Менеджер	Ассистент	Аналитик	Директор	Руководитель	Стажер	Консультант	Клерк	Ресепшн	Бухгалтер	Администратор	Секретарь	Координатор	Вице-президент	CEO																	
129	Головные Уборы	medium	Федора	Бини	Кепка	Панама	Трилби	Берет	Ковбойская шляпа	Сомбреро	Цилиндр	Чепчик	Козырек	Вуалетка	Хомбург	Тэм	Феска																	
130	Суперсилы	medium	Полет	Невидимость	Сила	Телепатия	Скорость	Исцеление	Телекинез	Эластичность	Путешествие во времени	Поле	Оборотничество	Энергия	Иллюзия	Прохождение	Рентген																	
131	Психология	medium	Разум	Мозг	Терапия	Эмоция	Поведение	Когниция	Стресс	Травма	Восприятие	Подсознание	Память	Личность	Тревога	Депрессия	Фобия																	
132	Компьютер	medium	ЦП	Монитор	Клавиатура	Мышь	Материнская плата	ОЗУ	Жесткий диск	Видеокарта	Блок питания	Вентилятор	Колонка	Вебкамера	USB	Роутер	Кабель																	
133	Вымышл. Оружие	medium	Световой меч	Палочка	Фазер	Эскалибур	Мьёльнир	Бэтаранг	Лазер	Меч	Стрела	Посох	Топор	Кинжал	Лук	Бластер	Щит																	
134	Медицина	medium	Стетоскоп	Шприц	Скальпель	Пинцет	Термометр	Бинт	Рентген	МРТ	Швы	Жгут	Маска	Перчатки	Дефибриллятор	Костыли	Коляска																	
135	Ноты	medium	Нота	Пауза	Нотоносец	Ключ	Диез	Бемоль	Бекар	Тактовая черта	Ритм	Темп	Мелодия	Гармония	Аккорд	Мера	Тональность																	
136	Расы	medium	Эльф	Гном	Орк	Хоббит	Человек	Вулканец	Клингон	Вуки	Пришелец	Гоблин	Гном	Тролль	Фея	Кентавр	Робот																	
137	Геометрия	medium	Точка	Линия	Плоскость	Угол	Отрезок	Луч	Вершина	Периметр	Площадь	Объем	Радиус	Диаметр	Окружность	Параллель	Перпендикуляр																	
138	Фото Термины	medium	Диафрагма	Выдержка	ISO	Экспозиция	Фокус	Глубина резкости	Композиция	Штатив	Объектив	Фильтр	Вспышка	Зум	Баланс белого	Сенсор	Мегапиксель																	
139	Авиалинии	medium	Дельта	Юнайтед	Американ	Люфтганза	Эмирейтс	Катар	Бритиш Эйрвейз	Эйр Франс	Кантас	Сингапур	Туркиш	Райанэйр	Саусвест	ДжетБлю	Аляска																	
140	Артефакты	medium	Кольцо	Камень	Лампа	Плащ	Меч	Сфера	Грааль	Зеркало	Шлем	Книга	Ключ	Зелье	Амулет	Сундук	Карта																	
141	Софт	medium	Windows	macOS	Linux	Браузер	Ворд	Таблица	Фотошоп	Антивирус	ОС	Приложение	Драйвер	Утилита	База данных	Фаервол	Кодек																	
142	Чай	medium	Зеленый	Черный	Улун	Белый	Травяной	Эрл Грей	Чай латте	Дарджилинг	Жасмин	Мята	Ромашка	Ройбуш	Матча	Английский завтрак	Настой																	
143	Гарнир	medium	Петрушка	Кинза	Мята	Лук-резанец	Базилик	Лимон	Лайм	Оливка	Вишня	Взбитые сливки	Сахар	Посыпка	Топпинг	Сухарики	Цветок																	
144	Органы	medium	Сердце	Легкие	Мозг	Печень	Почки	Желудок	Кишечник	Кожа	Селезенка	Поджелудочная	Желчный	Мочевой	Пищевод	Трахея	Щитовидная																	
145	Средневековье	medium	Замок	Рыцарь	Король	Королева	Феодализм	Крестьянин	Чума	Крестовый поход	Собор	Монастырь	Турнир	Броня	Феод	Лорд	Осада																	
146	Древесина	medium	Дуб	Клен	Сосна	Вишня	Орех	Береза	Махагони	Тик	Ясень	Кедр	Пихта	Ель	Бальса	Тополь	Эбен																	
147	Муз. Термины	medium	Темп	Ритм	Мелодия	Гармония	Высота	Октава	Аккорд	Гамма	Крещендо	Диминуэндо	Форте	Пиано	Стаккато	Легато	Тон																	
148	Гимнастика	medium	Сальто	Твист	Опорный прыжок	Колесо	Стойка на руках	Шпагат	Кувырки	Бревно	Брусья	Кольца	Конь	Кувырок	Соскок	Плие	Пик																	
149	Горные Породы	medium	Магматическая	Осадочная	Метаморфическая	Гранит	Базальт	Известняк	Мрамор	Кварцит	Песчаник	Сланец	Обсидиан	Пемза	Шифер	Гнейс	Конгломерат																	
187	Русская Кухня	medium	Борщ	Пельмени	Блины	Окрошка	Пирожки	Оливье	Винегрет	Холодец	Щи	Голубцы	Сметана	Квас																				
188	Города России	easy	Москва	Петербург	Казань	Сочи	Новосибирск	Екатеринбург	Нижний Новгород	Самара	Омск	Челябинск	Ростов	Уфа																				
189	Дача	easy	Огород	Грядка	Лопата	Теплица	Рассада	Ведро	Полив	Урожай	Баня	Шашлык	Гамак	Забор																				
190	Лес	easy	Береза	Ель	Сосна	Гриб	Ягода	Мох	Медведь	Волк	Заяц	Лиса	Тропинка	Костер																				
191	Зима	easy	Снег	Мороз	Лед	Коньки	Лыжи	Санки	Снеговик	Сугроб	Метель	Варежки	Шарф	Горка																				
192	Русские Сказки	medium	Баба Яга	Кощей	Колобок	Иван-царевич	Жар-птица	Теремок	Репка	Морозко	Русалка	Леший	Водяной	Богатырь																				
193	Баня	medium	Веник	Пар	Полок	Печь	Таз	Шайка	Предбанник	Чай	Мыло	Мочалка	Шапка	Жар																				
194	Чайпитие	easy	Самовар	Баранки	Варенье	Чай	Чашка	Блюдце	Сахар	Лимон	Мята	Мед	Конфеты	Печенье																				
195	Советское Кино	hard	Ирония судьбы	Служебный роман	Бриллиантовая рука	Мимино	Кавказская пленница	Гараж	Афоня	Кин-дза-дза	Девчата	Иван Васильевич	Операция Ы	Москва слезам не верит																				
196	Литераторы	hard	Пушкин	Толстой	Достоевский	Чехов	Гоголь	Лермонтов	Есенин	Маяковский	Булгаков	Тургенев	Ахматова	Блок																				
197	Валюты 2	medium	Доллар	Евро	Рубль	Фунт	Франк	Йена	Юань	Тенге	Гривна	Шекель	Лира	Песо																				
198	Транспорт 2	easy	Метро	Трамвай	Троллейбус	Маршрутка	Электричка	Такси	Каршеринг	Самокат	Велосипед	Фунгикулер	Паром	Катер																				
199	Грибы	medium	Белый	Лисичка	Опенок	Мухомор	Подосиновик	Подберезовик	Масленок	Сыроежка	Груздь	Рыжик	Шампиньон	Бледная поганка																				
200	Ягоды	easy	Клубника	Малина	Черника	Брусника	Клюква	Смородина	Крыжовник	Облепиха	Земляника	Ежевика	Вишня	Черешня																				
201	Рыбалка	medium	Удочка	Крючок	Леска	Поплавок	Наживка	Червь	Спиннинг	Сачок	Лодка	Река	Озеро	Улов																				
202	Зодиак	medium	Овен	Телец	Близнецы	Рак	Лев	Дева	Весы	Скорпион	Стрелец	Козерог	Водолей	Рыбы																				
203	Цветы 2	medium	Роза	Тюльпан	Ромашка	Пион	Лилия	Гвоздика	Астра	Сирень	Ландыш	Нарцисс	Орхидея	Хризантема																				
204	Школа	easy	Урок	Перемена	Дневник	Учебник	Тетрадь	Ручка	Карандаш	Доска	Мел	Оценка	Директор	Столовая																				
205	Университет	medium	Лекция	Семинар	Экзамен	Зачет	Сессия	Диплом	Студент	Декан	Кафедра	Общежитие	Стипендия	Ректор																				
206	Профессии 2	medium	Программист	Дизайнер	Блогер	Маркетолог	Юрист	Экономист	Психолог	Переводчик	Журналист	Архитектор	Ветеринар	Фармацевт																				
207	Больница	medium	Врач	Медсестра	Палата	Рецепт	Укол	Лекарство	Бинт	Гипс	Рентген	Анализ	Операция	Полис																				
208	Магазин	easy	Касса	Продавец	Тележка	Пакет	Чек	Витрина	Скидка	Акция	Сдача	Карта	Очередь	Продукты																				
209	Косметика	medium	Помада	Тушь	Пудра	Крем	Лак	Духи	Тень	Румяна	Карандаш	Кисть	Спонж	Маска																				
210	Одежда Зимняя	easy	Шуба	Пуховик	Шапка	Шарф	Варежки	Перчатки	Свитер	Сапоги	Валенки	Термобелье	Колготки	Носки																				
211	Посуда	easy	Тарелка	Чашка	Кружка	Стакан	Рюмка	Бокал	Миска	Блюдо	Салатник	Графин	Кувшин	Поднос																				
212	Сладости	easy	Шоколад	Конфета	Зефир	Мармелад	Халва	Пастила	Пряник	Вафля	Торт	Пирожное	Леденец	Ирис																				
213	Молочные Продукты	easy	Молоко	Кефир	Творог	Сметана	Масло	Сыр	Йогурт	Ряженка	Сливки	Сгущенка	Мороженое	Глазированный сырок																				
214	Мясо	medium	Говядина	Свинина	Курица	Баранина	Фарш	Колбаса	Сосиски	Ветчина	Бекон	Шашлык	Котлета	Стейк																				
215	Хлеб	easy	Батон	Буханка	Лаваш	Багет	Булочка	Сушка	Сухарь	Пышка	Лепешка	Бородинский	Ржаной	Пшеничный																				
216	Каши	medium	Овсянка	Гречка	Манка	Рис	Пшено	Перловка	Кукурузная	Ячневая	Геркулес	Мюсли	Хлопья	Отруби																				
217	Орехи	medium	Грецкий	Фундук	Миндаль	Арахис	Кешью	Фисташка	Кедр	Кокос	Бразильский	Пекан	Макадамия	Семечки																				
218	Ремонт	hard	Обои	Краска	Клей	Плитка	Ламинат	Молоток	Гвоздь	Шуруп	Дрель	Кисть	Валик	Шпатель																				
219	Ванная	easy	Ванна	Душ	Раковина	Зеркало	Полотенце	Мыло	Шампунь	Гель	Зубная паста	Щетка	Фен	Коврик																				
220	Спальня	easy	Кровать	Подушка	Одеяло	Простыня	Матрас	Тумбочка	Шкаф	Будильник	Штора	Пижама	Халат	Тапочки																				
221	Кухня 2	easy	Холодильник	Плита	Стол	Стул	Раковина	Кран	Чайник	Микроволновка	Мусорка	Губка	Средство	Полотенце																				
222	Гостиная	easy	Диван	Кресло	Телевизор	Пульт	Ковер	Журнальный стол	Торшер	Люстра	Картина	Цветок	Камин	Книга																				
223	Детская Площадка	easy	Горка	Качели	Песочница	Карусель	Турник	Скамейка	Мяч	Ведерко	Совок	Формочка	Дети	Игра																				
224	Цирк	easy	Клоун	Акробат	Фокусник	Дрессировщик	Лев	Слон	Арена	Купол	Билет	Аплодисменты	Попкорн	Представление																				
225	Театр	medium	Сцена	Занавес	Актер	Роль	Спектакль	Зритель	Партер	Ложа	Бинокль	Грим	Костюм	Афиша																				
226	Музей	medium	Картина	Статуя	Экспонат	Гид	Экскурсия	Билет	Зал	Искусство	История	Древность	Витрина	Смотритель																				
227	Пляж	easy	Песок	Море	Волна	Солнце	Зонт	Лежак	Купальник	Плавки	Крем	Очки	Круг	Матрас																				
228	Кемпинг	medium	Палатка	Спальник	Рюкзак	Костер	Фонарь	Компас	Нож	Топор	Котелок	Гитара	Лес	Звезды																				
229	Интернет 2	medium	Сайт	Браузер	Почта	Чат	Соцсеть	Блог	Видео	Лайк	Репост	Вайфай	Пароль	Логин																				
230	Гаджеты	medium	Смартфон	Планшет	Ноутбук	Часы	Наушники	Колонка	Зарядка	Кабель	Павербанк	Флешка	Дрон	Камера																				
231	Собаки Породы	medium	Овчарка	Хаски	Бульдог	Пудель	Такса	Спаниель	Ретривер	Терьер	Боксер	Доберман	Мопс	Лайка																				
232	Кошки Породы	medium	Сиамская	Персидская	Сфинкс	Британская	Мейн-кун	Бенгальская	Русская голубая	Сибирская	Рэгдолл	Манчкин	Бобтейл	Дворняга																				
233	Праздники 2	medium	Масленица	Пасха	День Победы	8 Марта	23 Февраля	День Знаний	Татьянин День	День Города	Ивана Купала	Вербное Воскресенье	Крещение	Троица																				
234	Русские Сувениры	medium	Матрешка	Самовар	Ушанка	Валенки	Балалайка	Гжель	Хохлома	Янтарь	Платок	Икра	Водка	Шкатулка																				
235	Экосистема	hard	Тайга	Тундра	Степь	Пустыня	Болото	Озеро	Река	Горы	Равнина	Лесостепь	Луг	Поле																				
236	Полезные Ископаемые	hard	Нефть	Газ	Уголь	Руда	Золото	Алмаз	Торф	Сланцы	Медь	Никель	Соль	Гранит																				
237	Время Суток	easy	Утро	День	Вечер	Ночь	Рассвет	Закат	Полдень	Полночь	Сумерки	Восход	Заря	Темнота																				
238	Единицы Времени	easy	Секунда	Минута	Час	Сутки	Неделя	Декада	Месяц	Квартал	Год	Век	Эра	Вечность																				
239	Семья	easy	Мама	Папа	Сын	Дочь	Брат	Сестра	Бабушка	Дедушка	Дядя	Тетя	Внук	Внучка																				
240	Дружба	easy	Друг	Подруга	Помощь	Доверие	Веселье	Секрет	Встреча	Разговор	Игра	Ссора	Мир	Верность																				
241	Геометрия 2	medium	Точка	Линия	Отрезок	Луч	Угол	Биссектриса	Медиана	Высота	Радиус	Диаметр	Хорда	Касательная																				
242	Арифметика	medium	Плюс	Минус	Равно	Умножить	Разделить	Сумма	Разность	Произведение	Частное	Дробь	Процент	Число																				
243	Грамматика	hard	Существительное	Глагол	Прилагательное	Местоимение	Наречие	Предлог	Союз	Частица	Падеж	Род	Число	Склонение																				
244	Знаки Зодиака	medium	Крыса	Бык	Тигр	Кролик	Дракон	Змея	Лошадь	Коза	Обезьяна	Петух	Собака	Свинья																				
245	Шахматы	medium	Король	Ферзь	Ладья	Слон	Конь	Пешка	Шах	Мат	Пат	Рокировка	Гамбит	Доска																				
246	Карты Масти	easy	Черви	Бубны	Трефы	Пики	Туз	Король	Дама	Валет	Джокер	Козырь	Колода	Раздача																				
247	Рождество	easy, image	c_christmas_g71.png	c_christmas_g82.png	c_christmas_g98.png	c_christmas_g111.png	c_christmas_g129.png	c_christmas_g154.png	c_christmas_g167.png	c_christmas_g247.png	c_christmas_g264.png	c_christmas_g286.png																						
248	Космос	easy, image	c_space_g646.png	c_space_g647.png	c_space_g648.png	c_space_g649.png	c_space_g650.png	c_space_g651.png	c_space_g652.png	c_space_g653.png	c_space_g654.png	c_space_g655.png	c_space_g656.png	c_space_g657.png	c_space_g658.png	c_space_g659.png	c_space_g660.png	c_space_g661.png																
249	Напитки	easy, image	c_drinks_g26.png	c_drinks_g35.png	c_drinks_g41.png	c_drinks_g45.png	c_drinks_g58.png	c_drinks_g69.png	c_drinks_g75.png	c_drinks_g92.png	c_drinks_g109.png	c_drinks_g121.png																						
250	Животные	easy, image	c_animals_g216.png	c_animals_g217.png	c_animals_g218.png	c_animals_g219.png	c_animals_g220.png	c_animals_g221.png	c_animals_g222.png	c_animals_g223.png	c_animals_g224.png	c_animals_g225.png																						
251	Паста	medium, image	c_pastas_g425.png	c_pastas_g426.png	c_pastas_g427.png	c_pastas_g428.png	c_pastas_g429.png	c_pastas_g430.png	c_pastas_g431.png	c_pastas_g432.png	c_pastas_g433.png	c_pastas_g434.png	c_pastas_g435.png	c_pastas_g436.png	c_pastas_g437.png	c_pastas_g438.png	c_pastas_g439.png	c_pastas_g440.png																
252	Фрукты	medium, image	c_fruits_g801.png	c_fruits_g802.png	c_fruits_g803.png	c_fruits_g804.png	c_fruits_g805.png	c_fruits_g806.png	c_fruits_g807.png	c_fruits_g808.png	c_fruits_g809.png	c_fruits_g810.png	c_fruits_g811.png	c_fruits_g812.png	c_fruits_g813.png	c_fruits_g814.png	c_fruits_g815.png	c_fruits_g816.png		c_fruits_g818.png	c_fruits_g819.png	c_fruits_g820.png	c_fruits_g821.png	c_fruits_g822.png	c_fruits_g823.png	c_fruits_g824.png	c_fruits_g825.png	c_fruits_g826.png	c_fruits_g827.png	c_fruits_g828.png	c_fruits_g830.png	c_fruits_g831.png		
253	Япония	medium, image	c_japan_g2079.png	c_japan_g2080.png	c_japan_g2081.png	c_japan_g2083.png	c_japan_g2084.png	c_japan_g2085.png	c_japan_g2086.png	c_japan_g2087.png	c_japan_g2088.png	c_japan_g2089.png	c_japan_g2090.png	c_japan_g2091.png	c_japan_g2092.png	c_japan_g2093.png	c_japan_g2094.png	c_japan_g2095.png																
254	Франция	easy, image	c_france_g10.png	c_france_g63.png	c_france_g69.png	c_france_g95.png	c_france_g153.png	c_france_g176.png	c_france_g183.png	c_france_g360.png	c_france_g625.png	c_france_g628.png	c_france_g705.png	c_france_g812.png	c_france_g854.png	c_france_g879.png																		
255	Очки	easy, image	c_glasses_g11.png	c_glasses_g22.png	c_glasses_g29.png	c_glasses_g38.png	c_glasses_g48.png	c_glasses_g57.png	c_glasses_g66.png	c_glasses_g81.png																								
256	Запреты	medium, image	c_prohibitions_g33.png	c_prohibitions_g34.png	c_prohibitions_g35.png	c_prohibitions_g36.png	c_prohibitions_g37.png	c_prohibitions_g38.png	c_prohibitions_g39.png	c_prohibitions_g40.png	c_prohibitions_g41.png																							
257	Вода	medium, image	c_water_g3.png	c_water_g18.png	c_water_g39.png	c_water_g67.png	c_water_g88.png	c_water_g143.png	c_water_g151.png	c_water_g185.png	c_water_g199.png	c_water_g214.png	c_water_g241.png	c_water_g256.png	c_water_g282.png	c_water_g286.png																		
258	Игры	easy, image	c_games_g106.png	c_games_g178.png	c_games_g234.png	c_games_g257.png	c_games_g274.png	c_games_g297.png	c_games_g314.png	c_games_g354.png	c_games_g357.png	c_games_g385.png	c_games_g437.png	c_games_g519.png	c_games_g534.png	c_games_g575.png	c_games_g624.png	c_games_g736.png	c_games_g751.png	c_games_g829.png														
259	Стулья	easy, image	c_chairs_g23.png	c_chairs_g49.png	c_chairs_g105.png	c_chairs_g134.png	c_chairs_g173.png	c_chairs_g211.png	c_chairs_g232.png	c_chairs_g254.png																								
260	Рыбы	easy, image	c_fishs_g1022.png	c_fishs_g1023.png	c_fishs_g1024.png	c_fishs_g1025.png	c_fishs_g1026.png	c_fishs_g1027.png	c_fishs_g1028.png	c_fishs_g1029.png	c_fishs_g1030.png	c_fishs_g1031.png	c_fishs_g1032.png	c_fishs_g1033.png	c_fishs_g1034.png	c_fishs_g1035.png	c_fishs_g1036.png	c_fishs_g1037.png	c_fishs_g1038.png	c_fishs_g1039.png	c_fishs_g1040.png	c_fishs_g1041.png												
261	Планеты	medium, image	c_planets_g142.png	c_planets_g126.png	c_planets_g123.png	c_planets_g95.png	c_planets_g78.png	c_planets_g61.png	c_planets_g46.png	c_planets_g26.png	c_planets_g12.png																							
262	Листья	image, easy	c_leaves_g202.png	c_leaves_g189.png	c_leaves_g178.png	c_leaves_g166.png	c_leaves_g135.png	c_leaves_g122.png	c_leaves_g83.png	c_leaves_g71.png	c_leaves_g58.png	c_leaves_g50.png	c_leaves_g32.png	c_leaves_g12.png																				
263	Спорт	image, medium	c_sports_g11.png	c_sports_g10.png	c_sports_g9.png	c_sports_g8.png	c_sports_g7.png	c_sports_g6.png	c_sports_g5.png	c_sports_g4.png	c_sports_g3.png																							
264	Бассейн	image, medium	c_pools__x39_.png	c_pools__x37_.png	c_pools__x35_.png	c_pools__x34_.png	c_pools__x33_.png	c_pools__x32_.png	c_pools__x31_6.png	c_pools__x31_5.png	c_pools__x31_4.png	c_pools__x31_2.png	c_pools__x31_.png																					
265	Миф	image, medium	c_myth_g2147.png	c_myth_g1830.png	c_myth_g1590.png	c_myth_g1504.png	c_myth_g1380.png	c_myth_g1272.png	c_myth_g1141.png	c_myth_g995.png	c_myth_g939.png	c_myth_g848.png	c_myth_g689.png	c_myth_g489.png	c_myth_g381.png	c_myth_g234.png	c_myth_g111.png	c_myth_g57.png																
266	Музыка	image, medium	c_music_g712.png		c_music_g685.png	c_music_g646.png	c_music_g626.png	c_music_g474.png	c_music_g395.png	c_music_g363.png		c_music_g283.png	c_music_g269.png	c_music_g70.png	c_music_g35.png	c_music_g229.png	c_music_g176.png	c_music_g134.png																
267	Памятники	image, medium	c_monuments_g16.png	c_monuments_g15.png	c_monuments_g14.png	c_monuments_g13.png	c_monuments_g12.png	c_monuments_g11.png	c_monuments_g10.png	c_monuments_g9.png	c_monuments_g8.png	c_monuments_g7.png	c_monuments_g6.png	c_monuments_g5.png	c_monuments_g4.png	c_monuments_g3.png	c_monuments_g2.png	c_monuments_g1.png																
268	Лондон	image, easy	c_london_g910.png	c_london_g895.png	c_london_g883.png	c_london_g862.png	c_london_g838.png	c_london_g666.png	c_london_g478.png	c_london_g473.png	c_london_g462.png	c_london_g331.png	c_london_g324.png	c_london_g305.png	c_london_g247.png	c_london_g214.png	c_london_g190.png	c_london_g68.png																
269	Шляпы	image, easy	c_hats_g76.png	c_hats_g68.png	c_hats_g62.png	c_hats_g50.png	c_hats_g42.png	c_hats_g23.png	c_hats_g17.png	c_hats_g10.png	c_hats_g5.png																							
270	Собаки	image, easy	c_dogs_g522.png	c_dogs_g484.png	c_dogs_g457.png	c_dogs_g438.png	c_dogs_g413.png	c_dogs_g383.png	c_dogs_g362.png	c_dogs_g326.png	c_dogs_g261.png	c_dogs_g231.png	c_dogs_g200.png	c_dogs_g163.png	c_dogs_g130.png	c_dogs_g99.png	c_dogs_g67.png	c_dogs_g36.png																
271	Кино	image, medium	c_cinema_g294.png	c_cinema_g276.png	c_cinema_g224.png	c_cinema_g203.png	c_cinema_g164.png	c_cinema_g138.png	c_cinema_g67.png	c_cinema_g16.png																								
272	Кошки	image, easy	c_cats_g764.png	c_cats_g729.png	c_cats_g689.png	c_cats_g643.png	c_cats_g605.png	c_cats_g477.png	c_cats_g439.png	c_cats_g296.png	c_cats_g275.png	c_cats_g245.png	c_cats_g188.png	c_cats_g165.png	c_cats_g123.png	c_cats_g103.png	c_cats_g87.png	c_cats_g27.png																
273	Малыш	image, medium	c_baby_g169.png	c_baby_g136.png	c_baby_g122.png	c_baby_g109.png	c_baby_g74.png	c_baby_g61.png	c_baby_g48.png	c_baby_g35.png	c_baby_g15.png	c_baby_g9.png																						
274	Австралия	image, easy	c_australia_g378.png	c_australia_g370.png	c_australia_g332.png	c_australia_g270.png	c_australia_g247.png	c_australia_g216.png	c_australia_g120.png	c_australia_g86.png	c_australia_g46.png	c_australia_g27.png	c_australia_g11.png																					
275	Герои	image, hard	c_superheroes_g925.png	c_superheroes_g861.png	c_superheroes_g791.png	c_superheroes_g703.png	c_superheroes_g631.png	c_superheroes_g570.png	c_superheroes_g463.png	c_superheroes_g389.png	c_superheroes_g308.png	c_superheroes_g234.png	c_superheroes_g160.png	c_superheroes_g72.png																				
276	Сафари	image, hard	c_safari_g1442.png	c_safari_g1337.png	c_safari_g1155.png	c_safari_g1030.png	c_safari_g967.png	c_safari_g860.png	c_safari_g822.png	c_safari_g768.png	c_safari_g696.png	c_safari_g614.png	c_safari_g544.png	c_safari_g494.png	c_safari_g353.png	c_safari_g271.png	c_safari_g190.png	c_safari_g90.png																
277	Сафари	image, hard	c_safari_g1442.png	c_safari_g1337.png	c_safari_g1155.png	c_safari_g1030.png	c_safari_g967.png	c_safari_g860.png	c_safari_g822.png	c_safari_g768.png	c_safari_g696.png	c_safari_g614.png	c_safari_g544.png	c_safari_g494.png	c_safari_g353.png	c_safari_g271.png	c_safari_g190.png	c_safari_g90.png																
278	Монстры	image, medium	c_monsters_g159.png	c_monsters_g316.png	c_monsters_g393.png	c_monsters_g475.png	c_monsters_g557.png	c_monsters_g685.png	c_monsters_g734.png	c_monsters_g809.png	c_monsters_g854.png	c_monsters_g923.png	c_monsters_g1013.png	c_monsters_g1078.png	c_monsters_g1171.png	c_monsters_g1262.png	c_monsters_g1335.png																	
279	США	image, easy	c_unitedstates_g2255.png	c_unitedstates_g2085.png	c_unitedstates_g1914.png	c_unitedstates_g1551.png	c_unitedstates_g1467.png	c_unitedstates_g1420.png	c_unitedstates_g1350.png		c_unitedstates_g975.png	c_unitedstates_g966.png	c_unitedstates_g545.png	c_unitedstates_g84.png	c_unitedstates_g69.png	c_unitedstates_g57.png	c_unitedstates_g18.png																	
280	Деревья	image, easy	c_trees_g9978.png	c_trees_g9946.png	c_trees_g9923.png	c_trees_g9188.png	c_trees_g9099.png	c_trees_g8673.png	c_trees_g8505.png	c_trees_g7736.png	c_trees_g7503.png	c_trees_g13433.png	c_trees_g12305.png	c_trees_g12152.png	c_trees_g12055.png	c_trees_g11796.png	c_trees_g11703.png	c_trees_g7115.png	c_trees_g6599.png	c_trees_g6578.png	c_trees_g6428.png	c_trees_g6146.png	c_trees_g5328.png	c_trees_g4987.png	c_trees_g4589.png	c_trees_g4277.png	c_trees_g3928.png	c_trees_g3896.png	c_trees_g605.png	c_trees_g398.png	c_trees_g11278.png	c_trees_g10639.png	c_trees_g10549.png	c_trees_g10187.png
281	Хэллоуин	image, hard	c_halloween_g400.png	c_halloween_g300.png	c_halloween_g272.png	c_halloween_g223.png	c_halloween_g175.png	c_halloween_g139.png	c_halloween_g108.png	c_halloween_g90.png	c_halloween_g26.png																							
282	Боги	image, medium	c_gods_g1863.png	c_gods_g1698.png	c_gods_g1607.png	c_gods_g1507.png	c_gods_g1414.png	c_gods_g1312.png	c_gods_g1094.png	c_gods_g986.png	c_gods_g814.png	c_gods_g719.png	c_gods_g600.png	c_gods_g529.png	c_gods_g439.png	c_gods_g374.png	c_gods_g236.png	c_gods_g124.png																
283	Египет	image, medium	c_egypt_g1179.png	c_egypt_g1046.png	c_egypt_g946.png	c_egypt_g892.png	c_egypt_g853.png	c_egypt_g785.png	c_egypt_g763.png	c_egypt_g752.png	c_egypt_g694.png	c_egypt_g646.png	c_egypt_g366.png	c_egypt_g330.png	c_egypt_g287.png	c_egypt_g235.png	c_egypt_g199.png	c_egypt_g137.png	c_egypt_g12.png															
284	Б. искуства	hard, image	c_martial_arts_g342.png	c_martial_arts_g341.png	c_martial_arts_g340.png	c_martial_arts_g339.png	c_martial_arts_g338.png	c_martial_arts_g337.png	c_martial_arts_g336.png	c_martial_arts_g335.png	c_martial_arts_g334.png	c_martial_arts_g333.png	c_martial_arts_g332.png	c_martial_arts_g331.png	c_martial_arts_g330.png	c_martial_arts_g329.png	c_martial_arts_g328.png	c_martial_arts_g327.png																
285	Мотоциклы	easy, image	c_motos_g525.png	c_motos_g524.png	c_motos_g523.png	c_motos_g522.png	c_motos_g521.png	c_motos_g520.png	c_motos_g519.png	c_motos_g518.png	c_motos_g517.png	c_motos_g516.png	c_motos_g515.png	c_motos_g514.png																				
286	Работы	medium, image	c_jobs_g675.png	c_jobs_g638.png	c_jobs_g580.png	c_jobs_g555.png	c_jobs_g502.png	c_jobs_g473.png	c_jobs_g444.png	c_jobs_g402.png	c_jobs_g360.png	c_jobs_g317.png	c_jobs_g288.png	c_jobs_g267.png	c_jobs_g222.png	c_jobs_g199.png	c_jobs_g174.png	c_jobs_g136.png	c_jobs_g109.png	c_jobs_g71.png	c_jobs_g54.png	c_jobs_g26.png												
287	Торты	easy, image	c_cakes_g2204.png	c_cakes_g2114.png	c_cakes_g1865.png	c_cakes_g1453.png	c_cakes_g1277.png	c_cakes_g1058.png	c_cakes_g728.png	c_cakes_g694.png	c_cakes_g304.png	c_cakes_g155.png	c_cakes_g81.png	c_cakes_g12.png																				
288	Часы	medium, image	c_watches_g546.png	c_watches_g479.png	c_watches_g344.png	c_watches_g309.png	c_watches_g281.png	c_watches_g250.png	c_watches_g208.png	c_watches_g132.png	c_watches_g77.png	c_watches_g34.png																						
289	Акулы	medium, image	c_sharks_g1035.png	c_sharks_g1006.png	c_sharks_g970.png	c_sharks_g479.png	c_sharks_g450.png	c_sharks_g422.png	c_sharks_g385.png	c_sharks_g335.png	c_sharks_g303.png	c_sharks_g270.png	c_sharks_g78.png	c_sharks_g39.png																				
290	Вестерн	hard, image	c_western_g1433.png	c_western_g1364.png	c_western_g1330.png	c_western_g1223.png	c_western_g1149.png	c_western_g1096.png	c_western_g1008.png	c_western_g931.png	c_western_g846.png	c_western_g744.png	c_western_g347.png	c_western_g266.png	c_western_g93.png																			
291	Корабли	medium, image	c_ships_g11.png	c_ships_g10.png	c_ships_g9.png	c_ships_g8.png	c_ships_g7.png	c_ships_g6.png	c_ships_g5.png	c_ships_g4.png	c_ships_g3.png	c_ships_g2.png	c_ships_g1.png																					
292	Зодиак	medium, image	c_zodiac_g436.png	c_zodiac_g378.png	c_zodiac_g363.png	c_zodiac_g321.png	c_zodiac_g306.png	c_zodiac_g248.png	c_zodiac_g231.png	c_zodiac_g209.png	c_zodiac_g171.png	c_zodiac_g130.png	c_zodiac_g86.png	c_zodiac_g48.png																				
293	Динозавры	easy, image	c_dinosaurs_g921.png	c_dinosaurs_g738.png	c_dinosaurs_g614.png	c_dinosaurs_g4319.png	c_dinosaurs_g3995.png	c_dinosaurs_g3817.png	c_dinosaurs_g3701.png	c_dinosaurs_g3594.png	c_dinosaurs_g1754.png	c_dinosaurs_g1516.png	c_dinosaurs_g1372.png	c_dinosaurs_g1214.png	c_dinosaurs_g301.png																			
294	Сыры	medium, image	c_cheeses_g2020.png	c_cheeses_g2019.png	c_cheeses_g2018.png	c_cheeses_g2017.png	c_cheeses_g2016.png	c_cheeses_g2015.png		c_cheeses_g2013.png	c_cheeses_g2012.png	c_cheeses_g2011.png	c_cheeses_g2010.png	c_cheeses_g2009.png	c_cheeses_g2008.png	c_cheeses_g2007.png	c_cheeses_g2006.png	c_cheeses_g2005.png																
295	Викинги	hard, image	c_vikings_g821.png	c_vikings_g792.png	c_vikings_g657.png	c_vikings_g567.png	c_vikings_g491.png	c_vikings_g371.png	c_vikings_g236.png	c_vikings_g103.png																								
296	Среднев-ье	medium, image	c_medieval_g5099.png	c_medieval_g2096.png	c_medieval_g1804.png	c_medieval_g1654.png	c_medieval_g1309.png	c_medieval_g1126.png	c_medieval_g810.png	c_medieval_g627.png	c_medieval_g406.png	c_medieval_g173.png																						
297	Пираты	hard, image	c_pirates_g957.png	c_pirates_g906.png	c_pirates_g823.png	c_pirates_g714.png	c_pirates_g631.png	c_pirates_g555.png	c_pirates_g510.png	c_pirates_g393.png	c_pirates_g317.png	c_pirates_g290.png	c_pirates_g233.png	c_pirates_g150.png	c_pirates_g68.png																			
298	Грибы	easy, image	c_mushrooms_g13753.png	c_mushrooms_g13752.png	c_mushrooms_g13751.png	c_mushrooms_g13750.png	c_mushrooms_g13749.png	c_mushrooms_g13748.png	c_mushrooms_g13747.png	c_mushrooms_g13746.png	c_mushrooms_g13745.png	c_mushrooms_g13744.png	c_mushrooms_g13743.png	c_mushrooms_g13742.png	c_mushrooms_g13741.png	c_mushrooms_g13740.png	c_mushrooms_g13739.png	c_mushrooms_g13738.png	c_mushrooms_g13737.png	c_mushrooms_g13736.png	c_mushrooms_g13735.png	c_mushrooms_g13734.png	c_mushrooms_g13733.png	c_mushrooms_g13732.png	c_mushrooms_g13731.png									
299	Музыканты	easy, image	c_musicians_g204.png	c_musicians_g186.png	c_musicians_g163.png	c_musicians_g133.png	c_musicians_g113.png	c_musicians_g85.png	c_musicians_g68.png	c_musicians_g50.png	c_musicians_g18.png																							
300	Машины	easy, image	c_cars_g557.png	c_cars_g516.png	c_cars_g477.png	c_cars_g439.png	c_cars_g378.png	c_cars_g334.png	c_cars_g296.png	c_cars_g244.png	c_cars_g200.png	c_cars_g148.png	c_cars_g96.png	c_cars_g51.png																				
301	Флаги	easy, image	c_flags_vn.png	c_flags_us.png	c_flags_tr.png	c_flags_th.png	c_flags_so.png	c_flags_sn.png	c_flags_ru.png	c_flags_ro.png	c_flags_pr.png	c_flags_no.png	c_flags_nl.png	c_flags_ng.png	c_flags_ne.png	c_flags_ml.png	c_flags_mg.png	c_flags_jm.png	c_flags_it.png	c_flags_is.png	c_flags_iq.png	c_flags_in.png	c_flags_hn.png	c_flags_gb.png	c_flags_dk.png	c_flags_de.png	c_flags_cz.png	c_flags_cu.png	c_flags_cr.png	c_flags_co.png	c_flags_cn.png	c_flags_za.png		
302	Флаги	easy, image	c_flags_ua.png	c_flags_tz.png	c_flags_sg.png	c_flags_se.png	c_flags_sd.png	c_flags_pl.png	c_flags_pa.png	c_flags_nz.png	c_flags_mc.png	c_flags_ma.png	c_flags_ly.png	c_flags_lu.png	c_flags_lt.png	c_flags_kr.png	c_flags_jp.png	c_flags_ie.png	c_flags_hu.png	c_flags_gr.png	c_flags_gn.png	c_flags_fr.png	c_flags_fi.png	c_flags_es.png	c_flags_ee.png	c_flags_ca.png	c_flags_br.png	c_flags_bj.png	c_flags_bg.png	c_flags_be.png	c_flags_at.png	c_flags_ar.png	c_flags_ae.png	
303	Вулканы	easy, image	c_volcanoes_g427.png	c_volcanoes_g409.png	c_volcanoes_g367.png	c_volcanoes_g336.png	c_volcanoes_g325.png	c_volcanoes_g283.png	c_volcanoes_g38.png	c_volcanoes_g1566.png	c_volcanoes_g1545.png	c_volcanoes_g1378.png	c_volcanoes_g1359.png	c_volcanoes_g1344.png	c_volcanoes_g1325.png	c_volcanoes_g267.png	c_volcanoes_g247.png	c_volcanoes_g215.png																
304	Инструм.	medium, image	c_tools_g260.png	c_tools_g251.png	c_tools_g246.png	c_tools_g215.png	c_tools_g210.png	c_tools_g176.png	c_tools_g167.png	c_tools_g164.png	c_tools_g150.png	c_tools_g116.png	c_tools_g110.png	c_tools_g103.png																				
305	Амер. горки	medium, image	c_rollercoasters_g2228.png	c_rollercoasters_g1842.png	c_rollercoasters_g1072.png	c_rollercoasters_g830.png	c_rollercoasters_g733.png	c_rollercoasters_g656.png	c_rollercoasters_g551.png	c_rollercoasters_g353.png	c_rollercoasters_g245.png	c_rollercoasters_g103.png																						
306	Амер. горки	medium, image	c_rollercoasters_g2228.png	c_rollercoasters_g1842.png	c_rollercoasters_g1072.png	c_rollercoasters_g830.png	c_rollercoasters_g733.png	c_rollercoasters_g656.png	c_rollercoasters_g551.png	c_rollercoasters_g353.png	c_rollercoasters_g245.png	c_rollercoasters_g103.png																						
307	Принцессы	medium, image	c_princesses_g463.png	c_princesses_g409.png	c_princesses_g357.png	c_princesses_g300.png	c_princesses_g233.png	c_princesses_g181.png	c_princesses_g133.png	c_princesses_g67.png																								
308	Пингвины	medium, image	c_penguins_g473.png	c_penguins_g428.png	c_penguins_g390.png	c_penguins_g347.png	c_penguins_g296.png	c_penguins_g259.png	c_penguins_g218.png	c_penguins_g177.png	c_penguins_g142.png	c_penguins_g110.png	c_penguins_g77.png	c_penguins_g37.png																				
309	Ключи	hard, image	c_keys_g53.png	c_keys_g50.png	c_keys_g45.png	c_keys_g40.png	c_keys_g35.png	c_keys_g29.png	c_keys_g23.png	c_keys_g19.png	c_keys_g11.png	c_keys_g6.png																						
310	Италия	easy, image	c_italia_g1721.png	c_italia_g1711.png	c_italia_g1611.png	c_italia_g1390.png	c_italia_g1354.png	c_italia_g1258.png	c_italia_g1199.png	c_italia_g685.png	c_italia_g334.png	c_italia_g64.png	c_italia_g1.png	c_italia_g1769.png																				
311	Индия	medium, image	c_india__x39_.png	c_india__x38_.png	c_india__x36_.png	c_india__x34_.png	c_india__x33_.png	c_india__x31_4.png	c_india__x31_3.png	c_india__x31_2.png	c_india__x31_1.png	c_india__x31_0.png																						
312	Лошади	easy, image	c_horses_g514.png	c_horses_g480.png	c_horses_g446.png	c_horses_g387.png	c_horses_g347.png	c_horses_g307.png	c_horses_g272.png	c_horses_g239.png	c_horses_g179.png	c_horses_g143.png	c_horses_g104.png	c_horses_g46.png																				
313	Греция	easy, image	c_greece_g18.png	c_greece_g10.png	c_greece_g9.png	c_greece_g8.png	c_greece_g7.png	c_greece_g6.png	c_greece_g5.png	c_greece_g4.png	c_greece_g3.png	c_greece_g2.png	c_greece_g1.png																					
314	Германия	easy, image	c_germany_g1325.png	c_germany_g1228.png	c_germany_g736.png	c_germany_g546.png	c_germany_g492.png	c_germany_g360.png	c_germany_g281.png	c_germany_g137.png	c_germany_g103.png																							
315	Ферма	medium, image	c_farming_layer_16.png	c_farming_layer_15.png	c_farming_layer_13.png	c_farming_layer_12.png	c_farming_layer_11.png	c_farming_layer_9.png	c_farming_layer_7.png	c_farming_layer_6.png	c_farming_layer_5.png	c_farming_layer_4.png	c_farming_layer_3.png	c_farming_layer_1.png																				
316	Эмодзи	easy, image	c_emojis_2_g306.png	c_emojis_2_g284.png		c_emojis_2_g248.png	c_emojis_2_g238.png	c_emojis_2_g231.png	c_emojis_2_g224.png	c_emojis_2_g208.png	c_emojis_2_g201.png	c_emojis_2_g193.png	c_emojis_2_g175.png	c_emojis_2_g168.png	c_emojis_2_g159.png	c_emojis_2_g143.png	c_emojis_2_g92.png	c_emojis_2_g85.png																
317	Эмодзи	easy, image	c_emojis_1_g298.png	c_emojis_1_g291.png	c_emojis_1_g259.png	c_emojis_1_g186.png	c_emojis_1_g152.png	c_emojis_1_g121.png	c_emojis_1_g110.png	c_emojis_1_g99.png	c_emojis_1_g76.png	c_emojis_1_g65.png	c_emojis_1_g59.png	c_emojis_1_g49.png	c_emojis_1_g40.png	c_emojis_1_g32.png	c_emojis_1_g24.png	c_emojis_1_g16.png	c_emojis_1_g8.png															
318	Кофе	hard, image	c_coffees_g1802.png	c_coffees_g1726.png	c_coffees_g1706.png	c_coffees_g1624.png	c_coffees_g1583.png	c_coffees_g1325.png	c_coffees_g1217.png	c_coffees_g1072.png	c_coffees_g1052.png	c_coffees_g776.png	c_coffees_g539.png	c_coffees_g406.png	c_coffees_g322.png	c_coffees_g232.png	c_coffees_g78.png	c_coffees_g43.png																
319	Цирк	easy, image	c_circus_g892.png	c_circus_g831.png	c_circus_g759.png	c_circus_g692.png	c_circus_g618.png	c_circus_g484.png	c_circus_g352.png	c_circus_g247.png	c_circus_g138.png	c_circus_g81.png																						
320	Канада	easy, image	c_canada_g885.png	c_canada_g866.png	c_canada_g848.png	c_canada_g816.png	c_canada_g641.png	c_canada_g572.png	c_canada_g505.png	c_canada_g465.png	c_canada_g423.png	c_canada_g80.png																						
321	Бабочки	medium, image	c_butterflies_g315.png	c_butterflies_g282.png	c_butterflies_g259.png	c_butterflies_g209.png	c_butterflies_g184.png	c_butterflies_g142.png	c_butterflies_g78.png	c_butterflies_g36.png																								
322	Птицы	easy, image	c_birds_g8221.png	c_birds_g7582.png	c_birds_g7517.png	c_birds_g7311.png	c_birds_g6906.png	c_birds_g6763.png	c_birds_g6709.png	c_birds_g6377.png	c_birds_g5649.png	c_birds_g5377.png	c_birds_g5244.png	c_birds_g5144.png	c_birds_g3341.png	c_birds_g3206.png	c_birds_g2948.png	c_birds_g2896.png	c_birds_g2265.png	c_birds_g534.png	c_birds_g433.png	c_birds_g2174.png	c_birds_g1423.png	c_birds_g1227.png	c_birds_g185.png									
323	Велосип.	easy, image	c_bicycles_bike_10.png	c_bicycles_bike_9.png	c_bicycles_bike_8.png	c_bicycles_bike_7.png	c_bicycles_bike_6.png	c_bicycles_bike_5.png	c_bicycles_bike_4.png	c_bicycles_bike_3.png	c_bicycles_bike_2.png	c_bicycles_bike_1.png																						
324	Пчелы	easy, image	c_bees_g590.png	c_bees_g564.png	c_bees_g303.png	c_bees_g276.png	c_bees_g225.png	c_bees_g184.png	c_bees_g90.png	c_bees_g64.png	c_bees_g26.png	c_bees_g143.png	c_bees_g123.png																					
325	Медведи	easy, image	c_bears_g502.png	c_bears_g459.png	c_bears_g404.png	c_bears_g338.png	c_bears_g242.png	c_bears_g199.png	c_bears_g156.png	c_bears_g106.png	c_bears_g56.png																							
326	Сумки	medium, image	c_bags_g115.png	c_bags_g98.png	c_bags_g82.png	c_bags_g72.png	c_bags_g53.png	c_bags_g46.png	c_bags_g38.png	c_bags_g28.png	c_bags_g19.png																							
327	Игрушки	medium, image	c_toys_g236.png	c_toys_g219.png	c_toys_g204.png	c_toys_g189.png	c_toys_g161.png	c_toys_g143.png	c_toys_g114.png	c_toys_g67.png	c_toys_g45.png	c_toys_g25.png	c_toys_g19.png	c_toys_g12.png																				
328	Балет	hard, image	c_ballet_g493.png	c_ballet_g492.png	c_ballet_g444.png	c_ballet_g429.png	c_ballet_g394.png	c_ballet_g332.png	c_ballet_g316.png	c_ballet_g264.png	c_ballet_g206.png	c_ballet_g178.png	c_ballet_g135.png	c_ballet_g118.png	c_ballet_g98.png	c_ballet_g46.png	c_ballet_g31.png																	
329	Конфеты	easy, image	c_candies_g196.png	c_candies_g186.png	c_candies_g177.png	c_candies_g145.png	c_candies_g136.png	c_candies_g122.png	c_candies_g114.png	c_candies_g84.png	c_candies_g73.png	c_candies_g45.png	c_candies_g25.png																					
330	Пицца	easy, image	c_pizzas_g3443.png	c_pizzas_g3227.png	c_pizzas_g2758.png	c_pizzas_g2179.png	c_pizzas_g1673.png	c_pizzas_g1515.png	c_pizzas_g1007.png	c_pizzas_g718.png	c_pizzas_g331.png																							
331	Аэропорт	hard, image	c_airport_g2489.png	c_airport_g1923.png	c_airport_g1871.png	c_airport_g1737.png	c_airport_g1586.png	c_airport_g1513.png	c_airport_g1225.png	c_airport_g1050.png	c_airport_g903.png	c_airport_g723.png	c_airport_g513.png																					
332	Мосты	medium, image	c_bridges_g1763.png	c_bridges_g1617.png	c_bridges_g1460.png	c_bridges_g1243.png	c_bridges_g998.png	c_bridges_g802.png	c_bridges_g679.png	c_bridges_g509.png	c_bridges_g259.png	c_bridges_g110.png																						
333	Маяки	easy, image	c_lighthouses_g354.png	c_lighthouses_g306.png	c_lighthouses_g285.png	c_lighthouses_g174.png	c_lighthouses_g165.png	c_lighthouses_g118.png	c_lighthouses_g80.png	c_lighthouses_g53.png	c_lighthouses_g37.png																							
334	Рынки	medium, image	c_market_g9364.png	c_market_g8575.png	c_market_g8276.png	c_market_g7712.png	c_market_g7251.png	c_market_g5635.png	c_market_g4009.png	c_market_g1616.png	c_market_g836.png																							
335	Поезда	easy, image	c_trains_g609.png	c_trains_g577.png	c_trains_g543.png	c_trains_g507.png	c_trains_g459.png	c_trains_g418.png	c_trains_g368.png	c_trains_g228.png	c_trains_g106.png																							
336	Погода	medium, image	c_weather_g237.png	c_weather_g202.png	c_weather_g75.png	c_weather_g37.png	c_weather_g192.png	c_weather_g188.png	c_weather_g171.png	c_weather_g163.png	c_weather_g143.png	c_weather_g133.png	c_weather_g122.png	c_weather_g118.png																				
337	Ювелир.	hard, image	c_jewels__x39_.png	c_jewels__x38_.png	c_jewels__x37_.png	c_jewels__x36_.png	c_jewels__x35_.png	c_jewels__x34_.png	c_jewels__x33_.png	c_jewels__x32_.png	c_jewels__x31_6.png	c_jewels__x31_5.png	c_jewels__x31_4.png	c_jewels__x31_3.png	c_jewels__x31_2.png	c_jewels__x31_1.png	c_jewels__x31_0.png	c_jewels__x31_.png																
338	Тату	medium, image	c_tatoos_g404.png	c_tatoos_g390.png	c_tatoos_g384.png	c_tatoos_g338.png	c_tatoos_g334.png	c_tatoos_g305.png	c_tatoos_g254.png	c_tatoos_g180.png	c_tatoos_g152.png	c_tatoos_g115.png	c_tatoos_g102.png	c_tatoos_g77.png																				
339	Иноплан.	image,medium	c_aliens_g134.png	c_aliens_g263.png	c_aliens_g340.png	c_aliens_g474.png	c_aliens_g550.png	c_aliens_g622.png	c_aliens_g653.png	c_aliens_g709.png	c_aliens_g751.png	c_aliens_g834.png	c_aliens_g933.png																					
340	Колокола	image,medium	c_bells_g56.png	c_bells_g82.png	c_bells_g94.png	c_bells_g103.png	c_bells_g125.png	c_bells_g139.png	c_bells_g151.png	c_bells_g165.png	c_bells_g190.png																							
341	Сапоги	image,medium	c_boots_g7.png	c_boots_g13.png	c_boots_g33.png	c_boots_g69.png	c_boots_g82.png	c_boots_g116.png	c_boots_g174.png	c_boots_g222.png	c_boots_g254.png																							
342	Замок	image,medium	c_castles_g453.png	c_castles_g558.png	c_castles_g672.png	c_castles_g943.png	c_castles_g1082.png	c_castles_g1264.png	c_castles_g1377.png	c_castles_g1576.png	c_castles_g1717.png	c_castles_g1816.png	c_castles_g1817.png	c_castles_g1818.png																				
343	Шоколад	image,medium	c_chocolate_g1123.png	c_chocolate_g1253.png	c_chocolate_g241.png	c_chocolate_g313.png	c_chocolate_g1279.png	c_chocolate_g2245.png	c_chocolate_g2322.png	c_chocolate_g2389.png	c_chocolate_g2420.png	c_chocolate_g2429.png	c_chocolate_g6907.png																					
344	Яйца	image,medium	c_eggs_g17.png	c_eggs_g22.png	c_eggs_g54.png	c_eggs_g231.png	c_eggs_g409.png	c_eggs_g547.png	c_eggs_g985.png	c_eggs_g1008.png	c_eggs_g1142.png	c_eggs_g1197.png																						
345	Феи	image,medium	c_fairies_g94.png	c_fairies_g282.png	c_fairies_g361.png	c_fairies_g426.png	c_fairies_g516.png	c_fairies_g623.png	c_fairies_g752.png	c_fairies_g865.png	c_fairies_g964.png	c_fairies_g1083.png	c_fairies_g1227.png	c_fairies_g1315.png	c_fairies_g1439.png	c_fairies_g1533.png	c_fairies_g1635.png	c_fairies_g1712.png	c_fairies_g1833.png	c_fairies_g1938.png	c_fairies_g2030.png	c_fairies_g2146.png	c_fairies_g2250.png	c_fairies_g2330.png	c_fairies_g2422.png	c_fairies_g2519.png	c_fairies_g2630.png							
346	Фонтан	image,medium	c_fountain_g189.png	c_fountain_g269.png	c_fountain_g1022.png	c_fountain_g354.png	c_fountain_g439.png	c_fountain_g598.png	c_fountain_g695.png	c_fountain_g779.png	c_fountain_g925.png																							
347	Сад-во	image,medium	c_gardening_g1813.png	c_gardening_g1814.png	c_gardening_g1815.png	c_gardening_g1817.png	c_gardening_g1818.png	c_gardening_g1819.png	c_gardening_g1820.png	c_gardening_g1821.png	c_gardening_g1822.png	c_gardening_g1823.png	c_gardening_g1824.png	c_gardening_g1816.png																				
348	Перчатки	image,medium	c_gloves_baseball.png	c_gloves_boxing_gloves.png	c_gloves_convertible_mittens.png	c_gloves_cuffs.png	c_gloves_cycling_gloves.png	c_gloves_dress_gloves.png	c_gloves_driving_gloves.png	c_gloves_garden_gloves.png	c_gloves_knitted_gloves.png	c_gloves_leather_gloves.png	c_gloves_medical.png	c_gloves_mittens.png	c_gloves_oven_mitten.png	c_gloves_rubber_gloves.png																		
349	Вертолёт	image,medium	c_helicopter_g104.png	c_helicopter_g124.png	c_helicopter_g162.png	c_helicopter_g203.png	c_helicopter_g23.png	c_helicopter_g65.png	c_helicopter_g242.png	c_helicopter_g279.png	c_helicopter_g331.png																							
350	Больница	image,medium	c_hospital_g10.png	c_hospital_g35.png	c_hospital_g52.png	c_hospital_g70.png	c_hospital_g310.png	c_hospital_g380.png	c_hospital_g388.png	c_hospital_g400.png	c_hospital_g455.png	c_hospital_g488.png	c_hospital_g489.png																					
351	Острова	image,medium	c_island_g87.png	c_island_g151.png	c_island_g266.png	c_island_g437.png	c_island_g522.png	c_island_g712.png	c_island_g834.png	c_island_g922.png	c_island_g1024.png																							
352	Стирка	image,medium	c_laundry_g37.png	c_laundry_g90.png	c_laundry_g114.png	c_laundry_g149.png	c_laundry_g167.png	c_laundry_g183.png	c_laundry_g198.png	c_laundry_g213.png	c_laundry_g222.png																							
353	Библио.	image,medium	c_library_g1000.png	c_library_g259.png	c_library_g404.png	c_library_g471.png	c_library_g574.png	c_library_g615.png	c_library_g751.png	c_library_g823.png	c_library_g947.png	c_library_g1105.png	c_library_g1128.png	c_library_g1259.png	c_library_g1327.png	c_library_g1463.png	c_library_g1745.png																	
354	Молния	image,medium	c_lightning_g2.png	c_lightning_g4.png	c_lightning_g7.png	c_lightning_g8.png	c_lightning_g11.png	c_lightning_g20.png	c_lightning_g21.png	c_lightning_g23.png	c_lightning_g30.png	c_lightning_g36.png	c_lightning_g37.png																					
355	Молоко	image,medium	c_milk_g40.png	c_milk_g80.png	c_milk_g91.png	c_milk_g109.png	c_milk_g144.png	c_milk_g145.png																										
356	Обезьяны	image,medium	c_monkeys_g117.png	c_monkeys_g186.png	c_monkeys_g281.png	c_monkeys_g402.png	c_monkeys_g624.png	c_monkeys_g712.png	c_monkeys_g844.png	c_monkeys_g938.png	c_monkeys_g1029.png																							
357	Ниндзя	image,medium	c_ninjas_g47.png	c_ninjas_g89.png	c_ninjas_g126.png	c_ninjas_g168.png	c_ninjas_g236.png	c_ninjas_g295.png	c_ninjas_g362.png	c_ninjas_g403.png	c_ninjas_g453.png	c_ninjas_g510.png	c_ninjas_g595.png	c_ninjas_g630.png																				
358	Аптека	image,medium	c_pharmacy_g60.png	c_pharmacy_g110.png	c_pharmacy_g236.png	c_pharmacy_g252.png	c_pharmacy_g309.png	c_pharmacy_g390.png	c_pharmacy_g854.png	c_pharmacy_g1045.png	c_pharmacy_g1226.png	c_pharmacy_g1265.png	c_pharmacy_g1343.png																					
359	Радио	image,medium	c_radio_g71.png	c_radio_g105.png	c_radio_g126.png	c_radio_g195.png	c_radio_g226.png	c_radio_g246.png	c_radio_g285.png	c_radio_g332.png	c_radio_g344.png	c_radio_g409.png	c_radio_g490.png	c_radio_g491.png																				
360	Радуга	image,medium	c_rainbow_g60.png	c_rainbow_g88.png	c_rainbow_g123.png	c_rainbow_g167.png	c_rainbow_g203.png	c_rainbow_g239.png	c_rainbow_g259.png	c_rainbow_g296.png	c_rainbow_g331.png	c_rainbow_g362.png	c_rainbow_g391.png	c_rainbow_g426.png	c_rainbow_g462.png	c_rainbow_g482.png	c_rainbow_g524.png	c_rainbow_g538.png																
361	Шитьё	image,medium	c_sewing_g15.png	c_sewing_g25.png	c_sewing_g32.png	c_sewing_g45.png	c_sewing_g66.png	c_sewing_g68.png	c_sewing_g74.png	c_sewing_g128.png	c_sewing_g131.png	c_sewing_g137.png	c_sewing_g185.png	c_sewing_g201.png	c_sewing_g219.png																			
362	Коньки	image,medium	c_skating_g164.png	c_skating_g314.png	c_skating_g441.png	c_skating_g610.png	c_skating_g786.png	c_skating_g950.png	c_skating_g1041.png	c_skating_g1186.png	c_skating_g1281.png	c_skating_g1384.png	c_skating_g1522.png	c_skating_g1697.png																				
363	Небоск.	image,medium	c_skyscraper_g231.png	c_skyscraper_g530.png	c_skyscraper_g1018.png	c_skyscraper_g1137.png	c_skyscraper_g1394.png	c_skyscraper_g1424.png	c_skyscraper_g1520.png	c_skyscraper_g1972.png	c_skyscraper_g2076.png	c_skyscraper_g79.png	c_skyscraper_g708.png	c_skyscraper_g940.png																				
364	Снегов.	image,medium	c_snowman_g177.png	c_snowman_g275.png	c_snowman_g404.png	c_snowman_g557.png	c_snowman_g683.png	c_snowman_g842.png	c_snowman_g928.png	c_snowman_g1067.png	c_snowman_g1190.png	c_snowman_g1298.png																						
365	Носки	image,medium	c_socks_g9.png	c_socks_g40.png	c_socks_g78.png	c_socks_g107.png	c_socks_g140.png	c_socks_g202.png	c_socks_g228.png	c_socks_g266.png	c_socks_g721.png	c_socks_g745.png	c_socks_g768.png	c_socks_g795.png	c_socks_g813.png	c_socks_g844.png	c_socks_g862.png																	
366	Шары	image,medium	c_sport_balls_g3589.png	c_sport_balls_g3590.png	c_sport_balls_g3591.png	c_sport_balls_g3592.png	c_sport_balls_g3593.png	c_sport_balls_g3594.png	c_sport_balls_g3595.png	c_sport_balls_g3596.png	c_sport_balls_g3597.png	c_sport_balls_g3598.png	c_sport_balls_g3599.png	c_sport_balls_g3600.png	c_sport_balls_g3601.png	c_sport_balls_g3602.png	c_sport_balls_g3603.png																	
367	Чай	image,medium	c_tea_g20.png	c_tea_g46.png	c_tea_g60.png	c_tea_g111.png	c_tea_g119.png	c_tea_g362.png	c_tea_g373.png	c_tea_g388.png	c_tea_g411.png	c_tea_g438.png	c_tea_g458.png	c_tea_g476.png	c_tea_g496.png	c_tea_g511.png	c_tea_g529.png																	
368	Палатка	image,medium	c_tent_g16.png	c_tent_g32.png	c_tent_g49.png	c_tent_g70.png	c_tent_g81.png	c_tent_g103.png	c_tent_g123.png	c_tent_g136.png	c_tent_g148.png																							
369	Театр	image,medium	c_theater__x31_.png	c_theater__x31_1.png	c_theater__x31_2.png	c_theater__x31_3.png	c_theater__x31_4.png	c_theater__x31_5.png	c_theater__x31_6.png	c_theater__x33_.png	c_theater__x35_.png	c_theater__x37__2_.png	c_theater__x38_.png																					
370	Йога	image,medium	c_yoga_g79.png	c_yoga_g540.png	c_yoga_g493.png	c_yoga_g415.png	c_yoga_g377.png	c_yoga_g335.png	c_yoga_g250.png	c_yoga_g168.png																								
371	Винодел	image,medium	c_winemaker_g929.png	c_winemaker_g836.png	c_winemaker_g797.png	c_winemaker_g733.png	c_winemaker_g690.png	c_winemaker_g603.png	c_winemaker_g549.png	c_winemaker_g511.png	c_winemaker_g373.png	c_winemaker_g346.png	c_winemaker_g273.png	c_winemaker_g195.png																				
372	Вулканология	image,hard	c_volcanology_g1149.png	c_volcanology_g1148.png	c_volcanology_g1147.png	c_volcanology_g1146.png	c_volcanology_g1145.png	c_volcanology_g1144.png	c_volcanology_g1143.png	c_volcanology_g842.png	c_volcanology_g710.png	c_volcanology_g569.png																						
373	Обойщик	image,medium	c_upholsterer_g940.png	c_upholsterer_g905.png	c_upholsterer_g874.png	c_upholsterer_g748.png	c_upholsterer_g630.png	c_upholsterer_g550.png	c_upholsterer_g416.png	c_upholsterer_g334.png	c_upholsterer_g245.png	c_upholsterer_g135.png																						
374	Сейсмология	image,hard	c_seismology_g3957.png	c_seismology_g3704.png	c_seismology_g3305.png	c_seismology_g2897.png	c_seismology_g2196.png	c_seismology_g1704.png	c_seismology_g1294.png	c_seismology_g1096.png	c_seismology_g450.png	c_seismology_g394.png	c_seismology_g128.png																					
375	Гончарное дело	image,medium	c_pottery_g517.png	c_pottery_g478.png	c_pottery_g423.png	c_pottery_g375.png	c_pottery_g312.png	c_pottery_g254.png	c_pottery_g172.png	c_pottery_g117.png	c_pottery_g85.png																							
376	Полиция	image,easy	c_police_g720.png	c_police_g699.png	c_police_g672.png	c_police_g576.png	c_police_g456.png	c_police_g353.png	c_police_g185.png	c_police_g146.png	c_police_g127.png	c_police_g54.png																						
377	Сантехник	image,easy	c_plumber_g693.png	c_plumber_g642.png	c_plumber_g604.png	c_plumber_g532.png	c_plumber_g460.png	c_plumber_g403.png	c_plumber_g348.png	c_plumber_g304.png	c_plumber_g227.png	c_plumber_g184.png	c_plumber_g91.png	c_plumber_g44.png																				
378	Фотография	image,easy	c_photography_g547.png	c_photography_g494.png	c_photography_g419.png	c_photography_g389.png	c_photography_g338.png	c_photography_g273.png	c_photography_g214.png	c_photography_g177.png	c_photography_g110.png	c_photography_g51.png																						
379	Оптик	image,easy	c_optician_g648.png	c_optician_g544.png	c_optician_g433.png	c_optician_g325.png	c_optician_g197.png	c_optician_g87.png																										
380	Прачечная самообслуживания	image,easy	c_laundromat__x39_.png	c_laundromat__x37__1_.png	c_laundromat__x36_.png	c_laundromat__x35_.png	c_laundromat__x34_.png	c_laundromat__x33_.png	c_laundromat__x32_.png	c_laundromat__x31_6.png	c_laundromat__x31_5.png	c_laundromat__x31_4.png	c_laundromat__x31_3.png	c_laundromat__x31_2.png	c_laundromat__x31_1.png	c_laundromat__x31_0.png	c_laundromat__x31_.png																	
381	Кафе-мороженое	image,easy	c_ice_cream_shop_g2983.png	c_ice_cream_shop_g2890.png	c_ice_cream_shop_g2598.png	c_ice_cream_shop_g2434.png	c_ice_cream_shop_g1959.png	c_ice_cream_shop_g1344.png	c_ice_cream_shop_g1199.png	c_ice_cream_shop_g983.png	c_ice_cream_shop_g829.png	c_ice_cream_shop_g499.png																						
382	Пожарный	image,easy	c_firefighter_g1896.png	c_firefighter_g1773.png	c_firefighter_g864.png	c_firefighter_g800.png	c_firefighter_g619.png	c_firefighter_g467.png	c_firefighter_g367.png	c_firefighter_g302.png	c_firefighter_g229.png	c_firefighter_g145.png	c_firefighter_g67.png																					
383	Фехтование	image,medium	c_fencing_g1767.png	c_fencing_g1644.png	c_fencing_g1544.png	c_fencing_g1485.png	c_fencing_g1373.png	c_fencing_g1318.png	c_fencing_g1199.png	c_fencing_g1071.png	c_fencing_g960.png	c_fencing_g827.png	c_fencing_g714.png	c_fencing_g595.png	c_fencing_g481.png	c_fencing_g362.png	c_fencing_g249.png	c_fencing_g123.png																
384	Ярмарочная площадь / Луна-парк	image,easy	c_fairground_g927.png	c_fairground_g850.png	c_fairground_g787.png	c_fairground_g706.png	c_fairground_g639.png	c_fairground_g560.png	c_fairground_g461.png	c_fairground_g1112.png	c_fairground_g1057.png	c_fairground_g1004.png	c_fairground_g378.png	c_fairground_g310.png	c_fairground_g258.png	c_fairground_g196.png	c_fairground_g122.png																	
385	Дайвер / Водолаз	image,hard	c_diver_g710.png	c_diver_g709.png	c_diver_g708.png	c_diver_g707.png	c_diver_g706.png	c_diver_g705.png	c_diver_g704.png	c_diver_g295.png	c_diver_g215.png																							
386	Кемпер / Автодом	image,easy	c_camper_van_g448.png	c_camper_van_g414.png	c_camper_van_g353.png	c_camper_van_g307.png	c_camper_van_g271.png	c_camper_van_g214.png	c_camper_van_g150.png	c_camper_van_g113.png	c_camper_van_g72.png	c_camper_van_g46.png																						
387	Строительство	image,easy	c_construction_g961.png	c_construction_g835.png	c_construction_g790.png	c_construction_g730.png	c_construction_g663.png	c_construction_g609.png	c_construction_g550.png	c_construction_g500.png	c_construction_g461.png	c_construction_g393.png	c_construction_g168.png	c_construction_g99.png	c_construction_g53.png																			
388	Бокс	image,easy	c_boxing_g431.png	c_boxing_g398.png	c_boxing_g364.png	c_boxing_g301.png	c_boxing_g257.png	c_boxing_g203.png	c_boxing_g177.png	c_boxing_g152.png	c_boxing_g106.png	c_boxing_g71.png	c_boxing_g34.png																					
389	Боулинг	image,easy	c_bowling_g2199.png	c_bowling_g2198.png	c_bowling_g2197.png	c_bowling_g2196.png	c_bowling_g2195.png	c_bowling_g2194.png	c_bowling_g2193.png	c_bowling_g2192.png																								
390	Переплетное дело	image,hard	c_bookbinding_g2068.png	c_bookbinding_g1996.png	c_bookbinding_g1950.png	c_bookbinding_g1796.png	c_bookbinding_g1755.png	c_bookbinding_g1548.png	c_bookbinding_g1489.png	c_bookbinding_g1439.png	c_bookbinding_g1288.png	c_bookbinding_g1138.png	c_bookbinding_g565.png	c_bookbinding_g296.png	c_bookbinding_g158.png																			
391	Кузнец	image,medium	c_blacksmith_g302.png	c_blacksmith_g271.png	c_blacksmith_g228.png	c_blacksmith_g187.png	c_blacksmith_g125.png	c_blacksmith_g68.png																										
392	Плетение корзин	image,medium	c_basketry_g5564.png	c_basketry_g4994.png	c_basketry_g4903.png	c_basketry_g4721.png	c_basketry_g4561.png	c_basketry_g4218.png	c_basketry_g4155.png	c_basketry_g4085.png	c_basketry_g3790.png	c_basketry_g3601.png	c_basketry_g2934.png	c_basketry_g2515.png	c_basketry_g2210.png	c_basketry_g1958.png	c_basketry_g1827.png	c_basketry_g1625.png	c_basketry_g1263.png	c_basketry_g611.png	c_basketry_g248.png	c_basketry_g99.png												
393	Астрономия	image,medium	c_astronomy_g805.png	c_astronomy_g735.png	c_astronomy_g660.png	c_astronomy_g554.png	c_astronomy_g434.png	c_astronomy_g372.png	c_astronomy_g302.png	c_astronomy_g226.png	c_astronomy_g200.png	c_astronomy_g144.png	c_astronomy_g111.png	c_astronomy_g57.png	c_astronomy_g23.png																			
394	Стрельба из лука	image,medium	c_archery_g917.png	c_archery_g584.png	c_archery_g569.png	c_archery_g498.png	c_archery_g422.png	c_archery_g400.png	c_archery_g334.png	c_archery_g265.png	c_archery_g250.png	c_archery_g244.png	c_archery_g221.png	c_archery_g204.png	c_archery_g174.png	c_archery_g13.png																		
395	Аквариум / Океанариум	image,easy	c_aquarium_g9109.png	c_aquarium_g9024.png	c_aquarium_g5237.png	c_aquarium_g2998.png	c_aquarium_g2147.png	c_aquarium_g2133.png	c_aquarium_g1115.png	c_aquarium_g812.png	c_aquarium_g808.png	c_aquarium_g803.png	c_aquarium_g720.png	c_aquarium_g682.png	c_aquarium_g635.png																			
396	Бильярд	image,easy	c_billiard_g239.png	c_billiard_g226.png	c_billiard_g220.png	c_billiard_g214.png	c_billiard_g194.png	c_billiard_g184.png	c_billiard_g115.png	c_billiard_g102.png	c_billiard_g90.png	c_billiard_g88.png	c_billiard_g76.png	c_billiard_g45.png																				
397	Пекарня	image,easy	c_bakery_g755.png	c_bakery_g685.png	c_bakery_g607.png	c_bakery_g519.png	c_bakery_g500.png	c_bakery_g492.png	c_bakery_g472.png	c_bakery_g448.png	c_bakery_g389.png	c_bakery_g375.png	c_bakery_g322.png	c_bakery_g260.png	c_bakery_g154.png	c_bakery_g117.png	c_bakery_g44.png	c_bakery_g33.png																
398	Пчеловод	image,medium	c_beekeeper_g6573.png	c_beekeeper_g6572.png	c_beekeeper_g5974.png	c_beekeeper_g5920.png	c_beekeeper_g4401.png	c_beekeeper_g3576.png	c_beekeeper_g3331.png	c_beekeeper_g376.png	c_beekeeper_g357.png	c_beekeeper_g307.png	c_beekeeper_g287.png	c_beekeeper_g196.png	c_beekeeper_g170.png																			
399	Китай	image,medium	c_china_g1.png	c_china_g57.png	c_china_g58.png	c_china_g59.png	c_china_g60.png	c_china_g61.png	c_china_g62.png	c_china_g63.png	c_china_g64.png	c_china_g65.png	c_china_g66.png	c_china_g67.png	c_china_g68.png	c_china_g69.png	c_china_g70.png	c_china_g71.png	c_china_g72.png	c_china_g73.png	c_china_g74.png	c_china_g75.png	c_china_g76.png	c_china_g77.png	c_china_g78.png									
400	Овощи	image,medium	c_vegetables2_g1115.png	c_vegetables2_g1118.png	c_vegetables2_g1119.png	c_vegetables2_g1120.png	c_vegetables2_g1125.png	c_vegetables2_g1126.png	c_vegetables2_g1127.png	c_vegetables2_g1129.png	c_vegetables2_g1131.png	c_vegetables2_g1132.png	c_vegetables2_g1133.png	c_vegetables2_g1134.png	c_vegetables2_g1136.png	c_vegetables2_g1137.png	c_vegetables2_g1138.png	c_vegetables2_g1139.png																
401	Рептилии	image,medium	c_reptiles_g87.png	c_reptiles_g138.png	c_reptiles_g257.png	c_reptiles_g464.png	c_reptiles_g529.png	c_reptiles_g582.png	c_reptiles_g754.png	c_reptiles_g772.png	c_reptiles_g858.png																							
402	Испания	image,medium	c_spain_g13.png	c_spain_g55.png	c_spain_g115.png	c_spain_g170.png	c_spain_g182.png	c_spain_g202.png	c_spain_g249.png	c_spain_g275.png	c_spain_g334.png	c_spain_g355.png	c_spain_g470.png	c_spain_g589.png	c_spain_g710.png	c_spain_g839.png	c_spain_g893.png	c_spain_g1296.png	c_spain_g1361.png															
403	Часы	image,hard	c_clocks_g115.png	c_clocks_g6.png	c_clocks_g13.png	c_clocks_g34.png	c_clocks_g40.png	c_clocks_g54.png	c_clocks_g63.png	c_clocks_g71.png	c_clocks_g89.png	c_clocks_g143.png	c_clocks_g151.png	c_clocks_g162.png	c_clocks_g185.png																			
404	Рыцари	image,easy	c_knights_g77.png	c_knights_g162.png	c_knights_g235.png	c_knights_g323.png	c_knights_g384.png	c_knights_g461.png	c_knights_g517.png	c_knights_g648.png																								
405	Лимон	image,easy	c_lemon_g13152.png	c_lemon_g18931.png	c_lemon_g23413.png	c_lemon_g28153.png	c_lemon_g33293.png	c_lemon_g34431.png	c_lemon_g7436.png	c_lemon_g42508.png	c_lemon_g46985.png																							
406	Майя	image,hard	c_mayans_g921.png	c_mayans_g1146.png	c_mayans_g1242.png	c_mayans_g1873.png	c_mayans_g2097.png	c_mayans_g2369.png	c_mayans_g2541.png	c_mayans_g2593.png	c_mayans_g2808.png	c_mayans_g2839.png	c_mayans_g2939.png																					
407	Банк / Деньги	image,medium	c_banking_g17.png	c_banking_g38.png	c_banking_g75.png	c_banking_g94.png	c_banking_g220.png	c_banking_g324.png	c_banking_g346.png	c_banking_g411.png	c_banking_g430.png	c_banking_g467.png	c_banking_g495.png	c_banking_g563.png	c_banking_g598.png	c_banking_g694.png	c_banking_g739.png	c_banking_g781.png																
408	Барбекю	image,easy	c_barbecue_g242.png	c_barbecue_g569.png	c_barbecue_g789.png	c_barbecue_g1031.png	c_barbecue_g1087.png	c_barbecue_g1289.png																										
409	День рождения	image,easy	c_birthday_g14.png	c_birthday_g23.png	c_birthday_g42.png	c_birthday_g80.png	c_birthday_g122.png	c_birthday_g183.png	c_birthday_g235.png	c_birthday_g302.png	c_birthday_g349.png	c_birthday_g432.png	c_birthday_g487.png	c_birthday_g514.png	c_birthday_g534.png	c_birthday_g555.png	c_birthday_g579.png																	
410	Хлеб	image,medium	c_bread_g6155.png	c_bread_g6156.png	c_bread_g6157.png	c_bread_g6158.png	c_bread_g6159.png	c_bread_g6160.png	c_bread_g6161.png	c_bread_g6162.png	c_bread_g6163.png	c_bread_g6164.png	c_bread_g6165.png	c_bread_g6166.png	c_bread_g6167.png	c_bread_g6168.png	c_bread_g6169.png	c_bread_g6170.png																
411	Кемпинг	image,medium	c_camping_g101.png	c_camping_g179.png	c_camping_g293.png	c_camping_g387.png	c_camping_g439.png	c_camping_g486.png	c_camping_g569.png	c_camping_g595.png	c_camping_g622.png	c_camping_g649.png	c_camping_g681.png	c_camping_g732.png	c_camping_g751.png	c_camping_g769.png																		
412	Свечи	image,easy	c_candles_g14.png	c_candles_g31.png	c_candles_g44.png	c_candles_g704.png	c_candles_g727.png	c_candles_g773.png	c_candles_g789.png	c_candles_g797.png	c_candles_g834.png	c_candles_g847.png	c_candles_g1047.png	c_candles_g1062.png	c_candles_g1109.png																			
413	Чистка	image,easy	c_cleaning__x31_.png	c_cleaning__x31_0.png	c_cleaning__x31_1.png	c_cleaning__x31_4.png	c_cleaning__x32_.png	c_cleaning__x33_.png	c_cleaning__x34_.png	c_cleaning__x35_.png	c_cleaning__x36_.png	c_cleaning__x37_.png	c_cleaning__x38_.png	c_cleaning__x39_.png																				
414	Часы	image,hard	c_clock_g6.png	c_clock_g13.png	c_clock_g34.png	c_clock_g40.png	c_clock_g54.png	c_clock_g63.png	c_clock_g71.png	c_clock_g89.png	c_clock_g115.png	c_clock_g143.png	c_clock_g151.png	c_clock_g162.png	c_clock_g185.png																			
415	Дантист / Стоматолог	image,medium	c_dentist_g2018.png	c_dentist_g2019.png	c_dentist_g2020.png	c_dentist_g2021.png	c_dentist_g2022.png	c_dentist_g2023.png	c_dentist_g2024.png	c_dentist_g2025.png	c_dentist_g2026.png	c_dentist_g2027.png	c_dentist_g2028.png	c_dentist_g2029.png	c_dentist_g2030.png	c_dentist_g2031.png	c_dentist_g2032.png	c_dentist_g2033.png																
416	Электричество	image,easy	c_electricity_g9.png	c_electricity_g32.png	c_electricity_g108.png	c_electricity_g133.png	c_electricity_g134.png	c_electricity_g150.png	c_electricity_g165.png	c_electricity_g196.png	c_electricity_g259.png	c_electricity_g342.png	c_electricity_g419.png																					
417	Гольф	image,medium	c_golf_g508.png	c_golf_g573.png	c_golf_g582.png	c_golf_g762.png	c_golf_g905.png	c_golf_g956.png	c_golf_g1071.png	c_golf_g1212.png	c_golf_g1295.png	c_golf_g1407.png	c_golf_g1496.png	c_golf_g1527.png	c_golf_g1642.png																			
418	Мороженое	image,easy	c_ice_creams_g677.png	c_ice_creams_g678.png	c_ice_creams_g679.png	c_ice_creams_g680.png	c_ice_creams_g681.png	c_ice_creams_g682.png	c_ice_creams_g683.png	c_ice_creams_g684.png																								
419	Лаборатория	image,medium	c_laboratory_g46.png	c_laboratory_g110.png	c_laboratory_g187.png	c_laboratory_g239.png	c_laboratory_g297.png	c_laboratory_g347.png	c_laboratory_g398.png	c_laboratory_g437.png	c_laboratory_g478.png																							
420	Мексиканская кухня	image,easy	c_mexican_food_g323.png	c_mexican_food_g367.png	c_mexican_food_g1296.png	c_mexican_food_g1899.png	c_mexican_food_g3265.png	c_mexican_food_g3303.png	c_mexican_food_g3625.png	c_mexican_food_g3669.png	c_mexican_food_g3952.png	c_mexican_food_g4012.png	c_mexican_food_g4351.png	c_mexican_food_g4632.png	c_mexican_food_g4873.png																			
421	Музей	image,easy	c_museum_g6.png	c_museum_g26.png	c_museum_g88.png	c_museum_g124.png	c_museum_g138.png	c_museum_g147.png	c_museum_g200.png	c_museum_g244.png	c_museum_g267.png	c_museum_g295.png	c_museum_g307.png	c_museum_g322.png																				
422	Опера	image,medium	c_opera_g38.png	c_opera_g69.png	c_opera_g83.png	c_opera_g96.png	c_opera_g119.png	c_opera_g127.png	c_opera_g147.png	c_opera_g170.png	c_opera_g207.png	c_opera_g218.png	c_opera_g231.png	c_opera_g246.png	c_opera_g447.png																			
423	Пикник	image,easy	c_picnic_g763.png	c_picnic_g1162.png	c_picnic_g1371.png	c_picnic_g2025.png	c_picnic_g2684.png	c_picnic_g3262.png																										
424	Почта	image,medium	c_post_g26.png	c_post_g44.png	c_post_g77.png	c_post_g106.png	c_post_g139.png	c_post_g169.png	c_post_g205.png	c_post_g231.png	c_post_g285.png	c_post_g300.png																						
425	Предыстория	image,easy	c_prehistory_g81.png	c_prehistory_g110.png	c_prehistory_g165.png	c_prehistory_g207.png	c_prehistory_g254.png	c_prehistory_g298.png	c_prehistory_g350.png	c_prehistory_g387.png	c_prehistory_g406.png	c_prehistory_g567.png																						
426	Римская империя	image,easy	c_roman_empire_g117.png	c_roman_empire_g315.png	c_roman_empire_g410.png	c_roman_empire_g514.png	c_roman_empire_g611.png	c_roman_empire_g842.png	c_roman_empire_g913.png	c_roman_empire_g926.png	c_roman_empire_g963.png	c_roman_empire_g982.png	c_roman_empire_g990.png	c_roman_empire_g1142.png	c_roman_empire_g1188.png	c_roman_empire_g1216.png	c_roman_empire_g1363.png	c_roman_empire_g1454.png																
427	Скульптура	image,easy	c_sculpture_g32.png	c_sculpture_g68.png	c_sculpture_g91.png	c_sculpture_g115.png	c_sculpture_g136.png	c_sculpture_g160.png	c_sculpture_g225.png	c_sculpture_g257.png	c_sculpture_g290.png	c_sculpture_g321.png	c_sculpture_g362.png	c_sculpture_g382.png	c_sculpture_g396.png	c_sculpture_g419.png	c_sculpture_g446.png	c_sculpture_g473.png	c_sculpture_g493.png	c_sculpture_g504.png	c_sculpture_g512.png	c_sculpture_g572.png	c_sculpture_g617.png	c_sculpture_g660.png	c_sculpture_g722.png	c_sculpture_g781.png	c_sculpture_g798.png	c_sculpture_g836.png	c_sculpture_g879.png	c_sculpture_g902.png	c_sculpture_g914.png	c_sculpture_g963.png		
428	Мыло	image,easy	c_soap_g2734.png	c_soap_g2735.png	c_soap_g2736.png	c_soap_g2737.png	c_soap_g2738.png	c_soap_g2739.png	c_soap_g2740.png	c_soap_g2741.png																								
429	Статуя	image,easy	c_statue_g1.png	c_statue_g2.png	c_statue_g3.png	c_statue_g4.png	c_statue_g5.png	c_statue_g6.png	c_statue_g7.png	c_statue_g8.png																								
430	Сёрфинг	image,medium	c_surfing_g42.png	c_surfing_g83.png	c_surfing_g127.png	c_surfing_g170.png	c_surfing_g217.png	c_surfing_g252.png	c_surfing_g297.png	c_surfing_g344.png	c_surfing_g386.png	c_surfing_g426.png	c_surfing_g470.png	c_surfing_g509.png	c_surfing_g549.png	c_surfing_g590.png	c_surfing_g633.png	c_surfing_g663.png	c_surfing_g701.png	c_surfing_g737.png	c_surfing_g774.png	c_surfing_g815.png	c_surfing_g853.png	c_surfing_g888.png	c_surfing_g918.png	c_surfing_g948.png								
431	Свадьба	image,easy	c_wedding_g40.png	c_wedding_g63.png	c_wedding_g86.png	c_wedding_g117.png	c_wedding_g145.png	c_wedding_g180.png	c_wedding_g206.png	c_wedding_g289.png	c_wedding_g317.png																							
432	Насекомые	image,hard	c_insects_g29.png	c_insects_g54.png	c_insects_g91.png	c_insects_g121.png	c_insects_g228.png	c_insects_g265.png	c_insects_g302.png	c_insects_g342.png	c_insects_g377.png	c_insects_g408.png	c_insects_g448.png	c_insects_g516.png	c_insects_g568.png	c_insects_g596.png	c_insects_g641.png	c_insects_g709.png																
433	Суши	image,easy	c_sushi_g26.png	c_sushi_g63.png	c_sushi_g80.png	c_sushi_g96.png	c_sushi_g125.png	c_sushi_g161.png	c_sushi_g229.png	c_sushi_g253.png	c_sushi_g280.png	c_sushi_g324.png	c_sushi_g349.png																					
434	Дельфины	image,easy	c_dolphins_g40.png	c_dolphins_g78.png	c_dolphins_g93.png	c_dolphins_g197.png	c_dolphins_g232.png	c_dolphins_g257.png	c_dolphins_g286.png	c_dolphins_g322.png	c_dolphins_g365.png	c_dolphins_g400.png	c_dolphins_g433.png	c_dolphins_g478.png																				
435	Бургеры	image,medium	c_burgers_g354.png	c_burgers_g667.png	c_burgers_g907.png	c_burgers_g1145.png	c_burgers_g1465.png	c_burgers_g1689.png	c_burgers_g1975.png	c_burgers_g2194.png	c_burgers_g2367.png	c_burgers_g2697.png	c_burgers_g3096.png	c_burgers_g3470.png																				
436	Школа	image,medium	c_school_g149.png	c_school_g164.png	c_school_g181.png	c_school_g194.png	c_school_g208.png	c_school_g245.png	c_school_g261.png	c_school_g295.png	c_school_g322.png	c_school_g346.png	c_school_g374.png	c_school_g382.png	c_school_g406.png	c_school_g420.png	c_school_g430.png	c_school_g458.png	c_school_g464.png	c_school_g511.png	c_school_g480.png	c_school_g491.png	c_school_g500.png	c_school_g510.png										
437	Горы	image,easy	c_mountain_g59.png	c_mountain_g88.png	c_mountain_g125.png	c_mountain_g156.png	c_mountain_g189.png	c_mountain_g219.png	c_mountain_g280.png	c_mountain_g312.png	c_mountain_g339.png																							
438	Вампиры	image,easy	c_vampires_g59.png	c_vampires_g76.png	c_vampires_g106.png	c_vampires_g180.png	c_vampires_g206.png	c_vampires_g257.png	c_vampires_g290.png	c_vampires_g324.png	c_vampires_g342.png	c_vampires_g378.png	c_vampires_g405.png	c_vampires_g433.png	c_vampires_g479.png																			
439	Скейтборд	image,easy	c_skateboard_g6.png	c_skateboard_g33.png	c_skateboard_g45.png	c_skateboard_g53.png	c_skateboard_g74.png	c_skateboard_g120.png	c_skateboard_g127.png	c_skateboard_g140.png	c_skateboard_g153.png	c_skateboard_g165.png	c_skateboard_g174.png	c_skateboard_g251.png	c_skateboard_g302.png																			
440	Уличное искусство	image,easy	c_street_art_g3936.png	c_street_art_g6106.png	c_street_art_g11469.png	c_street_art_g14133.png	c_street_art_g15675.png	c_street_art_g17436.png	c_street_art_g19226.png	c_street_art_g23898.png	c_street_art_g26480.png	c_street_art_g29777.png																						
441	Карнавал	image,medium	c_carnival_g70.png	c_carnival_g137.png	c_carnival_g205.png	c_carnival_g264.png	c_carnival_g350.png	c_carnival_g454.png	c_carnival_g527.png	c_carnival_g637.png	c_carnival_g730.png	c_carnival_g784.png																						
442	Бранч	image,hard	c_brunch_g435.png	c_brunch_g545.png	c_brunch_g830.png	c_brunch_g936.png	c_brunch_g958.png	c_brunch_g1009.png	c_brunch_g1204.png	c_brunch_g1282.png	c_brunch_g1431.png																							
																																		
																																		
																																		
																																		
																																		
																																		
																																		
																																		
																																		
																																		
																																		
																																		
																																		
																																		
																																		
																																		
																																		
																																		
																																		
																																		
																																		
																																		
																																		
																																		
																																		
																																		
																																		
																																		
																																		
																																		
																																		
																																		
																																		
																																		
																																		
																																		
																																		
																																		
																																		
																																		
																																		
																																		
																																		
																																		
																																		
																																		
																																		
																																		
																																		
																																		
																																		
																																		
																																		
																																		
																																		
																																		
																																		
																																		
																																		
																																		
																																		
																																		
																																		
																																		
																																		
																																		
																																		
																																		
																																		
																																		
																																		
																																		
																																		
																																		
																																		
																																		
																																		
																																		
																																		
																																		
																																		
																																		
																																		
																																		
																																		
																																		
																																		
																																		
																																		
																																		
																																		
																																		
																																		
																																		
																																		
																																		
																																		
																																		
																																		
																																		
																																		
																																		
																																		
																																		
																																		
																																		
																																		
																																		
																																		
																																		
																																		
																																		
																																		
																																		
																																		
																																		
																																		
																																		
																																		
																																		
																																		
																																		
																																		
																																		
																																		
																																		
																																		
																																		
																																		
																																		
																																		
																																		
																																		
																																		
																																		
																																		
																																		
																																		
																																		
																																		
																																		
																																		
																																		
																																		
																																		
																																		
																																		
																																		
																																		
																																		
																																		
																																		
																																		
																																		
																																		
																																		
																																		
																																		
																																		
																																		
																																		
																																		
																																		
																																		
																																		
																																		
																																		
																																		
																																		
																																		
																																		
																																		
																																		
																																		
																																		
																																		
																																		
																																		
																																		
																																		
																																		
																																		
																																		
																																		
																																		
																																		
																																		
																																		
																																		
																																		
																																		
																																		
																																		
																																		
																																		
																																		
																																		
																																		
																																		
																																		
																																		
																																		
																																		
																																		
																																		
																																		
																																		
																																		
																																		
																																		
																																		
																																		
																																		
																																		
																																		
																																		
																																		
																																		
																																		
																																		
																																		
																																		
																																		
																																		
																																		
																																		
																																		
																																		
																																		
																																		
																																		
																																		
																																		
																																		
																																		
																																		
																																		
																																		
																																		
																																		
																																		
																																		
																																		
																																		
																																		
																																		
																																		
																																		
																																		
																																		
																																		
																																		
																																		
																																		
																																		
																																		
																																		
																																		
																																		
																																		
																																		
																																		
																																		
																																		
																																		
																																		
																																		
																																		
																																		
																																		
																																		
																																		
																																		
																																		
																																		
																																		
																																		
																																		
																																		
																																		
																																		
																																		
																																		
																																		
																																		
																																		
																																		
																																		
																																		
																																		
																																		
																																		
																																		
																																		
																																		
																																		
																																		
																																		
																																		
																																		
																																		
																																		
																																		
																																		
																																		
																																		
																																		
																																		
																																		
																																		
																																		
																																		
																																		
																																		
																																		
																																		
																																		
																																		
																																		
																																		
																																		
																																		
																																		
																																		
																																		
																																		
																																		
																																		
																																		
																																		
																																		
																																		
																																		
																																		
																																		
																																		
																																		
																																		
																																		
																																		
																																		
																																		
																																		
																																		
																																		
																																		
																																		
																																		
																																		
																																		
																																		
																																		
																																		
																																		
																																		
																																		
																																		
																																		
																																		
																																		
																																		
																																		
																																		
																																		
																																		
																																		
																																		
																																		
																																		
																																		
																																		
																																		
																																		
																																		
																																		
																																		
																																		
																																		
																																		
																																		
																																		
																																		
																																		
																																		
																																		
																																		
																																		
																																		
																																		
																																		
																																		
																																		
																																		
																																		
																																		
																																		
																																		
																																		
																																		
																																		
																																		
																																		
																																		
																																		
																																		
																																		
																																		
																																		
																																		
																																		
																																		
																																		
																																		
																																		
																																		
																																		
																																		
																																		
																																		
																																		
																																		
																																		
																																		
																																		
																																		
																																		
																																		
																																		
																																		
																																		
																																		
																																		
																																		
																																		
																																		
																																		
																																		
																																		
																																		
																																		
																																		
																																		
																																		
																																		
																																		
																																		
																																		
																																		
																																		
																																		
																																		
																																		
																																		
																																		
																																		
																																		
																																		
																																		
																																		
																																		
																																		
																																		
																																		
																																		
																																		
																																		
																																		
																																		
																																		
																																		
																																		
																																		
																																		
																																		
																																		
																																		
																																		
																																		
																																		
																																		
																																		
																																		
																																		
																																		
																																		
																																		
																																		
																																		
																																		
																																		
																																		
																																		
																																		
																																		
																																		
																																		
																																		
																																		
																																		
																																		
																																		
																																		
																																		
																																		
																																		
																																		
																																		
																																		
																																		
																																		
																																		
																																		
																																		
																																		
																																		
																																		
																																		
																																		
																																		
																																		
																																		
																																		
																																		
																																		
																																		
																																		
																																		
																																		
																																		
																																		
																																		
																																		
																																		
																																		
																																		
																																		
																																		
																																		
																																		
																																		
																																		
																																		
																																		
																																		
																																		
																																		
																																		
																																		
																																		
																																		
																																		
																																		
																																		
																																		
																																		