Id	Category	Tags																																																															
0	Compass	easy	North	East	South	West	Northwest	Northeast	Southwest	Southeast	Bearing	Azimuth	Needle	Magnet	Dial	Point	Orientation																																																
1	Job	easy	Nurse	Driver	Teacher	Engineer	Plumber	Lawyer	Chef	Doctor	Artist	Manager	Firefighter	Pilot	Accountant	Mechanic	Electrician																																																
2	Colors	easy	Red	Blue	Yellow	Green	Orange	Purple	Black	White	Gray	Brown	Pink	Gold	Silver	Cyan	Magenta																																																
3	Musical Instruments	easy	Guitar	Piano	Violin	Drums	Trumpet	Cello	Flute	Saxophone	Harp	Clarinet	Oboe	Tuba	Banjo	Marimba	Accordion																																																
4	Planets	easy	Mercury	Venus	Earth	Mars	Jupiter	Saturn	Uranus	Neptune	Pluto (dwarf)	Exoplanet	Orbit	Comet	Asteroid	Galaxy	Solar System																																																
5	Kitchen Utensils	easy	Fork	Spoon	Knife	Whisk	Spatula	Ladle	Rolling Pin	Colander	Peeler	Tongs	Measuring Cup	Grater	Skillet	Pot	Blender																																																
6	Weather	easy	Rain	Snow	Cloud	Wind	Fog	Storm	Sun	Thunder	Lightning	Hail	Breeze	Drizzle	Blizzard	Hurricane	Tornado																																																
7	Shapes	easy	Circle	Square	Triangle	Rectangle	Oval	Star	Diamond	Hexagon	Pentagon	Octagon	Sphere	Cube	Pyramid	Cone	Cylinder																																																
8	Sports	easy	Football	Basketball	Tennis	Golf	Baseball	Running	Swimming	Volleyball	Hockey	Boxing	Cycling	Skiing	Rugby	Fencing	Cricket																																																
9	Fruits	easy	Apple	Banana	Cherry	Orange	Strawberry	Mango	Pineapple	Watermelon	Lemon	Blueberry	Raspberry	Kiwi	Peach	Grape	Pear																																																
10	Vegetables	easy	Carrot	Potato	Tomato	Lettuce	Broccoli	Onion	Pepper	Corn	Spinach	Cabbage	Cucumber	Zucchini	Mushroom	Asparagus	Radish																																																
11	Body Parts	easy	Head	Arm	Leg	Hand	Foot	Eye	Ear	Nose	Mouth	Neck	Shoulder	Finger	Toe	Chest	Stomach																																																
12	Emotions	easy	Joy	Anger	Fear	Sadness	Surprise	Disgust	Excitement	Calm	Love	Anxiety	Shame	Guilt	Envy	Hope	Pride																																																
13	Transport	easy	Car	Bus	Train	Airplane	Bicycle	Boat	Ship	Motorcycle	Scooter	Subway	Taxi	Helicopter	Ferry	Lorry	Rocket																																																
14	Music	easy	Disco	Pop	Jazz	Classical	Blues	Country	Hip Hop	Electronic	Reggae	Folk	Metal	Soul	Rock	Gospel	Opera																																																
15	School Subjects	easy	Math	Science	History	English	Art	Geography	Music	Physics	Chemistry	Biology	Literature	Economics	Psychology	Foreign Language	Drama																																																
16	Garden	easy	Flower	Tree	Bush	Shovel	Rake	Soil	Grass	Hose	Watering Can	Fence	Bench	Birdhouse	Seed	Compost	Pothole																																																
17	Furniture	easy	Chair	Table	Sofa	Bed	Desk	Lamp	Shelf	Cabinet	Dresser	Stool	Ottoman	Rug	Mirror	Clock	Wardrobe																																																
18	Desserts	easy	Cake	Pie	Cheesecake	Ice Cream	Pudding	Brownie	Donut	Muffin	Tart	Cookie	Sorbet	Custard	Gelato	Waffle	Soufflé																																																
19	Board Games	easy	Chess	Checkers	Monopoly	Scrabble	Clue	Risk	Go	Backgammon	Dominos	Poker	Bingo	Dice	Token	Card	Strategy																																																
20	Birds	easy	Robin	Sparrow	Eagle	Hawk	Pigeon	Owl	Penguin	Parrot	Canary	Crow	Swan	Duck	Goose	Vulture	Albatross																																																
21	Mammals	easy	Elephant	Lion	Tiger	Monkey	Bear	Wolf	Deer	Fox	Rabbit	Mouse	Whale	Bat	Kangaroo	Horse	Zebra																																																
22	Technology	easy	Computer	Phone	Internet	Software	Hardware	Network	Chip	Pixel	Data	Server	Cloud	Tablet	Router	Keyboard	Algorithm																																																
23	Footwear	easy	Shoe	Boot	Sandal	Sneaker	Heel	Slipper	Loafer	Moccasin	Clog	Trainer	Flip-Flop	Wellington	Pump	Cleat	Oxford																																																
24	Office Supplies	easy	Pen	Paper	Stapler	Folder	Marker	Printer	Envelope	Scissors	Highlighter	Paperclip	Binder	Whiteboard	Post-it	Calculator	Tape																																																
25	Amusement Park	easy	Rollercoaster	Ferris Wheel	Carousel	Ticket	Ride	Line	Cotton Candy	Game	Midway	Booth	Thrill	Admission	Park	Mascot	Souvenir																																																
26	Countries	easy	Brazil	England	India	Russia	Canada	Mexico	Egypt	Nigeria	Japan	Korea	Australia	Germany	France	Finland	Argentina																																																
27	Fast Food	easy	Burger	Fries	Pizza	Taco	Sandwich	Hot Dog	Chicken	Shake	Soda	Doughnut	Wrap	Nuggets	Onion Rings	Drive-Thru	Ketchup																																																
28	Names	easy	Michael	Jessica	Chris	Emily	David	Sarah	James	Anna	Robert	Laura	John	Maria	William	Nicole	Thomas																																																
29	Holidays	easy	Christmas	Easter	Halloween	Thanksgiving	Diwali	Hanukkah	New Year	Valentine's	Birthday	Anniversary	Festival	Vacation	Celebration	Parade	Feast																																																
30	Insects	easy	Ant	Bee	Fly	Mosquito	Beetle	Butterfly	Moth	Cricket	Grasshopper	Wasp	Locust	Ladybug	Termite	Dragonfly	Caterpillar																																																
31	Adjectives	easy	Happy	Sad	Tall	Short	Fast	Slow	Big	Small	Red	Blue	Loud	Quiet	Bright	Dark	Smooth																																																
32	Verbs	easy	Run	Jump	Walk	Eat	Sleep	Speak	Think	Write	Read	Drive	Sing	Dance	Fly	Swim	Build																																																
33	Materials	easy	Wood	Metal	Plastic	Glass	Rubber	Paper	Ceramic	Concrete	Brick	Fabric	Foam	Resin	Clay	Stone	Wax																																																
34	Tools	easy	Hammer	Drill	Saw	Wrench	Pliers	Level	Screwdriver	Chisel	Ax	Measuring Tape	Vise	File	Clamp	Staple Gun	Ladder																																																
35	Clothing	easy	Shirt	Pants	Dress	Skirt	Jacket	Sweater	Coat	Socks	Shoes	Hat	Scarf	Gloves	Belt	Tie	Jeans																																																
36	Card Games	easy	Poker	Bridge	Rummy	Solitaire	Blackjack	Go Fish	Hearts	Cribbage	Euchre	Pinochle	Deck	Hand	Shuffle	Deal	Trump																																																
37	Weather Events	easy	Rain	Snow	Hail	Thunderstorm	Blizzard	Hurricane	Tornado	Drought	Fog	Wind	Cyclone	Sleet	Rainbow	Cloudburst	Monsoon																																																
38	Kitchen Appliances	easy	Oven	Stove	Microwave	Toaster	Blender	Refrigerator	Dishwasher	Coffee Maker	Mixer	Grill	Kettle	Food Processor	Fryer	Range	Hood																																																
39	Musical Genres	easy	Pop	Rock	Jazz	Blues	Classical	Folk	Metal	Hip-Hop	Reggae	EDM	Soul	Country	Opera	Punk	Disco																																																
40	Prepositions	easy	At	On	In	To	For	With	Under	Over	Through	About	Between	Among	Behind	Before	After																																																
41	Farm Animals	easy	Cow	Pig	Chicken	Sheep	Horse	Goat	Duck	Turkey	Goose	Donkey	Llama	Alpaca	Rabbit	Rooster	Calf																																																
42	Sports Equipment	easy	Ball	Bat	Racket	Club	Net	Stick	Helmet	Glove	Pads	Skates	Goggles	Hoop	Cleats	Goal	Shuttlecock																																																
43	Building Parts	easy	Wall	Floor	Ceiling	Roof	Door	Window	Foundation	Beam	Column	Staircase	Chimney	Balcony	Attic	Basement	Gutter																																																
44	US States	easy	California	Texas	Florida	New York	Alaska	Hawaii	Illinois	Ohio	Pennsylvania	Michigan	Georgia	North Carolina	Washington	Virginia	Arizona																																																
45	Gardening Tools	easy	Trowel	Rake	Shovel	Hoe	Pruners	Clippers	Wheelbarrow	Gloves	Fork	Edger	Sprinkler	Hand Cultivator	Seeder	Dibber	Loppers																																																
46	Road Signs	easy	Stop	Yield	Speed Limit	Warning	Curve	Detour	School Zone	Railroad	Merge	One Way	Do Not Enter	Pedestrian	Construction	Hospital	Parking																																																
47	Drinks	easy	Water	Milk	Juice	Tea	Coffee	Soda	Beer	Wine	Cocktail	Smoothie	Lemonade	Cocoa	Energy Drink	Cider	Sparkling Water																																																
48	Writing Tools	easy	Pen	Pencil	Keyboard	Paper	Ink	Quill	Typewriter	Marker	Chalk	Eraser	Notebook	Tablet	Stylus	Calligraphy	Brush																																																
49	Body Actions	easy	Breathe	Swallow	Blink	Cough	Sneeze	Yawn	Frown	Smile	Shiver	Sweat	Digest	Walk	Run	Hear	See																																																
50	Shapes 2D	easy	Circle	Square	Triangle	Rectangle	Oval	Hexagon	Pentagon	Octagon	Rhombus	Trapezoid	Parallelogram	Polygon	Kite	Sector	Ellipse																																																
51	Car Brands	easy	Toyota	Honda	Ford	Chevrolet	BMW	Mercedes	Audi	Volkswagen	Hyundai	Kia	Nissan	Jeep	Tesla	Ferrari	Porsche																																																
52	Road Vehicles	easy	Car	Truck	Bus	Motorcycle	Van	Scooter	Bicycle	Lorry	SUV	Sedan	Coupe	Hatchback	Convertible	Minivan	Trailer																																																
53	Sports Teams	easy	Lakers	Yankees	Cowboys	Celtics	Barcelona	Real Madrid	Packers	Patriots	Bulls	Heat	Dodgers	Giants	Chiefs	Raptors	Arsenal																																																
54	Currency	easy	Dollar	Euro	Yen	Pound	Franc	Rupee	Peso	Yuan	Real	Ruble	Dinar	Shekel	Ringgit	Won	Shilling																																																
55	Hair Styles	easy	Braid	Bun	Ponytail	Bob	Pixie	Perm	Dreadlocks	Afro	Fade	Bangs	Updo	Buzzcut	Cornrows	Layers	Highlights																																																
56	Ice Cream Flavors	easy	Vanilla	Chocolate	Strawberry	Mint	Caramel	Coffee	Pistachio	Mango	Butter Pecan	Cookie Dough	Cream	Cherry	Lemon	Raspberry	Sherbet																																																
57	Zoo Animals	easy	Lion	Tiger	Monkey	Elephant	Giraffe	Panda	Bear	Zebra	Penguin	Rhino	Hippo	Gorilla	Snake	Flamingo	Ostrich																																																
58	Chemical Elements	hard	Oxygen	Carbon	Gold	Silver	Iron	Hydrogen	Nitrogen	Neon	Helium	Calcium	Copper	Sodium	Chlorine	Sulfur	Aluminum																																																
59	Precious Metals	hard	Gold	Silver	Platinum	Palladium	Rhodium	Iridium	Osmium	Ruthenium	Alloy	Ore	Bullion	Karat	Ingot	Plating	Assay																																																
60	Military Ranks	hard	General	Colonel	Major	Captain	Lieutenant	Sergeant	Corporal	Admiral	Commander	Cadet	Private	Chief	Officer	Marshal	Ensign																																																
61	Writing Styles	hard	Fiction	Nonfiction	Essay	Poetry	Memoir	Journalism	Biography	Technical	Creative	Academic	Narrative	Persuasive	Descriptive	Expository	Prose																																																
62	Seas	hard	Mediterranean	Caribbean	Baltic	Black Sea	Caspian (lake/sea)	Aegean	North Sea	Adriatic	Red Sea	Arabian Sea	Tasman	Coral Sea	Bering	Sargasso	Ionian																																																
63	Galaxy Items	hard	Star	Nebula	Black Hole	Quasar	Pulsar	Supernova	Dark Matter	Andromeda	Milky Way	Cluster	Comet	Singularity	Globular	Halo	Light																																																
64	Sea Predators	hard	Shark	Orca	Barracuda	Moray Eel	Giant Squid	Bluefish	Piranha	Great White	Lionfish	Sea Lion	Leopard Seal	Killer Whale	Octopus	Anglerfish	Croc																																																
65	Body Systems	hard	Skeletal	Muscular	Nervous	Circulatory	Respiratory	Digestive	Endocrine	Immune	Urinary	Lymphatic	Organ	Cell	Tissue	Heart	Brain																																																
66	Shapes 3D	hard	Sphere	Cube	Pyramid	Cylinder	Cone	Prism	Torus	Dodecahedron	Tetrahedron	Vertex	Edge	Face	Volume	Solid	Hexahedron																																																
67	Chemical Bonds	hard	Covalent	Ionic	Metallic	Hydrogen	Van Der Waals	Atom	Electron	Molecule	Compound	Nucleus	Valence	Orbital	Polarity	Sharing	Transfer																																																
68	Famous Painters	hard	Picasso	Van Gogh	Monet	Leonardo	Rembrandt	Michelangelo	Dali	Raphael	Warhol	Klimt	Renoir	Degas	Gauguin	Titian	Bosch																																																
69	Fictional Cities	hard	Gotham	Atlantis	Hogwarts	Metropolis	Narnia	Middle-earth	Oz	Wonderland	Springfield	Starfleet	Rivendell	Pandora	Camelot	Xanadu	Shangri-La																																																
70	Constellations	hard	Orion	Ursa Major	Cassiopeia	Andromeda	Lyra	Cygnus	Leo	Gemini	Taurus	Scorpius	Big Dipper	Crux	Pegasus	Draco	Centaurus																																																
71	Literary Genres	hard	Drama	Comedy	Tragedy	Satire	Epic	Romance	Gothic	Western	Horror	Bildungsroman	Parody	Fable	Allegory	Mystery	Thriller																																																
72	African Countries	hard	Nigeria	Egypt	South Africa	Kenya	Morocco	Ghana	Algeria	Ethiopia	Tanzania	Sudan	Uganda	Libya	Zambia	Zimbabwe	Senegal																																																
73	Ocean Layers	hard	Sunlight	Twilight	Midnight	Abyssal	Hadal	Surface	Deep Ocean	Trench	Zone	Photic	Aphotic	Thermocline	Benthic	Pelagic	Continental Shelf																																																
74	Architecture Styles	hard	Gothic	Baroque	Romanesque	Renaissance	Modern	Classical	Art Deco	Neoclassical	Contemporary	Victorian	Brutalist	Abstract	Byzantine	Minimalist	Colonial																																																
75	Types of Bridges	hard	Beam	Arch	Truss	Suspension	Cable-stayed	Cantilever	Viaduct	Drawbridge	Footbridge	Pontoon	Span	Pier	Abutment	Deck	Girder																																																
76	Ancient Empires	hard	Roman	Greek	Egyptian	Persian	Ottoman	Aztec	Mayan	Inca	Mongol	Chinese	Babylonian	Carthaginian	Kush	Empire	Civilization																																																
77	Philosophers	hard	Plato	Aristotle	Socrates	Kant	Nietzsche	Descartes	Confucius	Locke	Hume	Aquinas	Marx	Foucault	Rousseau	Epicurus	Buddha																																																
78	Chemical Lab	hard	Beaker	Test Tube	Flask	Pipette	Bunsen Burner	Microscope	Safety Goggles	Centrifuge	Balance	Filter	Solution	Reagent	Experiment	Titration	Funnel																																																
79	Musical Chords	hard	Major	Minor	Seventh	Diminished	Augmented	Suspended	Root	Inversion	Triad	Arpeggio	Progression	Chord	Voicing	Interval	Tetrachord																																																
80	Types of Glass	hard	Tempered	Laminated	Borosilicate	Crystal	Fiber	Stained	Safety	Plate	Float	Pane	Sheet	Lens	Prism	Obsidian	Silica																																																
81	Weather Tools	hard	Thermometer	Barometer	Anemometer	Rain Gauge	Hygrometer	Satellite	Radar	Weather Vane	Radiosonde	Forecast	Isobar	Climate	Meteorologist	Sensor	Map																																																
82	Types of Bridges	hard	Arch	Truss	Suspension	Beam	Cable-stayed	Cantilever	Viaduct	Drawbridge	Footbridge	Pontoon	Span	Pier	Abutment	Deck	Girder																																																
83	Famous Battles	hard	Hastings	Waterloo	Gettysburg	Marathon	Stalingrad	Midway	Thermopylae	Cannae	Bunker Hill	Agincourt	Normandy	Trafalgar	Sarajevo	Somme	Yorktown																																																
84	Fictional Pets	hard	Hedwig	Snoopy	Pikachu	Toothless	Chewbacca	Garfield	Pluto	Lassie	Toto	Dobby	E.T.	Baloo	Artoo	Falkor	Gizmo																																																
85	Literary Devices	hard	Metaphor	Simile	Alliteration	Hyperbole	Personification	Irony	Symbolism	Imagery	Onomatopoeia	Allusion	Theme	Motif	Foreshadowing	Oxymoron	Pun																																																
86	Volcano Types	hard	Shield	Composite	Cinder Cone	Lava Dome	Caldera	Stratovolcano	Dormant	Active	Extinct	Magma	Eruption	Crater	Ash	Tectonic	Fissure																																																
87	Art Techniques	hard	Sketching	Shading	Blending	Perspective	Impressionism	Abstract	Pointillism	Collage	Drawing	Painting	Sculpting	Etching	Sgraffito	Glazing	Hatching																																																
88	Photography Styles	hard	Portrait	Landscape	Macro	Street	Abstract	Documentary	Fashion	Still Life	Fine Art	Candid	Wildlife	Time-lapse	Architectural	Astrophotography	Composite																																																
89	Bridge Types	hard	Beam	Arch	Truss	Suspension	Cable-stayed	Cantilever	Viaduct	Drawbridge	Footbridge	Pontoon	Span	Pier	Abutment	Deck	Girder																																																
90	Fictional Animals	medium	Dragon	Unicorn	Griffin	Phoenix	Sphinx	Mermaid	Werewolf	Vampire (creature)	Yeti	Hydra	Chimera	Basilisk	Centaur	Goblin	Troll																																																
91	Books	medium	Novel	Biography	Textbook	Mystery	Thriller	Fantasy	Science Fiction	Poetry	Reference	Cookbook	History	Memoir	Comic	Anthology	Dictionary																																																
92	Europe Countries	medium	France	Germany	Italy	Spain	UK	Greece	Poland	Sweden	Norway	Ireland	Portugal	Switzerland	Belgium	Austria	Netherlands																																																
93	Ocean Life	medium	Whale	Dolphin	Shark	Coral	Fish	Octopus	Squid	Crab	Seal	Turtle	Starfish	Jellyfish	Seaweed	Manta Ray	Plankto																																																
94	Trees	medium	Oak	Maple	Pine	Willow	Birch	Cedar	Elm	Redwood	Spruce	Ash	Holly	Palm	Fig	Cypress	Magnolia																																																
95	Architecture	medium	Building	Patio	Tower	Cathedral	Castle	Skyscraper	Pyramid	Dome	Arch	Column	Facade	Foundation	Spire	Bridge	Blueprint																																																
96	Gems	medium	Diamond	Ruby	Sapphire	Emerald	Amethyst	Topaz	Pearl	Opal	Garnet	Aquamarine	Peridot	Tourmaline	Zircon	Jade	Quartz																																																
97	Photography	medium	Camera	Lens	Shutter	Aperture	Flash	Tripod	Focus	Exposure	Film	Digital	Portrait	Landscape	Filter	Zoom	Sensor																																																
98	Cooking Verbs	medium	Chop	Slice	Dice	Boil	Fry	Bake	Grill	Roast	Sauté	Stir	Whisk	Blend	Marinate	Simmer	Steam																																																
99	Astronomy	medium	Star	Moon	Sun	Planet	Galaxy	Nebula	Comet	Meteor	Telescope	Constellation	Black Hole	Light Year	Orbit	Universe	Asteroid																																																
100	Hand Tools	medium	Hammer	Screwdriver	Pliers	Wrench	Saw	Drill	Tape Measure	Level	Chisel	Clamp	File	Vise	Ax	Shovel	Ladder																																																
101	Textile	medium	Cotton	Silk	Wool	Linen	Polyester	Nylon	Rayon	Denim	Velvet	Fleece	Satin	Leather	Canvas	Burlap	Microfiber																																																
102	Capital Cities	medium	London	Paris	Rome	Berlin	Tokyo	Cairo	Beijing	Moscow	Sydney	Ottawa	Vienna	Madrid	Dublin	Seoul	Buenos Aires																																																
103	Religions	medium	Christianity	Islam	Judaism	Hinduism	Buddhism	Sikhism	Shinto	Taoism	Faith	Worship	Prayer	Temple	Church	Scripture	Deity																																																
104	Units of Measure	medium	Meter	Liter	Gram	Second	Watt	Volt	Ampere	Ohm	Joule	Foot	Pound	Ounce	Degree	Mile	Gallon																																																
105	Reptiles	medium	Snake	Lizard	Turtle	Crocodile	Alligator	Chameleon	Gecko	Tortoise	Viper	Cobra	Iguana	Komodo Dragon	Python	Skink	Tuatara																																																
106	Time Periods	medium	Century	Decade	Era	Epoch	Millennium	Age	Year	Month	Week	Day	Hour	Minute	Second	Antiquity	Modern																																																
107	Natural Disasters	medium	Earthquake	Volcano	Tsunami	Hurricane	Flood	Tornado	Wildfire	Drought	Landslide	Avalanche	Cyclone	Blizzard	Famine	Epidemic	Heatwave																																																
108	Rivers	medium	Nile	Amazon	Mississippi	Danube	Yangtze	Ganges	Rhine	Volga	Thames	Seine	Colorado	Murray	Congo	Missouri	Euphrates																																																
109	Desert	medium	Sahara	Gobi	Atacama	Namib	Arabian	Kalahari	Mojave	Sand	Dune	Cactus	Oasis	Heat	Arid	Camel	Erosion																																																
110	Solar System	medium	Sun	Asteroid	Comet	Meteoroid	Kuiper Belt	Oort Cloud	Dwarf Planet	Terrestrial	Gas Giant	Satellite	Ring	Orbit	Tilt	Axis	Gravity																																																
111	Space Gear	medium	Astronaut	Spacesuit	Helmet	Oxygen	Rocket	Shuttle	Satellite	Rover	Module	Docking	Control	Telescope	G-force	Thruster	Launchpad																																																
112	World Cuisine	medium	Pasta	Sushi	Taco	Curry	Pizza	Pho	Hummus	Paella	Burrito	Goulash	Dumpling	Stew	Kebab	Ramen	Steak																																																
113	Mountains	medium	Everest	K2	Kilimanjaro	Denali	Alps	Andes	Rockies	Fuji	Summit	Peak	Range	Glacier	Altitude	Trekking	Ascent																																																
114	Adverbs	medium	Quickly	Slowly	Loudly	Softly	Happily	Sadly	Always	Never	Often	Sometimes	Here	There	Up	Down	Carefully																																																
115	Fairy Tales	medium	Cinderella	Snow White	Rumpelstiltskin	Gingerbread Man	Goldilocks	Red Riding Hood	Sleeping Beauty	Prince	Princess	Witch	Castle	Magic	Forest	Villain	Hero																																																
116	The Senses	medium	Sight	Sound	Smell	Taste	Touch	Hearing	Vision	Olfaction	Gustation	Feeling	Perception	Sensory	Nerve	Brain	Stimuli																																																
117	Dinosaurs	medium	T-Rex	Triceratops	Velociraptor	Brontosaurus	Stegosaurus	Fossil	Extinct	Jurassic	Cretaceous	Herbivore	Carnivore	Reptile	Paleontology	Egg	Claw																																																
118	Mythology	medium	Zeus	Hera	Poseidon	Hades	Athena	Apollo	Ares	Loki	Thor	Odin	Dragon	God	Hero	Legend	Prophecy																																																
119	Spices	medium	Salt	Pepper	Cinnamon	Clove	Nutmeg	Basil	Oregano	Thyme	Rosemary	Ginger	Garlic	Turmeric	Cumin	Saffron	Paprika																																																
120	Dance	medium	Ballet	Jazz	Tap	Hip Hop	Waltz	Salsa	Tango	Modern	Ballroom	Choreography	Stage	Routine	Step	Rhythm	Pirouette																																																
121	Art Mediums	medium	Oil	Acrylic	Watercolor	Pastel	Charcoal	Pencil	Ink	Sculpture	Clay	Canvas	Brush	Palette	Fresco	Mosaic	Tempera																																																
122	Money Terms	medium	Coin	Banknote	Currency	Dollar	Euro	Yen	Pound	Credit	Debit	Wealth	Budget	Investment	Finance	Transaction	Debt																																																
123	World Wonders	medium	Pyramid	Colosseum	Machu Picchu	Great Wall	Petra	Taj Mahal	Statue of Zeus	Lighthouse	Temple	Christ Redeemer	Citadel	Ruins	Monument	Site	Landmark																																																
124	Cooking Methods	medium	Frying	Baking	Boiling	Grilling	Roasting	Steaming	Sautéing	Broiling	Braising	Simmering	Poaching	Microwaving	Blanching	Slow Cooking	Smoking																																																
125	Boats	medium	Yacht	Sailboat	Canoe	Kayak	Rowboat	Cruise Ship	Freighter	Tugboat	Submarine	Dinghy	Speedboat	Catamaran	Barge	Gondola	Vessel																																																
126	Coffee Drinks	medium	Espresso	Latte	Cappuccino	Americano	Mocha	Macchiato	Cold Brew	Drip	Flat White	Frappe	Ristretto	Affogato	Cortado	Doppio	Filter																																																
127	Punctuation	medium	Period	Comma	Question Mark	Exclamation	Semicolon	Colon	Quotation Mark	Apostrophe	Hyphen	Dash	Parentheses	Brackets	Ellipsis	Slash	Asterisk																																																
128	Office Roles	medium	Manager	Assistant	Analyst	Director	Executive	Intern	Consultant	Clerk	Receptionist	Accountant	Administrator	Secretary	Coordinator	VP	CEO																																																
129	Types of Hats	medium	Fedora	Beanie	Baseball Cap	Sun Hat	Trilby	Beret	Cowboy Hat	Sombrero	Top Hat	Bonnet	Visor	Fascinator	Homburg	Tam	Fez																																																
130	Superpowers	medium	Flight	Invisibility	Strength	Telepathy	Speed	Healing	Telekinesis	Elasticity	Time Travel	Force Field	Shape-shifting	Energy Blast	Illusion	Phasing	X-Ray Vision																																																
131	Psychology	medium	Mind	Brain	Therapy	Emotion	Behavior	Cognition	Stress	Trauma	Perception	Subconscious	Memory	Personality	Anxiety	Depression	Phobia																																																
132	Computer Parts	medium	CPU	Monitor	Keyboard	Mouse	Motherboard	RAM	Hard Drive	Graphics Card	Power Supply	Fan	Speaker	Webcam	USB	Router	Cable																																																
133	Fictional Weapons	medium	Lightsaber	Wand	Phaser	Excalibur	Mjolnir	Batarang	Lasers	Swords	Arrows	Staff	Axe	Dagger	Bow	Blaster	Shield																																																
134	Medical Tools	medium	Stethoscope	Syringe	Scalpel	Forceps	Thermometer	Bandage	X-ray	MRI	Sutures	Tourniquet	Mask	Gloves	Defibrillator	Crutches	Wheelchair																																																
135	Musical Notation	medium	Note	Rest	Staff	Clef	Sharp	Flat	Natural	Bar	Rhythm	Tempo	Melody	Harmony	Chord	Measure	Key Signature																																																
136	Fictional Races	medium	Elf	Dwarf	Orc	Hobbit	Human	Vulcan	Klingon	Wookiee	Alien	Goblin	Gnome	Troll	Fairy	Centaur	Robot																																																
137	Geometry Terms	medium	Point	Line	Plane	Angle	Segment	Ray	Vertex	Perimeter	Area	Volume	Radius	Diameter	Circumference	Parallel	Perpendicular																																																
138	Photography Terms	medium	Aperture	Shutter Speed	ISO	Exposure	Focus	Depth of Field	Composition	Tripod	Lens	Filter	Flash	Zoom	White Balance	Sensor	Megapixel																																																
139	Airlines	medium	Delta	United	American	Lufthansa	Emirates	Qatar	British Airways	Air France	Qantas	Singapore	Turkish	Ryanair	Southwest	JetBlue	Alaska																																																
140	Fictional Objects	medium	Ring	Stone	Lamp	Cloak	Sword	Orb	Grail	Mirror	Helmet	Book	Key	Potion	Amulet	Chest	Map																																																
141	Computer Software	medium	Windows	macOS	Linux	Browser	Word Processor	Spreadsheet	Photoshop	Antivirus	Operating System	Application	Driver	Utility	Database	Firewall	Codec																																																
142	Types of Tea	medium	Green	Black	Oolong	White	Herbal	Earl Grey	Chai	Darjeeling	Jasmine	Peppermint	Chamomile	Rooibos	Matcha	English Breakfast	Infusion																																																
143	Dressing Garnish	medium	Parsley	Cilantro	Mint	Chives	Basil	Lemon	Lime	Olive	Cherry	Whipped Cream	Sugar	Sprinkles	Topping	Crouton	Edible Flower																																																
144	Human Organs	medium	Heart	Lungs	Brain	Liver	Kidneys	Stomach	Intestine	Skin	Spleen	Pancreas	Gallbladder	Bladder	Esophagus	Trachea	Thyroid																																																
145	The Middle Ages	medium	Castle	Knight	King	Queen	Feudalism	Peasant	Plague	Crusade	Cathedral	Monastery	Joust	Armor	Fiefdom	Lord	Siege																																																
146	Types of Wood	medium	Oak	Maple	Pine	Cherry	Walnut	Birch	Mahogany	Teak	Ash	Cedar	Fir	Spruce	Balsa	Poplar	Ebony																																																
147	Musical Terms	medium	Tempo	Rhythm	Melody	Harmony	Pitch	Octave	Chord	Scale	Crescendo	Diminuendo	Forte	Piano	Staccato	Legato	Tone																																																
148	Gymnastics Moves	medium	Flip	Twist	Vault	Cartwheel	Handstand	Split	Tumbling	Balance Beam	Uneven Bars	Rings	Pommel Horse	Somersault	Dismount	Plié	Pike																																																
149	Types of Rocks	medium	Igneous	Sedimentary	Metamorphic	Granite	Basalt	Limestone	Marble	Quartzite	Sandstone	Shale	Obsidian	Pumice	Slate	Gneiss	Conglomerate																																																
150	Christmas	easy, image	c_christmas_g71.png	c_christmas_g82.png	c_christmas_g98.png	c_christmas_g111.png	c_christmas_g129.png	c_christmas_g154.png	c_christmas_g167.png	c_christmas_g247.png	c_christmas_g264.png	c_christmas_g286.png																																																					
151	Space	easy, image	c_space_g646.png	c_space_g647.png	c_space_g648.png	c_space_g649.png	c_space_g650.png	c_space_g651.png	c_space_g652.png	c_space_g653.png	c_space_g654.png	c_space_g655.png	c_space_g656.png	c_space_g657.png	c_space_g658.png	c_space_g659.png	c_space_g660.png	c_space_g661.png																																															
152	Drinks	easy, image	c_drinks_g26.png	c_drinks_g35.png	c_drinks_g41.png	c_drinks_g45.png	c_drinks_g58.png	c_drinks_g69.png	c_drinks_g75.png	c_drinks_g92.png	c_drinks_g109.png	c_drinks_g121.png																																																					
153	Animals	easy, image	c_animals_g216.png	c_animals_g217.png	c_animals_g218.png	c_animals_g219.png	c_animals_g220.png	c_animals_g221.png	c_animals_g222.png	c_animals_g223.png	c_animals_g224.png	c_animals_g225.png																																																					
154	Pastas	medium, image	c_pastas_g425.png	c_pastas_g426.png	c_pastas_g427.png	c_pastas_g428.png	c_pastas_g429.png	c_pastas_g430.png	c_pastas_g431.png	c_pastas_g432.png	c_pastas_g433.png	c_pastas_g434.png	c_pastas_g435.png	c_pastas_g436.png	c_pastas_g437.png	c_pastas_g438.png	c_pastas_g439.png	c_pastas_g440.png																																															
155	Fruits	medium, image	c_fruits_g801.png	c_fruits_g802.png	c_fruits_g803.png	c_fruits_g804.png	c_fruits_g805.png	c_fruits_g806.png	c_fruits_g807.png	c_fruits_g808.png	c_fruits_g809.png	c_fruits_g810.png	c_fruits_g811.png	c_fruits_g812.png	c_fruits_g813.png	c_fruits_g814.png	c_fruits_g815.png	c_fruits_g816.png		c_fruits_g818.png	c_fruits_g819.png	c_fruits_g820.png	c_fruits_g821.png	c_fruits_g822.png	c_fruits_g823.png	c_fruits_g824.png	c_fruits_g825.png	c_fruits_g826.png	c_fruits_g827.png	c_fruits_g828.png	c_fruits_g830.png	c_fruits_g831.png																																	
156	Japan	medium, image	c_japan_g2079.png	c_japan_g2080.png	c_japan_g2081.png	c_japan_g2083.png	c_japan_g2084.png	c_japan_g2085.png	c_japan_g2086.png	c_japan_g2087.png	c_japan_g2088.png	c_japan_g2089.png	c_japan_g2090.png	c_japan_g2091.png	c_japan_g2092.png	c_japan_g2093.png	c_japan_g2094.png	c_japan_g2095.png																																															
157	France	easy, image	c_france_g10.png	c_france_g63.png	c_france_g69.png	c_france_g95.png	c_france_g153.png	c_france_g176.png	c_france_g183.png	c_france_g360.png	c_france_g625.png	c_france_g628.png	c_france_g705.png	c_france_g812.png	c_france_g854.png	c_france_g879.png																																																	
158	Glasses	easy, image	c_glasses_g11.png	c_glasses_g22.png	c_glasses_g29.png	c_glasses_g38.png	c_glasses_g48.png	c_glasses_g57.png	c_glasses_g66.png	c_glasses_g81.png																																																							
159	Prohibitions	medium, image	c_prohibitions_g33.png	c_prohibitions_g34.png	c_prohibitions_g35.png	c_prohibitions_g36.png	c_prohibitions_g37.png	c_prohibitions_g38.png	c_prohibitions_g39.png	c_prohibitions_g40.png	c_prohibitions_g41.png																																																						
160	Water	medium, image	c_water_g3.png	c_water_g18.png	c_water_g39.png	c_water_g67.png	c_water_g88.png	c_water_g143.png	c_water_g151.png	c_water_g185.png	c_water_g199.png	c_water_g214.png	c_water_g241.png	c_water_g256.png	c_water_g282.png	c_water_g286.png																																																	
161	Games	easy, image	c_games_g106.png	c_games_g178.png	c_games_g234.png	c_games_g257.png	c_games_g274.png	c_games_g297.png	c_games_g314.png	c_games_g354.png	c_games_g357.png	c_games_g385.png	c_games_g437.png	c_games_g519.png	c_games_g534.png	c_games_g575.png	c_games_g624.png	c_games_g736.png	c_games_g751.png	c_games_g829.png																																													
162	Chairs	easy, image	c_chairs_g23.png	c_chairs_g49.png	c_chairs_g105.png	c_chairs_g134.png	c_chairs_g173.png	c_chairs_g211.png	c_chairs_g232.png	c_chairs_g254.png																																																							
163	Fishs	easy, image	c_fishs_g1022.png	c_fishs_g1023.png	c_fishs_g1024.png	c_fishs_g1025.png	c_fishs_g1026.png	c_fishs_g1027.png	c_fishs_g1028.png	c_fishs_g1029.png	c_fishs_g1030.png	c_fishs_g1031.png	c_fishs_g1032.png	c_fishs_g1033.png	c_fishs_g1034.png	c_fishs_g1035.png	c_fishs_g1036.png	c_fishs_g1037.png	c_fishs_g1038.png	c_fishs_g1039.png	c_fishs_g1040.png	c_fishs_g1041.png																																											
164	Planets	medium, image	c_planets_g142.png	c_planets_g126.png	c_planets_g123.png	c_planets_g95.png	c_planets_g78.png	c_planets_g61.png	c_planets_g46.png	c_planets_g26.png	c_planets_g12.png																																																						
165	Leaves	image, easy	c_leaves_g202.png	c_leaves_g189.png	c_leaves_g178.png	c_leaves_g166.png	c_leaves_g135.png	c_leaves_g122.png	c_leaves_g83.png	c_leaves_g71.png	c_leaves_g58.png	c_leaves_g50.png	c_leaves_g32.png	c_leaves_g12.png																																																			
166	Sports	image, medium	c_sports_g11.png	c_sports_g10.png	c_sports_g9.png	c_sports_g8.png	c_sports_g7.png	c_sports_g6.png	c_sports_g5.png	c_sports_g4.png	c_sports_g3.png																																																						
167	Pool	image, medium	c_pools__x39_.png	c_pools__x37_.png	c_pools__x35_.png	c_pools__x34_.png	c_pools__x33_.png	c_pools__x32_.png	c_pools__x31_6.png	c_pools__x31_5.png	c_pools__x31_4.png	c_pools__x31_2.png	c_pools__x31_.png																																																				
168	Myth	image, medium	c_myth_g2147.png	c_myth_g1830.png	c_myth_g1590.png	c_myth_g1504.png	c_myth_g1380.png	c_myth_g1272.png	c_myth_g1141.png	c_myth_g995.png	c_myth_g939.png	c_myth_g848.png	c_myth_g689.png	c_myth_g489.png	c_myth_g381.png	c_myth_g234.png	c_myth_g111.png	c_myth_g57.png																																															
169	Music	image, medium	c_music_g712.png		c_music_g685.png	c_music_g646.png	c_music_g626.png	c_music_g474.png	c_music_g395.png	c_music_g363.png		c_music_g283.png	c_music_g269.png	c_music_g70.png	c_music_g35.png	c_music_g229.png	c_music_g176.png	c_music_g134.png																																															
170	Monuments	image, medium	c_monuments_g16.png	c_monuments_g15.png	c_monuments_g14.png	c_monuments_g13.png	c_monuments_g12.png	c_monuments_g11.png	c_monuments_g10.png	c_monuments_g9.png	c_monuments_g8.png	c_monuments_g7.png	c_monuments_g6.png	c_monuments_g5.png	c_monuments_g4.png	c_monuments_g3.png	c_monuments_g2.png	c_monuments_g1.png																																															
171	London	image, easy	c_london_g910.png	c_london_g895.png	c_london_g883.png	c_london_g862.png	c_london_g838.png	c_london_g666.png	c_london_g478.png	c_london_g473.png	c_london_g462.png	c_london_g331.png	c_london_g324.png	c_london_g305.png	c_london_g247.png	c_london_g214.png	c_london_g190.png	c_london_g68.png																																															
172	Hats	image, easy	c_hats_g76.png	c_hats_g68.png	c_hats_g62.png	c_hats_g50.png	c_hats_g42.png	c_hats_g23.png	c_hats_g17.png	c_hats_g10.png	c_hats_g5.png																																																						
173	Dogs	image, easy	c_dogs_g522.png	c_dogs_g484.png	c_dogs_g457.png	c_dogs_g438.png	c_dogs_g413.png	c_dogs_g383.png	c_dogs_g362.png	c_dogs_g326.png	c_dogs_g261.png	c_dogs_g231.png	c_dogs_g200.png	c_dogs_g163.png	c_dogs_g130.png	c_dogs_g99.png	c_dogs_g67.png	c_dogs_g36.png																																															
174	Cinema	image, medium	c_cinema_g294.png	c_cinema_g276.png	c_cinema_g224.png	c_cinema_g203.png	c_cinema_g164.png	c_cinema_g138.png	c_cinema_g67.png	c_cinema_g16.png																																																							
175	Cats	image, easy	c_cats_g764.png	c_cats_g729.png	c_cats_g689.png	c_cats_g643.png	c_cats_g605.png	c_cats_g477.png	c_cats_g439.png	c_cats_g296.png	c_cats_g275.png	c_cats_g245.png	c_cats_g188.png	c_cats_g165.png	c_cats_g123.png	c_cats_g103.png	c_cats_g87.png	c_cats_g27.png																																															
176	Baby	image, medium	c_baby_g169.png	c_baby_g136.png	c_baby_g122.png	c_baby_g109.png	c_baby_g74.png	c_baby_g61.png	c_baby_g48.png	c_baby_g35.png	c_baby_g15.png	c_baby_g9.png																																																					
177	Australia	image, easy	c_australia_g378.png	c_australia_g370.png	c_australia_g332.png	c_australia_g270.png	c_australia_g247.png	c_australia_g216.png	c_australia_g120.png	c_australia_g86.png	c_australia_g46.png	c_australia_g27.png	c_australia_g11.png																																																				
178	Superheroes	image, hard	c_superheroes_g925.png	c_superheroes_g861.png	c_superheroes_g791.png	c_superheroes_g703.png	c_superheroes_g631.png	c_superheroes_g570.png	c_superheroes_g463.png	c_superheroes_g389.png	c_superheroes_g308.png	c_superheroes_g234.png	c_superheroes_g160.png	c_superheroes_g72.png																																																			
179	Safari	image, hard	c_safari_g1442.png	c_safari_g1337.png	c_safari_g1155.png	c_safari_g1030.png	c_safari_g967.png	c_safari_g860.png	c_safari_g822.png	c_safari_g768.png	c_safari_g696.png	c_safari_g614.png	c_safari_g544.png	c_safari_g494.png	c_safari_g353.png	c_safari_g271.png	c_safari_g190.png	c_safari_g90.png																																															
180	Safari	image, hard	c_safari_g1442.png	c_safari_g1337.png	c_safari_g1155.png	c_safari_g1030.png	c_safari_g967.png	c_safari_g860.png	c_safari_g822.png	c_safari_g768.png	c_safari_g696.png	c_safari_g614.png	c_safari_g544.png	c_safari_g494.png	c_safari_g353.png	c_safari_g271.png	c_safari_g190.png	c_safari_g90.png																																															
181	Monsters	image, medium	c_monsters_g159.png	c_monsters_g316.png	c_monsters_g393.png	c_monsters_g475.png	c_monsters_g557.png	c_monsters_g685.png	c_monsters_g734.png	c_monsters_g809.png	c_monsters_g854.png	c_monsters_g923.png	c_monsters_g1013.png	c_monsters_g1078.png	c_monsters_g1171.png	c_monsters_g1262.png	c_monsters_g1335.png																																																
182	USA	image, easy	c_unitedstates_g2255.png	c_unitedstates_g2085.png	c_unitedstates_g1914.png	c_unitedstates_g1551.png	c_unitedstates_g1467.png	c_unitedstates_g1420.png	c_unitedstates_g1350.png		c_unitedstates_g975.png	c_unitedstates_g966.png	c_unitedstates_g545.png	c_unitedstates_g84.png	c_unitedstates_g69.png	c_unitedstates_g57.png	c_unitedstates_g18.png																																																
183	Trees	image, easy	c_trees_g9978.png	c_trees_g9946.png	c_trees_g9923.png	c_trees_g9188.png	c_trees_g9099.png	c_trees_g8673.png	c_trees_g8505.png	c_trees_g7736.png	c_trees_g7503.png	c_trees_g13433.png	c_trees_g12305.png	c_trees_g12152.png	c_trees_g12055.png	c_trees_g11796.png	c_trees_g11703.png	c_trees_g7115.png	c_trees_g6599.png	c_trees_g6578.png	c_trees_g6428.png	c_trees_g6146.png	c_trees_g5328.png	c_trees_g4987.png	c_trees_g4589.png	c_trees_g4277.png	c_trees_g3928.png	c_trees_g3896.png	c_trees_g605.png	c_trees_g398.png	c_trees_g11278.png	c_trees_g10639.png	c_trees_g10549.png	c_trees_g10187.png																															
184	Halloween	image, hard	c_halloween_g400.png	c_halloween_g300.png	c_halloween_g272.png	c_halloween_g223.png	c_halloween_g175.png	c_halloween_g139.png	c_halloween_g108.png	c_halloween_g90.png	c_halloween_g26.png																																																						
185	Gods 	image, medium	c_gods_g1863.png	c_gods_g1698.png	c_gods_g1607.png	c_gods_g1507.png	c_gods_g1414.png	c_gods_g1312.png	c_gods_g1094.png	c_gods_g986.png	c_gods_g814.png	c_gods_g719.png	c_gods_g600.png	c_gods_g529.png	c_gods_g439.png	c_gods_g374.png	c_gods_g236.png	c_gods_g124.png																																															
186	Egypt	image, medium	c_egypt_g1179.png	c_egypt_g1046.png	c_egypt_g946.png	c_egypt_g892.png	c_egypt_g853.png	c_egypt_g785.png	c_egypt_g763.png	c_egypt_g752.png	c_egypt_g694.png	c_egypt_g646.png	c_egypt_g366.png	c_egypt_g330.png	c_egypt_g287.png	c_egypt_g235.png	c_egypt_g199.png	c_egypt_g137.png	c_egypt_g12.png																																														
187	Flowers	easy	Rose	Tulip	Daisy	Sunflower	Orchid	Lily	Violet	Poppy	Lotus	Jasmine	Lavender	Peony																																																			
188	Dog Breeds	easy	Labrador	Poodle	Bulldog	Beagle	Chihuahua	Boxer	Husky	Dalmatian	Pug	Collie	Terrier	Retriever																																																			
189	Cat Breeds	medium	Persian	Siamese	Sphynx	Maine Coon	Ragdoll	Bengal	Siberian	Birman	Bombay	Manx	Burmese	Somali																																																			
190	Forest Animals	easy	Deer	Fox	Bear	Wolf	Squirrel	Owl	Rabbit	Moose	Badger	Raccoon	Woodpecker	Beaver																																																			
191	Jungle Animals	easy	Monkey	Tiger	Parrot	Snake	Frog	Leopard	Gorilla	Sloth	Toucan	Jaguar	Chameleon	Piranha																																																			
192	Arctic Animals	medium	Polar Bear	Penguin	Seal	Walrus	Arctic Fox	Snowy Owl	Beluga	Narwhal	Reindeer	Puffin	Orca	Hare																																																			
193	Recycling	medium	Paper	Plastic	Glass	Metal	Bin	Sort	Reuse	Reduce	Earth	Can	Bottle	Box																																																			
194	Marine Life	medium	Shark	Dolphin	Whale	Octopus	Jellyfish	Crab	Lobster	Seahorse	Starfish	Turtle	Seal	Clownfish																																																			
195	Fitness	easy	Gym	Run	Lift	Weight	Mat	Stretch	Sweat	Muscle	Train	Strong	Healthy	Yoga																																																			
196	Farm Life	easy	Barn	Tractor	Hay	Fence	Field	Farmer	Silo	Plow	Crop	Scarecrow	Pitchfork	Bucket																																																			
197	Bathroom	easy	Shower	Bathtub	Toilet	Sink	Towel	Soap	Mirror	Brush	Toothpaste	Shampoo	Paper	Mat																																																			
198	Bedroom	easy	Bed	Pillow	Blanket	Wardrobe	Lamp	Mattress	Alarm	Dresser	Sheet	Pajamas	Hanger	Nightstand																																																			
199	Living Room	easy	Sofa	Armchair	TV	Table	Carpet	Bookshelf	Fireplace	Painting	Remote	Cushion	Curtain	Vase																																																			
200	Kitchen Items	easy	Fridge	Stove	Oven	Sink	Table	Chair	Kettle	Microwave	Toaster	Blender	Pan	Pot																																																			
201	Laundry	easy	Washer	Dryer	Basket	Peg	Iron	Board	Detergent	Softener	Rack	Hanger	Fold	Stain																																																			
202	Cleaning	easy	Broom	Mop	Bucket	Sponge	Rag	Vacuum	Detergent	Gloves	Brush	Duster	Bin	Bag																																																			
203	Garage	medium	Car	Bike	Toolbox	Workbench	Ladder	Lawnmower	Tire	Oil	Drill	Saw	Paint	Box																																																			
204	Baby Items	easy	Diaper	Bottle	Crib	Stroller	Pacifier	Toy	Bib	Wipes	Highchair	Rattle	Blanket	Onesie																																																			
205	School Items	easy	Backpack	Book	Notebook	Pencil	Pen	Eraser	Ruler	Desk	Board	Chalk	Glue	Scissors																																																			
206	Office Items	easy	Computer	Desk	Chair	Printer	Phone	Paper	Stapler	File	Pen	Mouse	Screen	Lamp																																																			
207	Makeup	medium	Lipstick	Mascara	Foundation	Shadow	Powder	Eyeliner	Blush	Brush	Polish	Remover	Mirror	Gloss																																																			
208	Jewelry	easy	Ring	Necklace	Bracelet	Earring	Diamond	Gold	Silver	Pearl	Watch	Pendant	Gem	Brooch																																																			
209	Accessories	easy	Bag	Belt	Hat	Scarf	Gloves	Sunglasses	Wallet	Backpack	Umbrella	Tie	Watch	Handkerchief																																																			
210	Winter Clothes	easy	Coat	Scarf	Gloves	Hat	Boots	Sweater	Jacket	Earmuffs	Mittens	Parka	Vest	Socks																																																			
211	Summer Clothes	easy	T-shirt	Shorts	Dress	Skirt	Sandals	Hat	Swimsuit	Bikini	Cap	Sunglasses	Flip-flops	Tank Top																																																			
212	Footwear	easy	Sneakers	Boots	Sandals	Heels	Slippers	Flats	Loafers	Clogs	Wedges	Cleats	Running Shoes	Socks																																																			
213	Hairstyles	medium	Bob	Braid	Bun	Ponytail	Curls	Straight	Pixie	Mohawk	Afro	Bald	Bangs	Layers																																																			
214	Hygiene	easy	Soap	Shampoo	Deodorant	Razor	Comb	Brush	Floss	Lotion	Towel	Tissue	Perfume	Clippers																																																			
215	Fabrics	hard	Cotton	Silk	Wool	Linen	Denim	Velvet	Leather	Nylon	Polyester	Satin	Lace	Fleece																																																			
216	Patterns	hard	Stripe	Dot	Check	Plaid	Floral	Leopard	Zebra	Solid	Geometric	Abstract	Camo	Zigzag																																																			
217	Breakfast	easy	Toast	Egg	Cereal	Coffee	Milk	Juice	Pancake	Bacon	Yogurt	Fruit	Oatmeal	Waffle																																																			
218	Lunch	easy	Sandwich	Salad	Soup	Burger	Pizza	Pasta	Wrap	Fruit	Water	Chips	Cookie	Soda																																																			
219	Dinner	easy	Steak	Chicken	Fish	Rice	Potato	Vegetable	Pasta	Salad	Soup	Bread	Wine	Dessert																																																			
220	Bakery	easy	Bread	Bun	Cake	Pie	Cookie	Donut	Muffin	Croissant	Bagel	Roll	Pastry	Tart																																																			
221	Fast Food	easy	Burger	Fries	Pizza	Hot Dog	Taco	Nuggets	Soda	Shake	Onion Rings	Burrito	Wrap	Ketchup																																																			
222	Spa	medium	Massage	Mask	Robe	Relax	Sauna	Steam	Towel	Lotion	Cucumber	Quiet	Oil	Stone																																																			
223	Casino	hard	Chip	Card	Dice	Slot	Table	Bet	Win	Lose	Money	Dealer	Wheel	Luck																																																			
224	Berries	medium	Strawberry	Blueberry	Raspberry	Blackberry	Cranberry	Gooseberry	Currant	Elderberry	Mulberry	Acai	Goji	Cherry																																																			
225	Nuts & Seeds	medium	Almond	Walnut	Peanut	Cashew	Pistachio	Pecan	Hazelnut	Sunflower	Pumpkin	Chia	Sesame	Flax																																																			
226	Dairy	medium	Milk	Cheese	Butter	Yogurt	Cream	Ice Cream	Cottage Cheese	Sour Cream	Whipped Cream	Ghee	Kefir	Whey																																																			
227	Meat	medium	Beef	Pork	Chicken	Turkey	Lamb	Duck	Bacon	Ham	Sausage	Steak	Salami	Ribs																																																			
228	Seafood	medium	Fish	Shrimp	Crab	Lobster	Clam	Oyster	Mussel	Squid	Octopus	Scallop	Tuna	Salmon																																																			
229	Sweets	easy	Candy	Chocolate	Cake	Cookie	Ice Cream	Donut	Lollipop	Gum	Brownie	Fudge	Toffee	Marshmallow																																																			
230	Drinks	easy	Water	Milk	Juice	Soda	Tea	Coffee	Beer	Wine	Lemonade	Smoothie	Cider	Cocktail																																																			
231	Coffee	medium	Espresso	Latte	Cappuccino	Mocha	Americano	Macchiato	Iced Coffee	Black	Decaf	Roast	Bean	Mug																																																			
232	Tea	medium	Green	Black	Herbal	Chai	Earl Grey	Mint	Chamomile	Jasmine	Oolong	Iced Tea	Bag	Pot																																																			
233	Spices	medium	Salt	Pepper	Sugar	Cinnamon	Garlic	Ginger	Basil	Oregano	Chili	Curry	Cumin	Paprika																																																			
234	Pasta	medium	Spaghetti	Penne	Fusilli	Macaroni	Lasagna	Ravioli	Linguine	Fettuccine	Rigatoni	Bowtie	Gnocchi	Shells																																																			
235	Pizza	easy	Cheese	Pepperoni	Mushroom	Sausage	Onion	Pepper	Olive	Ham	Pineapple	Bacon	Crust	Sauce																																																			
236	Sauces	medium	Ketchup	Mustard	Mayo	BBQ	Ranch	Salsa	Soy	Hot Sauce	Pesto	Gravy	Relish	Hummus																																																			
237	City	easy	Street	Building	Car	Bus	Shop	Park	Sidewalk	Light	Sign	People	Traffic	Skyline																																																			
238	Park	easy	Tree	Grass	Bench	Path	Playground	Fountain	Flower	Duck	Pond	Picnic	Bike	Walk																																																			
239	Beach Items	easy	Sand	Towel	Umbrella	Sunscreen	Bucket	Spade	Ball	Surfboard	Cooler	Chair	Hat	Glasses																																																			
240	Camping Gear	medium	Tent	Sleeping Bag	Flashlight	Fire	Backpack	Compass	Knife	Rope	Map	Stove	Canteen	Mat																																																			
241	School	easy	Classroom	Teacher	Student	Desk	Board	Book	Hallway	Gym	Library	Cafeteria	Bus	Bell																																																			
242	University	medium	Campus	Lecture	Professor	Student	Dorm	Degree	Exam	Library	Thesis	Club	Lab	Graduation																																																			
243	Hospital	medium	Doctor	Nurse	Patient	Bed	Room	Medicine	Surgery	X-ray	Emergency	Waiting Room	Ambulance	Mask																																																			
244	Airport	medium	Plane	Gate	Ticket	Passport	Security	Luggage	Pilot	Terminal	Runway	Flight	Arrival	Departure																																																			
245	Train Station	easy	Train	Track	Platform	Ticket	Conductor	Schedule	Passenger	Seat	Car	Whistle	Stop	Station																																																			
246	Post Office	easy	Mail	Letter	Stamp	Box	Package	Clerk	Envelope	Address	Scale	Truck	Delivery	Zip Code																																																			
247	Bank	hard	Money	Teller	ATM	Vault	Check	Card	Account	Loan	Deposit	Safe	Cash	Coin																																																			
248	Supermarket	easy	Cart	Food	Aisle	Shelf	Checkout	Cashier	Bag	Receipt	Produce	Dairy	Bakery	Frozen																																																			
249	Restaurant	easy	Table	Chair	Menu	Waiter	Food	Drink	Chef	Kitchen	Bill	Tip	Plate	Fork																																																			
250	Cinema	easy	Movie	Screen	Seat	Popcorn	Ticket	Soda	Candy	Dark	Projector	Film	Action	Comedy																																																			
251	Theater	medium	Stage	Actor	Play	Curtain	Light	Costume	Audience	Applause	Script	Drama	Show	Seat																																																			
252	Library	easy	Book	Shelf	Table	Computer	Quiet	Librarian	Card	Read	Study	Desk	Chair	Silence																																																			
253	Museum	medium	Art	Statue	Exhibit	History	Painting	Guide	Ticket	Display	Ancient	Dinosaur	Relic	Tour																																																			
254	Circus	easy	Tent	Clown	Acrobat	Lion	Elephant	Popcorn	Ring	Trapeze	Juggler	Ticket	Fun	Show																																																			
255	Farm	easy	Barn	Field	Animal	Tractor	Farmer	Crop	Cow	Pig	Chicken	Horse	Hay	Fence																																																			
256	Zoo	easy	Lion	Tiger	Bear	Monkey	Giraffe	Elephant	Zebra	Cage	Ticket	Keeper	Map	Shop																																																			
257	Math	hard	Add	Subtract	Multiply	Divide	Number	Count	Shape	Graph	Fraction	Equal	Plus	Minus																																																			
258	Science	hard	Experiment	Lab	Test	Atom	Energy	Force	Chemical	Biology	Physics	Space	Life	Study																																																			
259	History	hard	Past	War	King	Queen	Date	Event	Ancient	Leader	Country	Map	Time	Change																																																			
260	Geography	hard	Map	Earth	Land	Water	Mountain	River	Ocean	City	Country	North	South	East																																																			
261	Art	medium	Paint	Draw	Color	Brush	Canvas	Clay	Sculpture	Paper	Pencil	Create	Design	Artist																																																			
262	Music Class	easy	Sing	Play	Note	Song	Instrument	Band	Rhythm	Beat	Listen	Teacher	Practice	Concert																																																			
263	Computers	medium	Screen	Keyboard	Mouse	Internet	Game	Type	Code	File	Save	Click	Wifi	Laptop																																																			
264	Detectives	medium	Clue	Magnifying Glass	Fingerprint	Mystery	Solve	Suspect	Crime	Evidence	Witness	Case	Spy	Track																																																			
265	Seasons	easy	Spring	Summer	Autumn	Winter	Season	Weather	Sun	Snow	Rain	Leaf	Flower	Cold																																																			
266	Time	medium	Second	Minute	Hour	Day	Week	Month	Year	Now	Later	Clock	Watch	Calendar																																																			
267	Fairy Tales	easy	Princess	Prince	Castle	Dragon	Witch	Magic	Fairy	King	Queen	Story	Once	End																																																			
268	Superheroes	easy	Hero	Cape	Mask	Power	Fly	Strong	Save	Villain	Fight	City	Secret	Team																																																			
269	Robots	medium	Metal	Wire	Battery	Chip	AI	Sensor	Motor	Code	Machine	Android	Cyborg	Gear																																																			
270	Pirates	easy	Ship	Sea	Treasure	Map	Parrot	Sword	Hat	Patch	Hook	Island	Gold	Flag																																																			
271	Wild West	medium	Cowboy	Horse	Hat	Boot	Sheriff	Saloon	Desert	Cactus	Gun	Train	Gold	Town																																																			
272	Knights	medium	Armor	Sword	Shield	Castle	King	Horse	Battle	Helmet	Lance	Honor	Quest	Dragon																																																			
273	Magic Tricks	medium	Card	Hat	Wand	Rabbit	Dove	Coin	Illusion	Magician	Cape	Box	Secret	Trick																																																			
274	Games	easy	Board	Card	Dice	Piece	Win	Lose	Turn	Play	Fun	Rules	Player	Team																																																			
275	Party	easy	Balloon	Cake	Gift	Music	Dance	Friend	Fun	Hat	Candle	Game	Food	Drink																																																			
276	Halloween	easy	Ghost	Pumpkin	Witch	Bat	Cat	Candy	Costume	Night	Scary	Skeleton	Spider	Boo																																																			
277	Christmas	easy	Tree	Santa	Gift	Star	Snow	Reindeer	Elf	Stocking	Light	Card	Family	Food																																																			
278	Easter	easy	Bunny	Egg	Basket	Hunt	Candy	Spring	Chick	Flower	Chocolate	Sunday	Grass	Find																																																			
279	Valentine	easy	Heart	Love	Card	Flower	Rose	Chocolate	Red	Pink	Cupid	Date	Kiss	Hug																																																			
280	Birthday	easy	Cake	Candle	Gift	Party	Balloon	Age	Year	Happy	Song	Card	Wish	Blow																																																			
281	Wedding	medium	Bride	Groom	Dress	Ring	Cake	Flower	Love	Kiss	Vow	Party	Dance	Guest																																																			
282	Fire Station	easy	Truck	Hose	Ladder	Helmet	Firefighter	Siren	Pole	Water	Alarm	Axe	Rescue	Boots																																																			
283	Movies	easy	Film	Actor	Star	Screen	Watch	Popcorn	Ticket	Show	Story	Funny	Sad	Action																																																			
284	Police Station	easy	Badge	Car	Jail	Handcuffs	Uniform	Siren	Officer	Radio	Law	Help	Patrol	Blue																																																			
285	Sushi	medium	Rice	Seaweed	Salmon	Tuna	Roll	Wasabi	Ginger	Chopsticks	Soy Sauce	Plate	Chef	Fish																																																			
286	Zodiac Signs	medium	Aries	Taurus	Gemini	Cancer	Leo	Virgo	Libra	Scorpio	Sagittarius	Capricorn	Aquarius	Pisces																																																			
287	Martial arts	hard, image	c_martial_arts_g342.png	c_martial_arts_g341.png	c_martial_arts_g340.png	c_martial_arts_g339.png	c_martial_arts_g338.png	c_martial_arts_g337.png	c_martial_arts_g336.png	c_martial_arts_g335.png	c_martial_arts_g334.png	c_martial_arts_g333.png	c_martial_arts_g332.png	c_martial_arts_g331.png	c_martial_arts_g330.png	c_martial_arts_g329.png	c_martial_arts_g328.png	c_martial_arts_g327.png																																															
288	Motos	easy, image	c_motos_g525.png	c_motos_g524.png	c_motos_g523.png	c_motos_g522.png	c_motos_g521.png	c_motos_g520.png	c_motos_g519.png	c_motos_g518.png	c_motos_g517.png	c_motos_g516.png	c_motos_g515.png	c_motos_g514.png																																																			
289	Jobs	medium, image	c_jobs_g675.png	c_jobs_g638.png	c_jobs_g580.png	c_jobs_g555.png	c_jobs_g502.png	c_jobs_g473.png	c_jobs_g444.png	c_jobs_g402.png	c_jobs_g360.png	c_jobs_g317.png	c_jobs_g288.png	c_jobs_g267.png	c_jobs_g222.png	c_jobs_g199.png	c_jobs_g174.png	c_jobs_g136.png	c_jobs_g109.png	c_jobs_g71.png	c_jobs_g54.png	c_jobs_g26.png																																											
290	Cakes	easy, image	c_cakes_g2204.png	c_cakes_g2114.png	c_cakes_g1865.png	c_cakes_g1453.png	c_cakes_g1277.png	c_cakes_g1058.png	c_cakes_g728.png	c_cakes_g694.png	c_cakes_g304.png	c_cakes_g155.png	c_cakes_g81.png	c_cakes_g12.png																																																			
291	Watches	medium, image	c_watches_g546.png	c_watches_g479.png	c_watches_g344.png	c_watches_g309.png	c_watches_g281.png	c_watches_g250.png	c_watches_g208.png	c_watches_g132.png	c_watches_g77.png	c_watches_g34.png																																																					
292	Sharks	medium, image	c_sharks_g1035.png	c_sharks_g1006.png	c_sharks_g970.png	c_sharks_g479.png	c_sharks_g450.png	c_sharks_g422.png	c_sharks_g385.png	c_sharks_g335.png	c_sharks_g303.png	c_sharks_g270.png	c_sharks_g78.png	c_sharks_g39.png																																																			
293	Western	hard, image	c_western_g1433.png	c_western_g1364.png	c_western_g1330.png	c_western_g1223.png	c_western_g1149.png	c_western_g1096.png	c_western_g1008.png	c_western_g931.png	c_western_g846.png	c_western_g744.png	c_western_g347.png	c_western_g266.png	c_western_g93.png																																																		
294	Ships	medium, image	c_ships_g11.png	c_ships_g10.png	c_ships_g9.png	c_ships_g8.png	c_ships_g7.png	c_ships_g6.png	c_ships_g5.png	c_ships_g4.png	c_ships_g3.png	c_ships_g2.png	c_ships_g1.png																																																				
295	Zodiac	medium, image	c_zodiac_g436.png	c_zodiac_g378.png	c_zodiac_g363.png	c_zodiac_g321.png	c_zodiac_g306.png	c_zodiac_g248.png	c_zodiac_g231.png	c_zodiac_g209.png	c_zodiac_g171.png	c_zodiac_g130.png	c_zodiac_g86.png	c_zodiac_g48.png																																																			
296	Dinosaurs	easy, image	c_dinosaurs_g921.png	c_dinosaurs_g738.png	c_dinosaurs_g614.png	c_dinosaurs_g4319.png	c_dinosaurs_g3995.png	c_dinosaurs_g3817.png	c_dinosaurs_g3701.png	c_dinosaurs_g3594.png	c_dinosaurs_g1754.png	c_dinosaurs_g1516.png	c_dinosaurs_g1372.png	c_dinosaurs_g1214.png	c_dinosaurs_g301.png																																																		
297	Cheeses	medium, image	c_cheeses_g2020.png	c_cheeses_g2019.png	c_cheeses_g2018.png	c_cheeses_g2017.png	c_cheeses_g2016.png	c_cheeses_g2015.png		c_cheeses_g2013.png	c_cheeses_g2012.png	c_cheeses_g2011.png	c_cheeses_g2010.png	c_cheeses_g2009.png	c_cheeses_g2008.png	c_cheeses_g2007.png	c_cheeses_g2006.png	c_cheeses_g2005.png																																															
298	Vikings	hard, image	c_vikings_g821.png	c_vikings_g792.png	c_vikings_g657.png	c_vikings_g567.png	c_vikings_g491.png	c_vikings_g371.png	c_vikings_g236.png	c_vikings_g103.png																																																							
299	Medieval	medium, image	c_medieval_g5099.png	c_medieval_g2096.png	c_medieval_g1804.png	c_medieval_g1654.png	c_medieval_g1309.png	c_medieval_g1126.png	c_medieval_g810.png	c_medieval_g627.png	c_medieval_g406.png	c_medieval_g173.png																																																					
300	Pirates	hard, image	c_pirates_g957.png	c_pirates_g906.png	c_pirates_g823.png	c_pirates_g714.png	c_pirates_g631.png	c_pirates_g555.png	c_pirates_g510.png	c_pirates_g393.png	c_pirates_g317.png	c_pirates_g290.png	c_pirates_g233.png	c_pirates_g150.png	c_pirates_g68.png																																																		
301	Mushrooms	easy, image	c_mushrooms_g13753.png	c_mushrooms_g13752.png	c_mushrooms_g13751.png	c_mushrooms_g13750.png	c_mushrooms_g13749.png	c_mushrooms_g13748.png	c_mushrooms_g13747.png	c_mushrooms_g13746.png	c_mushrooms_g13745.png	c_mushrooms_g13744.png	c_mushrooms_g13743.png	c_mushrooms_g13742.png	c_mushrooms_g13741.png	c_mushrooms_g13740.png	c_mushrooms_g13739.png	c_mushrooms_g13738.png	c_mushrooms_g13737.png	c_mushrooms_g13736.png	c_mushrooms_g13735.png	c_mushrooms_g13734.png	c_mushrooms_g13733.png	c_mushrooms_g13732.png	c_mushrooms_g13731.png																																								
302	Musicians	easy, image	c_musicians_g204.png	c_musicians_g186.png	c_musicians_g163.png	c_musicians_g133.png	c_musicians_g113.png	c_musicians_g85.png	c_musicians_g68.png	c_musicians_g50.png	c_musicians_g18.png																																																						
303	Cars	easy, image	c_cars_g557.png	c_cars_g516.png	c_cars_g477.png	c_cars_g439.png	c_cars_g378.png	c_cars_g334.png	c_cars_g296.png	c_cars_g244.png	c_cars_g200.png	c_cars_g148.png	c_cars_g96.png	c_cars_g51.png																																																			
304	Flags	easy, image	c_flags_vn.png	c_flags_us.png	c_flags_tr.png	c_flags_th.png	c_flags_so.png	c_flags_sn.png	c_flags_ru.png	c_flags_ro.png	c_flags_pr.png	c_flags_no.png	c_flags_nl.png	c_flags_ng.png	c_flags_ne.png	c_flags_ml.png	c_flags_mg.png	c_flags_jm.png	c_flags_it.png	c_flags_is.png	c_flags_iq.png	c_flags_in.png	c_flags_hn.png	c_flags_gb.png	c_flags_dk.png	c_flags_de.png	c_flags_cz.png	c_flags_cu.png	c_flags_cr.png	c_flags_co.png	c_flags_cn.png	c_flags_za.png																																	
305	Flags	easy, image	c_flags_ua.png	c_flags_tz.png	c_flags_sg.png	c_flags_se.png	c_flags_sd.png	c_flags_pl.png	c_flags_pa.png	c_flags_nz.png	c_flags_mc.png	c_flags_ma.png	c_flags_ly.png	c_flags_lu.png	c_flags_lt.png	c_flags_kr.png	c_flags_jp.png	c_flags_ie.png	c_flags_hu.png	c_flags_gr.png	c_flags_gn.png	c_flags_fr.png	c_flags_fi.png	c_flags_es.png	c_flags_ee.png	c_flags_ca.png	c_flags_br.png	c_flags_bj.png	c_flags_bg.png	c_flags_be.png	c_flags_at.png	c_flags_ar.png	c_flags_ae.png																																
306	Volcanoes	easy, image	c_volcanoes_g427.png	c_volcanoes_g409.png	c_volcanoes_g367.png	c_volcanoes_g336.png	c_volcanoes_g325.png	c_volcanoes_g283.png	c_volcanoes_g38.png	c_volcanoes_g1566.png	c_volcanoes_g1545.png	c_volcanoes_g1378.png	c_volcanoes_g1359.png	c_volcanoes_g1344.png	c_volcanoes_g1325.png	c_volcanoes_g267.png	c_volcanoes_g247.png	c_volcanoes_g215.png																																															
307	Tools	medium, image	c_tools_g260.png	c_tools_g251.png	c_tools_g246.png	c_tools_g215.png	c_tools_g210.png	c_tools_g176.png	c_tools_g167.png	c_tools_g164.png	c_tools_g150.png	c_tools_g116.png	c_tools_g110.png	c_tools_g103.png																																																			
308	Rollercoaster	medium, image	c_rollercoasters_g2228.png	c_rollercoasters_g1842.png	c_rollercoasters_g1072.png	c_rollercoasters_g830.png	c_rollercoasters_g733.png	c_rollercoasters_g656.png	c_rollercoasters_g551.png	c_rollercoasters_g353.png	c_rollercoasters_g245.png	c_rollercoasters_g103.png																																																					
309	Rollercoaster	medium, image	c_rollercoasters_g2228.png	c_rollercoasters_g1842.png	c_rollercoasters_g1072.png	c_rollercoasters_g830.png	c_rollercoasters_g733.png	c_rollercoasters_g656.png	c_rollercoasters_g551.png	c_rollercoasters_g353.png	c_rollercoasters_g245.png	c_rollercoasters_g103.png																																																					
310	Princesses	medium, image	c_princesses_g463.png	c_princesses_g409.png	c_princesses_g357.png	c_princesses_g300.png	c_princesses_g233.png	c_princesses_g181.png	c_princesses_g133.png	c_princesses_g67.png																																																							
311	Penguins	medium, image	c_penguins_g473.png	c_penguins_g428.png	c_penguins_g390.png	c_penguins_g347.png	c_penguins_g296.png	c_penguins_g259.png	c_penguins_g218.png	c_penguins_g177.png	c_penguins_g142.png	c_penguins_g110.png	c_penguins_g77.png	c_penguins_g37.png																																																			
312	Keys	hard, image	c_keys_g53.png	c_keys_g50.png	c_keys_g45.png	c_keys_g40.png	c_keys_g35.png	c_keys_g29.png	c_keys_g23.png	c_keys_g19.png	c_keys_g11.png	c_keys_g6.png																																																					
313	Italia	easy, image	c_italia_g1721.png	c_italia_g1711.png	c_italia_g1611.png	c_italia_g1390.png	c_italia_g1354.png	c_italia_g1258.png	c_italia_g1199.png	c_italia_g685.png	c_italia_g334.png	c_italia_g64.png	c_italia_g1.png	c_italia_g1769.png																																																			
314	India	medium, image	c_india__x39_.png	c_india__x38_.png	c_india__x36_.png	c_india__x34_.png	c_india__x33_.png	c_india__x31_4.png	c_india__x31_3.png	c_india__x31_2.png	c_india__x31_1.png	c_india__x31_0.png																																																					
315	Horses	easy, image	c_horses_g514.png	c_horses_g480.png	c_horses_g446.png	c_horses_g387.png	c_horses_g347.png	c_horses_g307.png	c_horses_g272.png	c_horses_g239.png	c_horses_g179.png	c_horses_g143.png	c_horses_g104.png	c_horses_g46.png																																																			
316	Greece	easy, image	c_greece_g18.png	c_greece_g10.png	c_greece_g9.png	c_greece_g8.png	c_greece_g7.png	c_greece_g6.png	c_greece_g5.png	c_greece_g4.png	c_greece_g3.png	c_greece_g2.png	c_greece_g1.png																																																				
317	Germany	easy, image	c_germany_g1325.png	c_germany_g1228.png	c_germany_g736.png	c_germany_g546.png	c_germany_g492.png	c_germany_g360.png	c_germany_g281.png	c_germany_g137.png	c_germany_g103.png																																																						
318	Farming	medium, image	c_farming_layer_16.png	c_farming_layer_15.png	c_farming_layer_13.png	c_farming_layer_12.png	c_farming_layer_11.png	c_farming_layer_9.png	c_farming_layer_7.png	c_farming_layer_6.png	c_farming_layer_5.png	c_farming_layer_4.png	c_farming_layer_3.png	c_farming_layer_1.png																																																			
319	Emojis	easy, image	c_emojis_2_g306.png	c_emojis_2_g284.png		c_emojis_2_g248.png	c_emojis_2_g238.png	c_emojis_2_g231.png	c_emojis_2_g224.png	c_emojis_2_g208.png	c_emojis_2_g201.png	c_emojis_2_g193.png	c_emojis_2_g175.png	c_emojis_2_g168.png	c_emojis_2_g159.png	c_emojis_2_g143.png	c_emojis_2_g92.png	c_emojis_2_g85.png																																															
320	Emojis	easy, image	c_emojis_1_g298.png	c_emojis_1_g291.png	c_emojis_1_g259.png	c_emojis_1_g186.png	c_emojis_1_g152.png	c_emojis_1_g121.png	c_emojis_1_g110.png	c_emojis_1_g99.png	c_emojis_1_g76.png	c_emojis_1_g65.png	c_emojis_1_g59.png	c_emojis_1_g49.png	c_emojis_1_g40.png	c_emojis_1_g32.png	c_emojis_1_g24.png	c_emojis_1_g16.png	c_emojis_1_g8.png																																														
321	Coffees	hard, image	c_coffees_g1802.png	c_coffees_g1726.png	c_coffees_g1706.png	c_coffees_g1624.png	c_coffees_g1583.png	c_coffees_g1325.png	c_coffees_g1217.png	c_coffees_g1072.png	c_coffees_g1052.png	c_coffees_g776.png	c_coffees_g539.png	c_coffees_g406.png	c_coffees_g322.png	c_coffees_g232.png	c_coffees_g78.png	c_coffees_g43.png																																															
322	Circus	easy, image	c_circus_g892.png	c_circus_g831.png	c_circus_g759.png	c_circus_g692.png	c_circus_g618.png	c_circus_g484.png	c_circus_g352.png	c_circus_g247.png	c_circus_g138.png	c_circus_g81.png																																																					
323	Canada	easy, image	c_canada_g885.png	c_canada_g866.png	c_canada_g848.png	c_canada_g816.png	c_canada_g641.png	c_canada_g572.png	c_canada_g505.png	c_canada_g465.png	c_canada_g423.png	c_canada_g80.png																																																					
324	Butterflies	medium, image	c_butterflies_g315.png	c_butterflies_g282.png	c_butterflies_g259.png	c_butterflies_g209.png	c_butterflies_g184.png	c_butterflies_g142.png	c_butterflies_g78.png	c_butterflies_g36.png																																																							
325	Birds	easy, image	c_birds_g8221.png	c_birds_g7582.png	c_birds_g7517.png	c_birds_g7311.png	c_birds_g6906.png	c_birds_g6763.png	c_birds_g6709.png	c_birds_g6377.png	c_birds_g5649.png	c_birds_g5377.png	c_birds_g5244.png	c_birds_g5144.png	c_birds_g3341.png	c_birds_g3206.png	c_birds_g2948.png	c_birds_g2896.png	c_birds_g2265.png	c_birds_g534.png	c_birds_g433.png	c_birds_g2174.png	c_birds_g1423.png	c_birds_g1227.png	c_birds_g185.png																																								
326	Bicycles	easy, image	c_bicycles_bike_10.png	c_bicycles_bike_9.png	c_bicycles_bike_8.png	c_bicycles_bike_7.png	c_bicycles_bike_6.png	c_bicycles_bike_5.png	c_bicycles_bike_4.png	c_bicycles_bike_3.png	c_bicycles_bike_2.png	c_bicycles_bike_1.png																																																					
327	Bees	easy, image	c_bees_g590.png	c_bees_g564.png	c_bees_g303.png	c_bees_g276.png	c_bees_g225.png	c_bees_g184.png	c_bees_g90.png	c_bees_g64.png	c_bees_g26.png	c_bees_g143.png	c_bees_g123.png																																																				
328	Bears	easy, image	c_bears_g502.png	c_bears_g459.png	c_bears_g404.png	c_bears_g338.png	c_bears_g242.png	c_bears_g199.png	c_bears_g156.png	c_bears_g106.png	c_bears_g56.png																																																						
329	Bags	medium, image	c_bags_g115.png	c_bags_g98.png	c_bags_g82.png	c_bags_g72.png	c_bags_g53.png	c_bags_g46.png	c_bags_g38.png	c_bags_g28.png	c_bags_g19.png																																																						
330	Toys	medium, image	c_toys_g236.png	c_toys_g219.png	c_toys_g204.png	c_toys_g189.png	c_toys_g161.png	c_toys_g143.png	c_toys_g114.png	c_toys_g67.png	c_toys_g45.png	c_toys_g25.png	c_toys_g19.png	c_toys_g12.png																																																			
331	Ballet	hard, image	c_ballet_g493.png	c_ballet_g492.png	c_ballet_g444.png	c_ballet_g429.png	c_ballet_g394.png	c_ballet_g332.png	c_ballet_g316.png	c_ballet_g264.png	c_ballet_g206.png	c_ballet_g178.png	c_ballet_g135.png	c_ballet_g118.png	c_ballet_g98.png	c_ballet_g46.png	c_ballet_g31.png																																																
332	Candies	easy, image	c_candies_g196.png	c_candies_g186.png	c_candies_g177.png	c_candies_g145.png	c_candies_g136.png	c_candies_g122.png	c_candies_g114.png	c_candies_g84.png	c_candies_g73.png	c_candies_g45.png	c_candies_g25.png																																																				
333	Pizza	easy, image	c_pizzas_g3443.png	c_pizzas_g3227.png	c_pizzas_g2758.png	c_pizzas_g2179.png	c_pizzas_g1673.png	c_pizzas_g1515.png	c_pizzas_g1007.png	c_pizzas_g718.png	c_pizzas_g331.png																																																						
334	Airport	hard, image	c_airport_g2489.png	c_airport_g1923.png	c_airport_g1871.png	c_airport_g1737.png	c_airport_g1586.png	c_airport_g1513.png	c_airport_g1225.png	c_airport_g1050.png	c_airport_g903.png	c_airport_g723.png	c_airport_g513.png																																																				
335	Bridges	medium, image	c_bridges_g1763.png	c_bridges_g1617.png	c_bridges_g1460.png	c_bridges_g1243.png	c_bridges_g998.png	c_bridges_g802.png	c_bridges_g679.png	c_bridges_g509.png	c_bridges_g259.png	c_bridges_g110.png																																																					
336	Lighthouses	easy, image	c_lighthouses_g354.png	c_lighthouses_g306.png	c_lighthouses_g285.png	c_lighthouses_g174.png	c_lighthouses_g165.png	c_lighthouses_g118.png	c_lighthouses_g80.png	c_lighthouses_g53.png	c_lighthouses_g37.png																																																						
337	Markets	medium, image	c_market_g9364.png	c_market_g8575.png	c_market_g8276.png	c_market_g7712.png	c_market_g7251.png	c_market_g5635.png	c_market_g4009.png	c_market_g1616.png	c_market_g836.png																																																						
338	Trains	easy, image	c_trains_g609.png	c_trains_g577.png	c_trains_g543.png	c_trains_g507.png	c_trains_g459.png	c_trains_g418.png	c_trains_g368.png	c_trains_g228.png	c_trains_g106.png																																																						
339	Weather	medium, image	c_weather_g237.png	c_weather_g202.png	c_weather_g75.png	c_weather_g37.png	c_weather_g192.png	c_weather_g188.png	c_weather_g171.png	c_weather_g163.png	c_weather_g143.png	c_weather_g133.png	c_weather_g122.png	c_weather_g118.png																																																			
340	Jewels	hard, image	c_jewels__x39_.png	c_jewels__x38_.png	c_jewels__x37_.png	c_jewels__x36_.png	c_jewels__x35_.png	c_jewels__x34_.png	c_jewels__x33_.png	c_jewels__x32_.png	c_jewels__x31_6.png	c_jewels__x31_5.png	c_jewels__x31_4.png	c_jewels__x31_3.png	c_jewels__x31_2.png	c_jewels__x31_1.png	c_jewels__x31_0.png	c_jewels__x31_.png																																															
341	Tattoo	medium, image	c_tatoos_g404.png	c_tatoos_g390.png	c_tatoos_g384.png	c_tatoos_g338.png	c_tatoos_g334.png	c_tatoos_g305.png	c_tatoos_g254.png	c_tatoos_g180.png	c_tatoos_g152.png	c_tatoos_g115.png	c_tatoos_g102.png	c_tatoos_g77.png																																																			
342	Aliens	image,medium	c_aliens_g134.png	c_aliens_g263.png	c_aliens_g340.png	c_aliens_g474.png	c_aliens_g550.png	c_aliens_g622.png	c_aliens_g653.png	c_aliens_g709.png	c_aliens_g751.png	c_aliens_g834.png	c_aliens_g933.png																																																				
343	Bells	image,medium	c_bells_g56.png	c_bells_g82.png	c_bells_g94.png	c_bells_g103.png	c_bells_g125.png	c_bells_g139.png	c_bells_g151.png	c_bells_g165.png	c_bells_g190.png																																																						
344	Boots	image,medium	c_boots_g7.png	c_boots_g13.png	c_boots_g33.png	c_boots_g69.png	c_boots_g82.png	c_boots_g116.png	c_boots_g174.png	c_boots_g222.png	c_boots_g254.png																																																						
345	Castle	image,medium	c_castles_g453.png	c_castles_g558.png	c_castles_g672.png	c_castles_g943.png	c_castles_g1082.png	c_castles_g1264.png	c_castles_g1377.png	c_castles_g1576.png	c_castles_g1717.png	c_castles_g1816.png	c_castles_g1817.png	c_castles_g1818.png																																																			
346	Chocolate	image,medium	c_chocolate_g1123.png	c_chocolate_g1253.png	c_chocolate_g241.png	c_chocolate_g313.png	c_chocolate_g1279.png	c_chocolate_g2245.png	c_chocolate_g2322.png	c_chocolate_g2389.png	c_chocolate_g2420.png	c_chocolate_g2429.png	c_chocolate_g6907.png																																																				
347	Eggs	image,medium	c_eggs_g17.png	c_eggs_g22.png	c_eggs_g54.png	c_eggs_g231.png	c_eggs_g409.png	c_eggs_g547.png	c_eggs_g985.png	c_eggs_g1008.png	c_eggs_g1142.png	c_eggs_g1197.png																																																					
348	Fairies	image,medium	c_fairies_g94.png	c_fairies_g282.png	c_fairies_g361.png	c_fairies_g426.png	c_fairies_g516.png	c_fairies_g623.png	c_fairies_g752.png	c_fairies_g865.png	c_fairies_g964.png	c_fairies_g1083.png	c_fairies_g1227.png	c_fairies_g1315.png	c_fairies_g1439.png	c_fairies_g1533.png	c_fairies_g1635.png	c_fairies_g1712.png	c_fairies_g1833.png	c_fairies_g1938.png	c_fairies_g2030.png	c_fairies_g2146.png	c_fairies_g2250.png	c_fairies_g2330.png	c_fairies_g2422.png	c_fairies_g2519.png	c_fairies_g2630.png																																						
349	Fountain	image,medium	c_fountain_g189.png	c_fountain_g269.png	c_fountain_g1022.png	c_fountain_g354.png	c_fountain_g439.png	c_fountain_g598.png	c_fountain_g695.png	c_fountain_g779.png	c_fountain_g925.png																																																						
350	Gardening	image,medium	c_gardening_g1813.png	c_gardening_g1814.png	c_gardening_g1815.png	c_gardening_g1817.png	c_gardening_g1818.png	c_gardening_g1819.png	c_gardening_g1820.png	c_gardening_g1821.png	c_gardening_g1822.png	c_gardening_g1823.png	c_gardening_g1824.png	c_gardening_g1816.png																																																			
351	Gloves	image,medium	c_gloves_baseball.png	c_gloves_boxing_gloves.png	c_gloves_convertible_mittens.png	c_gloves_cuffs.png	c_gloves_cycling_gloves.png	c_gloves_dress_gloves.png	c_gloves_driving_gloves.png	c_gloves_garden_gloves.png	c_gloves_knitted_gloves.png	c_gloves_leather_gloves.png	c_gloves_medical.png	c_gloves_mittens.png	c_gloves_oven_mitten.png	c_gloves_rubber_gloves.png																																																	
352	Helicopter	image,medium	c_helicopter_g104.png	c_helicopter_g124.png	c_helicopter_g162.png	c_helicopter_g203.png	c_helicopter_g23.png	c_helicopter_g65.png	c_helicopter_g242.png	c_helicopter_g279.png	c_helicopter_g331.png																																																						
353	Hospital	image,medium	c_hospital_g10.png	c_hospital_g35.png	c_hospital_g52.png	c_hospital_g70.png	c_hospital_g310.png	c_hospital_g380.png	c_hospital_g388.png	c_hospital_g400.png	c_hospital_g455.png	c_hospital_g488.png	c_hospital_g489.png																																																				
354	Islands	image,medium	c_island_g87.png	c_island_g151.png	c_island_g266.png	c_island_g437.png	c_island_g522.png	c_island_g712.png	c_island_g834.png	c_island_g922.png	c_island_g1024.png																																																						
355	Laundry	image,medium	c_laundry_g37.png	c_laundry_g90.png	c_laundry_g114.png	c_laundry_g149.png	c_laundry_g167.png	c_laundry_g183.png	c_laundry_g198.png	c_laundry_g213.png	c_laundry_g222.png																																																						
356	Library	image,medium	c_library_g1000.png	c_library_g259.png	c_library_g404.png	c_library_g471.png	c_library_g574.png	c_library_g615.png	c_library_g751.png	c_library_g823.png	c_library_g947.png	c_library_g1105.png	c_library_g1128.png	c_library_g1259.png	c_library_g1327.png	c_library_g1463.png	c_library_g1745.png																																																
357	Lightning	image,medium	c_lightning_g2.png	c_lightning_g4.png	c_lightning_g7.png	c_lightning_g8.png	c_lightning_g11.png	c_lightning_g20.png	c_lightning_g21.png	c_lightning_g23.png	c_lightning_g30.png	c_lightning_g36.png	c_lightning_g37.png																																																				
358	Milk	image,medium	c_milk_g40.png	c_milk_g80.png	c_milk_g91.png	c_milk_g109.png	c_milk_g144.png	c_milk_g145.png																																																									
359	Monkeys	image,medium	c_monkeys_g117.png	c_monkeys_g186.png	c_monkeys_g281.png	c_monkeys_g402.png	c_monkeys_g624.png	c_monkeys_g712.png	c_monkeys_g844.png	c_monkeys_g938.png	c_monkeys_g1029.png																																																						
360	Ninjas	image,medium	c_ninjas_g47.png	c_ninjas_g89.png	c_ninjas_g126.png	c_ninjas_g168.png	c_ninjas_g236.png	c_ninjas_g295.png	c_ninjas_g362.png	c_ninjas_g403.png	c_ninjas_g453.png	c_ninjas_g510.png	c_ninjas_g595.png	c_ninjas_g630.png																																																			
361	Pharmacy	image,medium	c_pharmacy_g60.png	c_pharmacy_g110.png	c_pharmacy_g236.png	c_pharmacy_g252.png	c_pharmacy_g309.png	c_pharmacy_g390.png	c_pharmacy_g854.png	c_pharmacy_g1045.png	c_pharmacy_g1226.png	c_pharmacy_g1265.png	c_pharmacy_g1343.png																																																				
362	Radio	image,medium	c_radio_g71.png	c_radio_g105.png	c_radio_g126.png	c_radio_g195.png	c_radio_g226.png	c_radio_g246.png	c_radio_g285.png	c_radio_g332.png	c_radio_g344.png	c_radio_g409.png	c_radio_g490.png	c_radio_g491.png																																																			
363	Rainbow	image,medium	c_rainbow_g60.png	c_rainbow_g88.png	c_rainbow_g123.png	c_rainbow_g167.png	c_rainbow_g203.png	c_rainbow_g239.png	c_rainbow_g259.png	c_rainbow_g296.png	c_rainbow_g331.png	c_rainbow_g362.png	c_rainbow_g391.png	c_rainbow_g426.png	c_rainbow_g462.png	c_rainbow_g482.png	c_rainbow_g524.png	c_rainbow_g538.png																																															
364	Sewing	image,medium	c_sewing_g15.png	c_sewing_g25.png	c_sewing_g32.png	c_sewing_g45.png	c_sewing_g66.png	c_sewing_g68.png	c_sewing_g74.png	c_sewing_g128.png	c_sewing_g131.png	c_sewing_g137.png	c_sewing_g185.png	c_sewing_g201.png	c_sewing_g219.png																																																		
365	Skating	image,medium	c_skating_g164.png	c_skating_g314.png	c_skating_g441.png	c_skating_g610.png	c_skating_g786.png	c_skating_g950.png	c_skating_g1041.png	c_skating_g1186.png	c_skating_g1281.png	c_skating_g1384.png	c_skating_g1522.png	c_skating_g1697.png																																																			
366	Skyscraper	image,medium	c_skyscraper_g231.png	c_skyscraper_g530.png	c_skyscraper_g1018.png	c_skyscraper_g1137.png	c_skyscraper_g1394.png	c_skyscraper_g1424.png	c_skyscraper_g1520.png	c_skyscraper_g1972.png	c_skyscraper_g2076.png	c_skyscraper_g79.png	c_skyscraper_g708.png	c_skyscraper_g940.png																																																			
367	Snowman	image,medium	c_snowman_g177.png	c_snowman_g275.png	c_snowman_g404.png	c_snowman_g557.png	c_snowman_g683.png	c_snowman_g842.png	c_snowman_g928.png	c_snowman_g1067.png	c_snowman_g1190.png	c_snowman_g1298.png																																																					
368	Socks	image,medium	c_socks_g9.png	c_socks_g40.png	c_socks_g78.png	c_socks_g107.png	c_socks_g140.png	c_socks_g202.png	c_socks_g228.png	c_socks_g266.png	c_socks_g721.png	c_socks_g745.png	c_socks_g768.png	c_socks_g795.png	c_socks_g813.png	c_socks_g844.png	c_socks_g862.png																																																
369	Balloons	image,medium	c_sport_balls_g3589.png	c_sport_balls_g3590.png	c_sport_balls_g3591.png	c_sport_balls_g3592.png	c_sport_balls_g3593.png	c_sport_balls_g3594.png	c_sport_balls_g3595.png	c_sport_balls_g3596.png	c_sport_balls_g3597.png	c_sport_balls_g3598.png	c_sport_balls_g3599.png	c_sport_balls_g3600.png	c_sport_balls_g3601.png	c_sport_balls_g3602.png	c_sport_balls_g3603.png																																																
370	Tea	image,medium	c_tea_g20.png	c_tea_g46.png	c_tea_g60.png	c_tea_g111.png	c_tea_g119.png	c_tea_g362.png	c_tea_g373.png	c_tea_g388.png	c_tea_g411.png	c_tea_g438.png	c_tea_g458.png	c_tea_g476.png	c_tea_g496.png	c_tea_g511.png	c_tea_g529.png																																																
371	Tent	image,medium	c_tent_g16.png	c_tent_g32.png	c_tent_g49.png	c_tent_g70.png	c_tent_g81.png	c_tent_g103.png	c_tent_g123.png	c_tent_g136.png	c_tent_g148.png																																																						
372	Theater	image,medium	c_theater__x31_.png	c_theater__x31_1.png	c_theater__x31_2.png	c_theater__x31_3.png	c_theater__x31_4.png	c_theater__x31_5.png	c_theater__x31_6.png	c_theater__x33_.png	c_theater__x35_.png	c_theater__x37__2_.png	c_theater__x38_.png																																																				
373	Yoga	image,medium	c_yoga_g79.png	c_yoga_g540.png	c_yoga_g493.png	c_yoga_g415.png	c_yoga_g377.png	c_yoga_g335.png	c_yoga_g250.png	c_yoga_g168.png																																																							
374	Winemaker	image,medium	c_winemaker_g929.png	c_winemaker_g836.png	c_winemaker_g797.png	c_winemaker_g733.png	c_winemaker_g690.png	c_winemaker_g603.png	c_winemaker_g549.png	c_winemaker_g511.png	c_winemaker_g373.png	c_winemaker_g346.png	c_winemaker_g273.png	c_winemaker_g195.png																																																			
375	Volcanology	image,hard	c_volcanology_g1149.png	c_volcanology_g1148.png	c_volcanology_g1147.png	c_volcanology_g1146.png	c_volcanology_g1145.png	c_volcanology_g1144.png	c_volcanology_g1143.png	c_volcanology_g842.png	c_volcanology_g710.png	c_volcanology_g569.png																																																					
376	Upholsterer	image,medium	c_upholsterer_g940.png	c_upholsterer_g905.png	c_upholsterer_g874.png	c_upholsterer_g748.png	c_upholsterer_g630.png	c_upholsterer_g550.png	c_upholsterer_g416.png	c_upholsterer_g334.png	c_upholsterer_g245.png	c_upholsterer_g135.png																																																					
377	Seismology	image,hard	c_seismology_g3957.png	c_seismology_g3704.png	c_seismology_g3305.png	c_seismology_g2897.png	c_seismology_g2196.png	c_seismology_g1704.png	c_seismology_g1294.png	c_seismology_g1096.png	c_seismology_g450.png	c_seismology_g394.png	c_seismology_g128.png																																																				
378	Pottery	image,medium	c_pottery_g517.png	c_pottery_g478.png	c_pottery_g423.png	c_pottery_g375.png	c_pottery_g312.png	c_pottery_g254.png	c_pottery_g172.png	c_pottery_g117.png	c_pottery_g85.png																																																						
379	Police	image,easy	c_police_g720.png	c_police_g699.png	c_police_g672.png	c_police_g576.png	c_police_g456.png	c_police_g353.png	c_police_g185.png	c_police_g146.png	c_police_g127.png	c_police_g54.png																																																					
380	Plumber	image,easy	c_plumber_g693.png	c_plumber_g642.png	c_plumber_g604.png	c_plumber_g532.png	c_plumber_g460.png	c_plumber_g403.png	c_plumber_g348.png	c_plumber_g304.png	c_plumber_g227.png	c_plumber_g184.png	c_plumber_g91.png	c_plumber_g44.png																																																			
381	Photography	image,easy	c_photography_g547.png	c_photography_g494.png	c_photography_g419.png	c_photography_g389.png	c_photography_g338.png	c_photography_g273.png	c_photography_g214.png	c_photography_g177.png	c_photography_g110.png	c_photography_g51.png																																																					
382	Optician	image,easy	c_optician_g648.png	c_optician_g544.png	c_optician_g433.png	c_optician_g325.png	c_optician_g197.png	c_optician_g87.png																																																									
383	Laundromat	image,easy	c_laundromat__x39_.png	c_laundromat__x37__1_.png	c_laundromat__x36_.png	c_laundromat__x35_.png	c_laundromat__x34_.png	c_laundromat__x33_.png	c_laundromat__x32_.png	c_laundromat__x31_6.png	c_laundromat__x31_5.png	c_laundromat__x31_4.png	c_laundromat__x31_3.png	c_laundromat__x31_2.png	c_laundromat__x31_1.png	c_laundromat__x31_0.png	c_laundromat__x31_.png																																																
384	Ice cream shop	image,easy	c_ice_cream_shop_g2983.png	c_ice_cream_shop_g2890.png	c_ice_cream_shop_g2598.png	c_ice_cream_shop_g2434.png	c_ice_cream_shop_g1959.png	c_ice_cream_shop_g1344.png	c_ice_cream_shop_g1199.png	c_ice_cream_shop_g983.png	c_ice_cream_shop_g829.png	c_ice_cream_shop_g499.png																																																					
385	Firefighter	image,easy	c_firefighter_g1896.png	c_firefighter_g1773.png	c_firefighter_g864.png	c_firefighter_g800.png	c_firefighter_g619.png	c_firefighter_g467.png	c_firefighter_g367.png	c_firefighter_g302.png	c_firefighter_g229.png	c_firefighter_g145.png	c_firefighter_g67.png																																																				
386	Fencing	image,medium	c_fencing_g1767.png	c_fencing_g1644.png	c_fencing_g1544.png	c_fencing_g1485.png	c_fencing_g1373.png	c_fencing_g1318.png	c_fencing_g1199.png	c_fencing_g1071.png	c_fencing_g960.png	c_fencing_g827.png	c_fencing_g714.png	c_fencing_g595.png	c_fencing_g481.png	c_fencing_g362.png	c_fencing_g249.png	c_fencing_g123.png																																															
387	Fairground	image,easy	c_fairground_g927.png	c_fairground_g850.png	c_fairground_g787.png	c_fairground_g706.png	c_fairground_g639.png	c_fairground_g560.png	c_fairground_g461.png	c_fairground_g1112.png	c_fairground_g1057.png	c_fairground_g1004.png	c_fairground_g378.png	c_fairground_g310.png	c_fairground_g258.png	c_fairground_g196.png	c_fairground_g122.png																																																
388	Deep sea diver	image,hard	c_diver_g710.png	c_diver_g709.png	c_diver_g708.png	c_diver_g707.png	c_diver_g706.png	c_diver_g705.png	c_diver_g704.png	c_diver_g295.png	c_diver_g215.png																																																						
389	Camper van	image,easy	c_camper_van_g448.png	c_camper_van_g414.png	c_camper_van_g353.png	c_camper_van_g307.png	c_camper_van_g271.png	c_camper_van_g214.png	c_camper_van_g150.png	c_camper_van_g113.png	c_camper_van_g72.png	c_camper_van_g46.png																																																					
390	Construction	image,easy	c_construction_g961.png	c_construction_g835.png	c_construction_g790.png	c_construction_g730.png	c_construction_g663.png	c_construction_g609.png	c_construction_g550.png	c_construction_g500.png	c_construction_g461.png	c_construction_g393.png	c_construction_g168.png	c_construction_g99.png	c_construction_g53.png																																																		
391	Boxing	image,easy	c_boxing_g431.png	c_boxing_g398.png	c_boxing_g364.png	c_boxing_g301.png	c_boxing_g257.png	c_boxing_g203.png	c_boxing_g177.png	c_boxing_g152.png	c_boxing_g106.png	c_boxing_g71.png	c_boxing_g34.png																																																				
392	Bowling	image,easy	c_bowling_g2199.png	c_bowling_g2198.png	c_bowling_g2197.png	c_bowling_g2196.png	c_bowling_g2195.png	c_bowling_g2194.png	c_bowling_g2193.png	c_bowling_g2192.png																																																							
393	Bookbinding	image,hard	c_bookbinding_g2068.png	c_bookbinding_g1996.png	c_bookbinding_g1950.png	c_bookbinding_g1796.png	c_bookbinding_g1755.png	c_bookbinding_g1548.png	c_bookbinding_g1489.png	c_bookbinding_g1439.png	c_bookbinding_g1288.png	c_bookbinding_g1138.png	c_bookbinding_g565.png	c_bookbinding_g296.png	c_bookbinding_g158.png																																																		
394	Blacksmith	image,medium	c_blacksmith_g302.png	c_blacksmith_g271.png	c_blacksmith_g228.png	c_blacksmith_g187.png	c_blacksmith_g125.png	c_blacksmith_g68.png																																																									
395	Basketry	image,medium	c_basketry_g5564.png	c_basketry_g4994.png	c_basketry_g4903.png	c_basketry_g4721.png	c_basketry_g4561.png	c_basketry_g4218.png	c_basketry_g4155.png	c_basketry_g4085.png	c_basketry_g3790.png	c_basketry_g3601.png	c_basketry_g2934.png	c_basketry_g2515.png	c_basketry_g2210.png	c_basketry_g1958.png	c_basketry_g1827.png	c_basketry_g1625.png	c_basketry_g1263.png	c_basketry_g611.png	c_basketry_g248.png	c_basketry_g99.png																																											
396	Astronomy	image,medium	c_astronomy_g805.png	c_astronomy_g735.png	c_astronomy_g660.png	c_astronomy_g554.png	c_astronomy_g434.png	c_astronomy_g372.png	c_astronomy_g302.png	c_astronomy_g226.png	c_astronomy_g200.png	c_astronomy_g144.png	c_astronomy_g111.png	c_astronomy_g57.png	c_astronomy_g23.png																																																		
397	Archery	image,medium	c_archery_g917.png	c_archery_g584.png	c_archery_g569.png	c_archery_g498.png	c_archery_g422.png	c_archery_g400.png	c_archery_g334.png	c_archery_g265.png	c_archery_g250.png	c_archery_g244.png	c_archery_g221.png	c_archery_g204.png	c_archery_g174.png	c_archery_g13.png																																																	
398	Aquarium	image,easy	c_aquarium_g9109.png	c_aquarium_g9024.png	c_aquarium_g5237.png	c_aquarium_g2998.png	c_aquarium_g2147.png	c_aquarium_g2133.png	c_aquarium_g1115.png	c_aquarium_g812.png	c_aquarium_g808.png	c_aquarium_g803.png	c_aquarium_g720.png	c_aquarium_g682.png	c_aquarium_g635.png																																																		
399	Billiards	image,easy	c_billiard_g239.png	c_billiard_g226.png	c_billiard_g220.png	c_billiard_g214.png	c_billiard_g194.png	c_billiard_g184.png	c_billiard_g115.png	c_billiard_g102.png	c_billiard_g90.png	c_billiard_g88.png	c_billiard_g76.png	c_billiard_g45.png																																																			
400	Bakery	image,easy	c_bakery_g755.png	c_bakery_g685.png	c_bakery_g607.png	c_bakery_g519.png	c_bakery_g500.png	c_bakery_g492.png	c_bakery_g472.png	c_bakery_g448.png	c_bakery_g389.png	c_bakery_g375.png	c_bakery_g322.png	c_bakery_g260.png	c_bakery_g154.png	c_bakery_g117.png	c_bakery_g44.png	c_bakery_g33.png																																															
401	Beekeeper	image,medium	c_beekeeper_g6573.png	c_beekeeper_g6572.png	c_beekeeper_g5974.png	c_beekeeper_g5920.png	c_beekeeper_g4401.png	c_beekeeper_g3576.png	c_beekeeper_g3331.png	c_beekeeper_g376.png	c_beekeeper_g357.png	c_beekeeper_g307.png	c_beekeeper_g287.png	c_beekeeper_g196.png	c_beekeeper_g170.png																																																		
402	China	image,medium	c_china_g1.png	c_china_g57.png	c_china_g58.png	c_china_g59.png	c_china_g60.png	c_china_g61.png	c_china_g62.png	c_china_g63.png	c_china_g64.png	c_china_g65.png	c_china_g66.png	c_china_g67.png	c_china_g68.png	c_china_g69.png	c_china_g70.png	c_china_g71.png	c_china_g72.png	c_china_g73.png	c_china_g74.png	c_china_g75.png	c_china_g76.png	c_china_g77.png	c_china_g78.png																																								
403	Vegetables	image,medium	c_vegetables2_g1115.png	c_vegetables2_g1118.png	c_vegetables2_g1119.png	c_vegetables2_g1120.png	c_vegetables2_g1125.png	c_vegetables2_g1126.png	c_vegetables2_g1127.png	c_vegetables2_g1129.png	c_vegetables2_g1131.png	c_vegetables2_g1132.png	c_vegetables2_g1133.png	c_vegetables2_g1134.png	c_vegetables2_g1136.png	c_vegetables2_g1137.png	c_vegetables2_g1138.png	c_vegetables2_g1139.png																																															
404	Reptiles	image,medium	c_reptiles_g87.png	c_reptiles_g138.png	c_reptiles_g257.png	c_reptiles_g464.png	c_reptiles_g529.png	c_reptiles_g582.png	c_reptiles_g754.png	c_reptiles_g772.png	c_reptiles_g858.png																																																						
405	Spain	image,medium	c_spain_g13.png	c_spain_g55.png	c_spain_g115.png	c_spain_g170.png	c_spain_g182.png	c_spain_g202.png	c_spain_g249.png	c_spain_g275.png	c_spain_g334.png	c_spain_g355.png	c_spain_g470.png	c_spain_g589.png	c_spain_g710.png	c_spain_g839.png	c_spain_g893.png	c_spain_g1296.png	c_spain_g1361.png																																														
406	Clock	image,hard	c_clocks_g115.png	c_clocks_g6.png	c_clocks_g13.png	c_clocks_g34.png	c_clocks_g40.png	c_clocks_g54.png	c_clocks_g63.png	c_clocks_g71.png	c_clocks_g89.png	c_clocks_g143.png	c_clocks_g151.png	c_clocks_g162.png	c_clocks_g185.png																																																		
407	Knights	image,easy	c_knights_g77.png	c_knights_g162.png	c_knights_g235.png	c_knights_g323.png	c_knights_g384.png	c_knights_g461.png	c_knights_g517.png	c_knights_g648.png																																																							
408	Lemon	image,easy	c_lemon_g13152.png	c_lemon_g18931.png	c_lemon_g23413.png	c_lemon_g28153.png	c_lemon_g33293.png	c_lemon_g34431.png	c_lemon_g7436.png	c_lemon_g42508.png	c_lemon_g46985.png																																																						
409	Mayans	image,hard	c_mayans_g921.png	c_mayans_g1146.png	c_mayans_g1242.png	c_mayans_g1873.png	c_mayans_g2097.png	c_mayans_g2369.png	c_mayans_g2541.png	c_mayans_g2593.png	c_mayans_g2808.png	c_mayans_g2839.png	c_mayans_g2939.png																																																				
410	Flags	easy, image	c_flags_gb.png	c_flags_jp.png	c_flags_us.png	c_flags_br.png																																																											
411	Banking / Money	image,medium	c_banking_g17.png	c_banking_g38.png	c_banking_g75.png	c_banking_g94.png	c_banking_g220.png	c_banking_g324.png	c_banking_g346.png	c_banking_g411.png	c_banking_g430.png	c_banking_g467.png	c_banking_g495.png	c_banking_g563.png	c_banking_g598.png	c_banking_g694.png	c_banking_g739.png	c_banking_g781.png																																															
412	BBQ / Barbecue	image,easy	c_barbecue_g242.png	c_barbecue_g569.png	c_barbecue_g789.png	c_barbecue_g1031.png	c_barbecue_g1087.png	c_barbecue_g1289.png																																																									
413	Birthday	image,easy	c_birthday_g14.png	c_birthday_g23.png	c_birthday_g42.png	c_birthday_g80.png	c_birthday_g122.png	c_birthday_g183.png	c_birthday_g235.png	c_birthday_g302.png	c_birthday_g349.png	c_birthday_g432.png	c_birthday_g487.png	c_birthday_g514.png	c_birthday_g534.png	c_birthday_g555.png	c_birthday_g579.png																																																
414	Bread	image,medium	c_bread_g6155.png	c_bread_g6156.png	c_bread_g6157.png	c_bread_g6158.png	c_bread_g6159.png	c_bread_g6160.png	c_bread_g6161.png	c_bread_g6162.png	c_bread_g6163.png	c_bread_g6164.png	c_bread_g6165.png	c_bread_g6166.png	c_bread_g6167.png	c_bread_g6168.png	c_bread_g6169.png	c_bread_g6170.png																																															
415	Camping	image,medium	c_camping_g101.png	c_camping_g179.png	c_camping_g293.png	c_camping_g387.png	c_camping_g439.png	c_camping_g486.png	c_camping_g569.png	c_camping_g595.png	c_camping_g622.png	c_camping_g649.png	c_camping_g681.png	c_camping_g732.png	c_camping_g751.png	c_camping_g769.png																																																	
416	Candles	image,easy	c_candles_g14.png	c_candles_g31.png	c_candles_g44.png	c_candles_g704.png	c_candles_g727.png	c_candles_g773.png	c_candles_g789.png	c_candles_g797.png	c_candles_g834.png	c_candles_g847.png	c_candles_g1047.png	c_candles_g1062.png	c_candles_g1109.png																																																		
417	Cleaning	image,easy	c_cleaning__x31_.png	c_cleaning__x31_0.png	c_cleaning__x31_1.png	c_cleaning__x31_4.png	c_cleaning__x32_.png	c_cleaning__x33_.png	c_cleaning__x34_.png	c_cleaning__x35_.png	c_cleaning__x36_.png	c_cleaning__x37_.png	c_cleaning__x38_.png	c_cleaning__x39_.png																																																			
418	Clock	image,hard	c_clock_g6.png	c_clock_g13.png	c_clock_g34.png	c_clock_g40.png	c_clock_g54.png	c_clock_g63.png	c_clock_g71.png	c_clock_g89.png	c_clock_g115.png	c_clock_g143.png	c_clock_g151.png	c_clock_g162.png	c_clock_g185.png																																																		
419	Dentist	image,medium	c_dentist_g2018.png	c_dentist_g2019.png	c_dentist_g2020.png	c_dentist_g2021.png	c_dentist_g2022.png	c_dentist_g2023.png	c_dentist_g2024.png	c_dentist_g2025.png	c_dentist_g2026.png	c_dentist_g2027.png	c_dentist_g2028.png	c_dentist_g2029.png	c_dentist_g2030.png	c_dentist_g2031.png	c_dentist_g2032.png	c_dentist_g2033.png																																															
420	Electricity	image,easy	c_electricity_g9.png	c_electricity_g32.png	c_electricity_g108.png	c_electricity_g133.png	c_electricity_g134.png	c_electricity_g150.png	c_electricity_g165.png	c_electricity_g196.png	c_electricity_g259.png	c_electricity_g342.png	c_electricity_g419.png																																																				
421	Golf	image,medium	c_golf_g508.png	c_golf_g573.png	c_golf_g582.png	c_golf_g762.png	c_golf_g905.png	c_golf_g956.png	c_golf_g1071.png	c_golf_g1212.png	c_golf_g1295.png	c_golf_g1407.png	c_golf_g1496.png	c_golf_g1527.png	c_golf_g1642.png																																																		
422	Ice Creams	image,easy	c_ice_creams_g677.png	c_ice_creams_g678.png	c_ice_creams_g679.png	c_ice_creams_g680.png	c_ice_creams_g681.png	c_ice_creams_g682.png	c_ice_creams_g683.png	c_ice_creams_g684.png																																																							
423	Laboratory	image,medium	c_laboratory_g46.png	c_laboratory_g110.png	c_laboratory_g187.png	c_laboratory_g239.png	c_laboratory_g297.png	c_laboratory_g347.png	c_laboratory_g398.png	c_laboratory_g437.png	c_laboratory_g478.png																																																						
424	Mexican Food	image,easy	c_mexican_food_g323.png	c_mexican_food_g367.png	c_mexican_food_g1296.png	c_mexican_food_g1899.png	c_mexican_food_g3265.png	c_mexican_food_g3303.png	c_mexican_food_g3625.png	c_mexican_food_g3669.png	c_mexican_food_g3952.png	c_mexican_food_g4012.png	c_mexican_food_g4351.png	c_mexican_food_g4632.png	c_mexican_food_g4873.png																																																		
425	Museum	image,easy	c_museum_g6.png	c_museum_g26.png	c_museum_g88.png	c_museum_g124.png	c_museum_g138.png	c_museum_g147.png	c_museum_g200.png	c_museum_g244.png	c_museum_g267.png	c_museum_g295.png	c_museum_g307.png	c_museum_g322.png																																																			
426	Opera	image,medium	c_opera_g38.png	c_opera_g69.png	c_opera_g83.png	c_opera_g96.png	c_opera_g119.png	c_opera_g127.png	c_opera_g147.png	c_opera_g170.png	c_opera_g207.png	c_opera_g218.png	c_opera_g231.png	c_opera_g246.png	c_opera_g447.png																																																		
427	Picnic	image,easy	c_picnic_g763.png	c_picnic_g1162.png	c_picnic_g1371.png	c_picnic_g2025.png	c_picnic_g2684.png	c_picnic_g3262.png																																																									
428	Post	image,medium	c_post_g26.png	c_post_g44.png	c_post_g77.png	c_post_g106.png	c_post_g139.png	c_post_g169.png	c_post_g205.png	c_post_g231.png	c_post_g285.png	c_post_g300.png																																																					
429	Prehistory	image,easy	c_prehistory_g81.png	c_prehistory_g110.png	c_prehistory_g165.png	c_prehistory_g207.png	c_prehistory_g254.png	c_prehistory_g298.png	c_prehistory_g350.png	c_prehistory_g387.png	c_prehistory_g406.png	c_prehistory_g567.png																																																					
430	Roman Empire	image,easy	c_roman_empire_g117.png	c_roman_empire_g315.png	c_roman_empire_g410.png	c_roman_empire_g514.png	c_roman_empire_g611.png	c_roman_empire_g842.png	c_roman_empire_g913.png	c_roman_empire_g926.png	c_roman_empire_g963.png	c_roman_empire_g982.png	c_roman_empire_g990.png	c_roman_empire_g1142.png	c_roman_empire_g1188.png	c_roman_empire_g1216.png	c_roman_empire_g1363.png	c_roman_empire_g1454.png																																															
431	Sculpture	image,easy	c_sculpture_g32.png	c_sculpture_g68.png	c_sculpture_g91.png	c_sculpture_g115.png	c_sculpture_g136.png	c_sculpture_g160.png	c_sculpture_g225.png	c_sculpture_g257.png	c_sculpture_g290.png	c_sculpture_g321.png	c_sculpture_g362.png	c_sculpture_g382.png	c_sculpture_g396.png	c_sculpture_g419.png	c_sculpture_g446.png	c_sculpture_g473.png	c_sculpture_g493.png	c_sculpture_g504.png	c_sculpture_g512.png	c_sculpture_g572.png	c_sculpture_g617.png	c_sculpture_g660.png	c_sculpture_g722.png	c_sculpture_g781.png	c_sculpture_g798.png	c_sculpture_g836.png	c_sculpture_g879.png	c_sculpture_g902.png	c_sculpture_g914.png	c_sculpture_g963.png																																	
432	Soap	image,easy	c_soap_g2734.png	c_soap_g2735.png	c_soap_g2736.png	c_soap_g2737.png	c_soap_g2738.png	c_soap_g2739.png	c_soap_g2740.png	c_soap_g2741.png																																																							
433	Statue	image,easy	c_statue_g1.png	c_statue_g2.png	c_statue_g3.png	c_statue_g4.png	c_statue_g5.png	c_statue_g6.png	c_statue_g7.png	c_statue_g8.png																																																							
434	Surfing	image,medium	c_surfing_g42.png	c_surfing_g83.png	c_surfing_g127.png	c_surfing_g170.png	c_surfing_g217.png	c_surfing_g252.png	c_surfing_g297.png	c_surfing_g344.png	c_surfing_g386.png	c_surfing_g426.png	c_surfing_g470.png	c_surfing_g509.png	c_surfing_g549.png	c_surfing_g590.png	c_surfing_g633.png	c_surfing_g663.png	c_surfing_g701.png	c_surfing_g737.png	c_surfing_g774.png	c_surfing_g815.png	c_surfing_g853.png	c_surfing_g888.png	c_surfing_g918.png	c_surfing_g948.png																																							
435	Wedding	image,easy	c_wedding_g40.png	c_wedding_g63.png	c_wedding_g86.png	c_wedding_g117.png	c_wedding_g145.png	c_wedding_g180.png	c_wedding_g206.png	c_wedding_g289.png	c_wedding_g317.png																																																						
436	Insects	image,hard	c_insects_g29.png	c_insects_g54.png	c_insects_g91.png	c_insects_g121.png	c_insects_g228.png	c_insects_g265.png	c_insects_g302.png	c_insects_g342.png	c_insects_g377.png	c_insects_g408.png	c_insects_g448.png	c_insects_g516.png	c_insects_g568.png	c_insects_g596.png	c_insects_g641.png	c_insects_g709.png																																															
437	Sushi	image,easy	c_sushi_g26.png	c_sushi_g63.png	c_sushi_g80.png	c_sushi_g96.png	c_sushi_g125.png	c_sushi_g161.png	c_sushi_g229.png	c_sushi_g253.png	c_sushi_g280.png	c_sushi_g324.png	c_sushi_g349.png																																																				
438	Dolphins	image,easy	c_dolphins_g40.png	c_dolphins_g78.png	c_dolphins_g93.png	c_dolphins_g197.png	c_dolphins_g232.png	c_dolphins_g257.png	c_dolphins_g286.png	c_dolphins_g322.png	c_dolphins_g365.png	c_dolphins_g400.png	c_dolphins_g433.png	c_dolphins_g478.png																																																			
439	Burgers	image,medium	c_burgers_g354.png	c_burgers_g667.png	c_burgers_g907.png	c_burgers_g1145.png	c_burgers_g1465.png	c_burgers_g1689.png	c_burgers_g1975.png	c_burgers_g2194.png	c_burgers_g2367.png	c_burgers_g2697.png	c_burgers_g3096.png	c_burgers_g3470.png																																																			
440	School	image,medium	c_school_g149.png	c_school_g164.png	c_school_g181.png	c_school_g194.png	c_school_g208.png	c_school_g245.png	c_school_g261.png	c_school_g295.png	c_school_g322.png	c_school_g346.png	c_school_g374.png	c_school_g382.png	c_school_g406.png	c_school_g420.png	c_school_g430.png	c_school_g458.png	c_school_g464.png	c_school_g511.png	c_school_g480.png	c_school_g491.png	c_school_g500.png	c_school_g510.png																																									
441	Mountains	image,easy	c_mountain_g59.png	c_mountain_g88.png	c_mountain_g125.png	c_mountain_g156.png	c_mountain_g189.png	c_mountain_g219.png	c_mountain_g280.png	c_mountain_g312.png	c_mountain_g339.png																																																						
442	Vampires	image,easy	c_vampires_g59.png	c_vampires_g76.png	c_vampires_g106.png	c_vampires_g180.png	c_vampires_g206.png	c_vampires_g257.png	c_vampires_g290.png	c_vampires_g324.png	c_vampires_g342.png	c_vampires_g378.png	c_vampires_g405.png	c_vampires_g433.png	c_vampires_g479.png																																																		
443	Skateboard	image,easy	c_skateboard_g6.png	c_skateboard_g33.png	c_skateboard_g45.png	c_skateboard_g53.png	c_skateboard_g74.png	c_skateboard_g120.png	c_skateboard_g127.png	c_skateboard_g140.png	c_skateboard_g153.png	c_skateboard_g165.png	c_skateboard_g174.png	c_skateboard_g251.png	c_skateboard_g302.png																																																		
444	Street Art	image,easy	c_street_art_g3936.png	c_street_art_g6106.png	c_street_art_g11469.png	c_street_art_g14133.png	c_street_art_g15675.png	c_street_art_g17436.png	c_street_art_g19226.png	c_street_art_g23898.png	c_street_art_g26480.png	c_street_art_g29777.png																																																					
445	Carnival	image,medium	c_carnival_g70.png	c_carnival_g137.png	c_carnival_g205.png	c_carnival_g264.png	c_carnival_g350.png	c_carnival_g454.png	c_carnival_g527.png	c_carnival_g637.png	c_carnival_g730.png	c_carnival_g784.png																																																					
446	Brunch	image,hard	c_brunch_g435.png	c_brunch_g545.png	c_brunch_g830.png	c_brunch_g936.png	c_brunch_g958.png	c_brunch_g1009.png	c_brunch_g1204.png	c_brunch_g1282.png	c_brunch_g1431.png																																																						
																																																																	
																																																																	
																																																																	
																																																																	
																																																																	
																																																																	
																																																																	
																																																																	
																																																																	
																																																																	
																																																																	
																																																																	
																																																																	
																																																																	
																																																																	
																																																																	
																																																																	
																																																																	
																																																																	
																																																																	
																																																																	
																																																																	
																																																																	
																																																																	
																																																																	
																																																																	
																																																																	
																																																																	
																																																																	
																																																																	
																																																																	
																																																																	
																																																																	
																																																																	
																																																																	
																																																																	
																																																																	
																																																																	
																																																																	
																																																																	
																																																																	
																																																																	
																																																																	
																																																																	