Id	Category	Tags	Words																															
0	Kompass	easy	Nord	Ost	Süd	West	Nordwest	Nordost	Südwest	Südost	Peilung	Azimut	Nadel	Magnet	Zifferblatt	Punkt	Orientierung																	
1	Berufe	easy	Krankenschwester	Fahrer	Lehrer	Ingenieur	Klempner	Anwalt	Koch	Arzt	Künstler	Manager	Feuerwehrmann	Pilot	Buchhalter	Mechaniker	Elektriker																	
2	Farben	easy	Rot	Blau	Gelb	Grün	Orange	Lila	Schwarz	Weiß	Grau	Braun	Rosa	Gold	Silber	Cyan	Magenta																	
3	Musikinstrumente	easy	Gitarre	Klavier	Violine	Schlagzeug	Trompete	Cello	Flöte	Saxophon	Harfe	Klarinette	Oboe	Tuba	Banjo	Marimba	Akkordeon																	
4	Planeten	easy	Merkur	Venus	Erde	Mars	Jupiter	Saturn	Uranus	Neptun	Pluto (Zwerg)	Exoplanet	Umlaufbahn	Komet	Asteroid	Galaxie	Sonnensystem																	
5	Küchenutensilien	easy	Gabel	Löffel	Messer	Schneebesen	Spatel	Schöpfkelle	Nudelholz	Sieb	Schäler	Zange	Messbecher	Reibe	Pfanne	Topf	Mixer																	
6	Wetter	easy	Regen	Schnee	Wolke	Wind	Nebel	Sturm	Sonne	Donner	Blitz	Hagel	Brise	Nieselregen	Schneesturm	Orkan	Tornado																	
7	Formen	easy	Kreis	Quadrat	Dreieck	Rechteck	Oval	Stern	Raute	Sechseck	Fünfeck	Achteck	Kugel	Würfel	Pyramide	Kegel	Zylinder																	
8	Sportarten	easy	Fußball	Basketball	Tennis	Golf	Baseball	Laufen	Schwimmen	Volleyball	Hockey	Boxen	Radfahren	Skifahren	Rugby	Fechten	Cricket																	
9	Obst	easy	Apfel	Banane	Kirsche	Orange	Erdbeere	Mango	Ananas	Wassermelone	Zitrone	Blaubeere	Himbeere	Kiwi	Pfirsich	Traube	Birne																	
10	Gemüse	easy	Karotte	Kartoffel	Tomate	Salat	Brokkoli	Zwiebel	Paprika	Mais	Spinat	Kohl	Gurke	Zucchini	Pilz	Spargel	Radieschen																	
11	Körperteile	easy	Kopf	Arm	Bein	Hand	Fuß	Auge	Ohr	Nase	Mund	Hals	Schulter	Finger	Zehe	Brust	Magen																	
12	Gefühle	easy	Freude	Wut	Angst	Traurigkeit	Überraschung	Ekel	Aufregung	Ruhe	Liebe	Sorge	Scham	Schuld	Neid	Hoffnung	Stolz																	
13	Verkehrsmittel	easy	Auto	Bus	Zug	Flugzeug	Fahrrad	Boot	Schiff	Motorrad	Roller	U-Bahn	Taxi	Hubschrauber	Fähre	LKW	Rakete																	
14	Musikrichtungen	easy	Disco	Pop	Jazz	Klassik	Blues	Country	Hip Hop	Elektronik	Reggae	Folk	Metal	Soul	Rock	Gospel	Oper																	
15	Schulfächer	easy	Mathe	Wissenschaft	Geschichte	Englisch	Kunst	Geografie	Musik	Physik	Chemie	Biologie	Literatur	Wirtschaft	Psychologie	Fremdsprache	Theater																	
16	Garten	easy	Blume	Baum	Busch	Schaufel	Rechen	Erde	Gras	Schlauch	Gießkanne	Zaun	Bank	Vogelhaus	Samen	Kompost	Pflanzloch																	
17	Möbel	easy	Stuhl	Tisch	Sofa	Bett	Schreibtisch	Lampe	Regal	Schrank	Kommode	Hocker	Ottomane	Teppich	Spiegel	Uhr	Kleiderschrank																	
18	Desserts	easy	Kuchen	Pastete	Käsekuchen	Eiscreme	Pudding	Brownie	Donut	Muffin	Torte	Keks	Sorbet	Vanillecreme	Gelato	Waffel	Soufflé																	
19	Brettspiele	easy	Schach	Dame	Monopoly	Scrabble	Cluedo	Risiko	Go	Backgammon	Domino	Poker	Bingo	Würfel	Spielstein	Karte	Strategie																	
20	Vögel	easy	Rotkehlchen	Spatz	Adler	Falke	Taube	Eule	Pinguin	Papagei	Kanarienvogel	Krähe	Schwan	Ente	Gans	Geier	Albatros																	
21	Säugetiere	easy	Elefant	Löwe	Tiger	Affe	Bär	Wolf	Hirsch	Fuchs	Kaninchen	Maus	Wal	Fledermaus	Känguru	Pferd	Zebra																	
22	Technologie	easy	Computer	Telefon	Internet	Software	Hardware	Netzwerk	Chip	Pixel	Daten	Server	Cloud	Tablet	Router	Tastatur	Algorithmus																	
23	Schuhwerk	easy	Schuh	Stiefel	Sandale	Turnschuh	Absatz	Hausschuh	Slipper	Mokassin	Clog	Trainer	Flip-Flop	Gummistiefel	Pumps	Stollen	Oxford																	
24	Bürobedarf	easy	Stift	Papier	Hefter	Ordner	Marker	Drucker	Umschlag	Schere	Textmarker	Büroklammer	Mappe	Whiteboard	Post-it	Taschenrechner	Klebeband																	
25	Vergnügungspark	easy	Achterbahn	Riesenrad	Karussell	Ticket	Fahrgeschäft	Schlange	Zuckerwatte	Spiel	Jahrmarkt	Bude	Nervenkitzel	Eintritt	Park	Maskottchen	Souvenir																	
26	Länder	easy	Brasilien	England	Indien	Russland	Kanada	Mexiko	Ägypten	Nigeria	Japan	Korea	Australien	Deutschland	Frankreich	Finnland	Argentinien																	
27	Fast Food	easy	Burger	Pommes	Pizza	Taco	Sandwich	Hot Dog	Hühnchen	Shake	Soda	Donut	Wrap	Nuggets	Zwiebelringe	Drive-In	Ketchup																	
28	Namen	easy	Michael	Jessica	Chris	Emily	David	Sarah	James	Anna	Robert	Laura	John	Maria	William	Nicole	Thomas																	
29	Feiertage	easy	Weihnachten	Ostern	Halloween	Erntedankfest	Diwali	Chanukka	Neujahr	Valentinstag	Geburtstag	Jahrestag	Festival	Urlaub	Feier	Parade	Festmahl																	
30	Insekten	easy	Ameise	Biene	Fliege	Mücke	Käfer	Schmetterling	Motte	Grille	Heuschrecke	Wespe	Heuschrecke	Marienkäfer	Termite	Libelle	Raupe																	
31	Adjektive	easy	Glücklich	Traurig	Groß	Klein	Schnell	Langsam	Dick	Dünn	Rot	Blau	Laut	Leise	Hell	Dunkel	Glatt																	
32	Verben	easy	Rennen	Springen	Gehen	Essen	Schlafen	Sprechen	Denken	Schreiben	Lesen	Fahren	Singen	Tanzen	Fliegen	Schwimmen	Bauen																	
33	Materialien	easy	Holz	Metall	Plastik	Glas	Gummi	Papier	Keramik	Beton	Ziegel	Stoff	Schaumstoff	Harz	Ton	Stein	Wachs																	
34	Werkzeuge	easy	Hammer	Bohrer	Säge	Schraubenschlüssel	Zange	Wasserwaage	Schraubendreher	Meißel	Axt	Maßband	Schraubstock	Feile	Klemme	Tacker	Leiter																	
35	Kleidung	easy	Hemd	Hose	Kleid	Rock	Jacke	Pullover	Mantel	Socken	Schuhe	Hut	Schal	Handschuhe	Gürtel	Krawatte	Jeans																	
36	Kartenspiele	easy	Poker	Bridge	Rommé	Solitaire	Blackjack	Go Fish	Hearts	Cribbage	Euchre	Pinochle	Deck	Hand	Mischen	Geben	Trumpf																	
37	Wetterereignisse	easy	Regen	Schnee	Hagel	Gewitter	Schneesturm	Orkan	Tornado	Dürre	Nebel	Wind	Zyklon	Schneeregen	Regenbogen	Wolkenbruch	Monsun																	
38	Küchengeräte	easy	Ofen	Herd	Mikrowelle	Toaster	Mixer	Kühlschrank	Geschirrspüler	Kaffeemaschine	Rührgerät	Grill	Wasserkocher	Küchenmaschine	Fritteuse	Herdplatte	Dunstabzugshaube																	
39	Musikgenres	easy	Pop	Rock	Jazz	Blues	Klassik	Folk	Metal	Hip-Hop	Reggae	EDM	Soul	Country	Oper	Punk	Disco																	
40	Präpositionen	easy	An	Auf	In	Zu	Für	Mit	Unter	Über	Durch	Über	Zwischen	Unter	Hinter	Vor	Nach																	
41	Bauernhoftiere	easy	Kuh	Schwein	Huhn	Schaf	Pferd	Ziege	Ente	Truthahn	Gans	Esel	Lama	Alpaka	Kaninchen	Hahn	Kalb																	
42	Sportausrüstung	easy	Ball	Schläger	Racket	Keule	Netz	Stock	Helm	Handschuh	Schoner	Schlittschuhe	Brille	Reifen	Stollen	Tor	Federball																	
43	Gebäudeteile	easy	Wand	Boden	Decke	Dach	Tür	Fenster	Fundament	Balken	Säule	Treppe	Schornstein	Balkon	Dachboden	Keller	Rinne																	
44	US-Bundesstaaten	easy	Kalifornien	Texas	Florida	New York	Alaska	Hawaii	Illinois	Ohio	Pennsylvania	Michigan	Georgia	North Carolina	Washington	Virginia	Arizona																	
45	Gartenwerkzeuge	easy	Kelle	Rechen	Schaufel	Hacke	Gartenschere	Heckenschere	Schubkarre	Handschuhe	Gabel	Kantenschneider	Sprenkler	Handgrubber	Sämaschine	Pflanzholz	Astschere																	
46	Verkehrszeichen	easy	Stopp	Vorfahrt gewähren	Tempolimit	Warnung	Kurve	Umleitung	Schulzone	Bahnübergang	Reißverschluss	Einbahnstraße	Einfahrt verboten	Fußgänger	Baustelle	Krankenhaus	Parken																	
47	Getränke	easy	Wasser	Milch	Saft	Tee	Kaffee	Soda	Bier	Wein	Cocktail	Smoothie	Limonade	Kakao	Energy Drink	Apfelwein	Sprudelwasser																	
48	Schreibwaren	easy	Stift	Bleistift	Tastatur	Papier	Tinte	Feder	Schreibmaschine	Marker	Kreide	Radiergummi	Notizbuch	Tablet	Stylus	Kalligraphie	Pinsel																	
49	Körperaktionen	easy	Atmen	Schlucken	Blinzeln	Husten	Niesen	Gähnen	Stirnrunzeln	Lächeln	Zittern	Schwitzen	Verdauen	Gehen	Rennen	Hören	Sehen																	
50	Formen 2D	easy	Kreis	Quadrat	Dreieck	Rechteck	Oval	Sechseck	Fünfeck	Achteck	Raute	Trapez	Parallelogramm	Polygon	Drachen	Sektor	Ellipse																	
51	Automarken	easy	Toyota	Honda	Ford	Chevrolet	BMW	Mercedes	Audi	Volkswagen	Hyundai	Kia	Nissan	Jeep	Tesla	Ferrari	Porsche																	
52	Straßenfahrzeuge	easy	Auto	LKW	Bus	Motorrad	Transporter	Roller	Fahrrad	Lastwagen	SUV	Limousine	Coupé	Schrägheck	Cabrio	Minivan	Anhänger																	
53	Sportteams	easy	Lakers	Yankees	Cowboys	Celtics	Barcelona	Real Madrid	Packers	Patriots	Bulls	Heat	Dodgers	Giants	Chiefs	Raptors	Arsenal																	
54	Währungen	easy	Dollar	Euro	Yen	Pfund	Franken	Rupie	Peso	Yuan	Real	Rubel	Dinar	Schekel	Ringgit	Won	Schilling																	
55	Frisuren	easy	Zopf	Dutt	Pferdeschwanz	Bob	Pixie	Dauerwelle	Dreadlocks	Afro	Fade	Pony	Hochsteckfrisur	Buzzcut	Cornrows	Stufen	Strähnchen																	
56	Eissorten	easy	Vanille	Schokolade	Erdbeere	Minze	Karamell	Kaffee	Pistazie	Mango	Butter-Pecan	Keksteig	Sahne	Kirsche	Zitrone	Himbeere	Sorbet																	
57	Zootiere	easy	Löwe	Tiger	Affe	Elefant	Giraffe	Panda	Bär	Zebra	Pinguin	Nashorn	Nilpferd	Gorilla	Schlange	Flamingo	Strauß																	
58	Chemische Elemente	hard	Sauerstoff	Kohlenstoff	Gold	Silber	Eisen	Wasserstoff	Stickstoff	Neon	Helium	Kalzium	Kupfer	Natrium	Chlor	Schwefel	Aluminium																	
59	Edelmetalle	hard	Gold	Silber	Platin	Palladium	Rhodium	Iridium	Osmium	Ruthenium	Legierung	Erz	Barren	Karat	Block	Beschichtung	Probe																	
60	Militärränge	hard	General	Oberst	Major	Hauptmann	Leutnant	Sergeant	Korporal	Admiral	Kommandant	Kadett	Gefreiter	Chief	Offizier	Marschall	Fähnrich																	
61	Schreibstile	hard	Belletristik	Sachbuch	Essay	Poesie	Memoiren	Journalismus	Biografie	Technisch	Kreativ	Akademisch	Narrativ	Überzeugend	Deskriptiv	Erklärend	Prosa																	
62	Meere	hard	Mittelmeer	Karibik	Ostsee	Schwarzes Meer	Kaspisches Meer	Ägäis	Nordsee	Adria	Rotes Meer	Arabisches Meer	Tasmansee	Korallenmeer	Beringsee	Sargassosee	Ionisches Meer																	
63	Galaxie-Objekte	hard	Stern	Nebel	Schwarzes Loch	Quasar	Pulsar	Supernova	Dunkle Materie	Andromeda	Milchstraße	Cluster	Komet	Singularität	Kugelsternhaufen	Halo	Licht																	
64	Meeresräuber	hard	Hai	Orca	Barrakuda	Muräne	Riesenkalmar	Blaufisch	Piranha	Weißer Hai	Rotfeuerfisch	Seelöwe	Seeleopard	Killerwal	Oktopus	Anglerfisch	Krokodil																	
65	Körpersysteme	hard	Skelett	Muskulatur	Nerven	Kreislauf	Atmung	Verdauung	Endokrin	Immun	Harnwege	Lymphatisch	Organ	Zelle	Gewebe	Herz	Gehirn																	
66	Formen 3D	hard	Kugel	Würfel	Pyramide	Zylinder	Kegel	Prisma	Torus	Dodekaeder	Tetraeder	Ecke	Kante	Fläche	Volumen	Festkörper	Hexaeder																	
67	Chemische Bindungen	hard	Kovalent	Ionisch	Metallisch	Wasserstoff	Van-der-Waals	Atom	Elektron	Molekül	Verbindung	Kern	Valenz	Orbital	Polarität	Teilen	Transfer																	
68	Berühmte Maler	hard	Picasso	Van Gogh	Monet	Leonardo	Rembrandt	Michelangelo	Dali	Raphael	Warhol	Klimt	Renoir	Degas	Gauguin	Titian	Bosch																	
69	Fiktive Städte	hard	Gotham	Atlantis	Hogwarts	Metropolis	Narnia	Mittelerde	Oz	Wunderland	Springfield	Starfleet	Rivendell	Pandora	Camelot	Xanadu	Shangri-La																	
70	Sternbilder	hard	Orion	Großer Bär	Kassiopeia	Andromeda	Leier	Schwan	Löwe	Zwillinge	Stier	Skorpion	Großer Wagen	Kreuz des Südens	Pegasus	Drache	Zentaur																	
71	Literarische Genres	hard	Drama	Komödie	Tragödie	Satire	Epos	Romanze	Gothic	Western	Horror	Bildungsroman	Parodie	Fabel	Allegorie	Krimi	Thriller																	
72	Afrikanische Länder	hard	Nigeria	Ägypten	Südafrika	Kenia	Marokko	Ghana	Algerien	Äthiopien	Tansania	Sudan	Uganda	Libyen	Sambia	Simbabwe	Senegal																	
73	Ozeanschichten	hard	Sonnenlichtzone	Dämmerungszone	Mitternachtszone	Abyssal	Hadal	Oberfläche	Tiefsee	Graben	Zone	Photisch	Aphotisch	Thermokline	Benthisch	Pelagisch	Kontinentalschelf																	
74	Architekturstile	hard	Gotik	Barock	Romanik	Renaissance	Modern	Klassisch	Art Deco	Neoklassizismus	Zeitgenössisch	Viktorianisch	Brutalistisch	Abstrakt	Byzantinisch	Minimalistisch	Kolonial																	
75	Brückentypen	hard	Balken	Bogen	Fachwerk	Hänge	Schrägseil	Ausleger	Viadukt	Zugbrücke	Fußgängerbrücke	Ponton	Spannweite	Pfeiler	Widerlager	Deck	Träger																	
76	Antike Reiche	hard	Römisch	Griechisch	Ägyptisch	Persisch	Osmanisch	Aztekisch	Maya	Inka	Mongolisch	Chinesisch	Babylonisch	Karthagisch	Kusch	Reich	Zivilisation																	
77	Philosophen	hard	Platon	Aristoteles	Sokrates	Kant	Nietzsche	Descartes	Konfuzius	Locke	Hume	Aquinas	Marx	Foucault	Rousseau	Epikur	Buddha																	
78	Chemielabor	hard	Becherglas	Reagenzglas	Kolben	Pipette	Bunsenbrenner	Mikroskop	Schutzbrille	Zentrifuge	Waage	Filter	Lösung	Reagenz	Experiment	Titration	Trichter																	
79	Musikakkorde	hard	Dur	Moll	Septime	Vermindert	Übermäßig	Vorhalt	Grundton	Umkehrung	Dreiklang	Arpeggio	Progression	Akkord	Voicing	Intervall	Tetrachord																	
80	Glasarten	hard	Gehärtet	Laminiert	Borosilikat	Kristall	Faser	Buntglas	Sicherheitsglas	Platte	Float	Scheibe	Blatt	Linse	Prisma	Obsidian	Siliziumdioxid																	
81	Wetterwerkzeuge	hard	Thermometer	Barometer	Anemometer	Regenmesser	Hygrometer	Satellit	Radar	Wetterfahne	Radiosonde	Vorhersage	Isobare	Klima	Meteorologe	Sensor	Karte																	
82	Brückentypen 2	hard	Bogen	Fachwerk	Hänge	Balken	Schrägseil	Ausleger	Viadukt	Zugbrücke	Fußgängerbrücke	Ponton	Spannweite	Pfeiler	Widerlager	Deck	Träger																	
83	Berühmte Schlachten	hard	Hastings	Waterloo	Gettysburg	Marathon	Stalingrad	Midway	Thermopylen	Cannae	Bunker Hill	Agincourt	Normandie	Trafalgar	Sarajevo	Somme	Yorktown																	
84	Fiktive Haustiere	hard	Hedwig	Snoopy	Pikachu	Ohnezahn	Chewbacca	Garfield	Pluto	Lassie	Toto	Dobby	E.T.	Baloo	R2-D2	Fuchur	Gizmo																	
85	Stilmittel	hard	Metapher	Vergleich	Alliteration	Hyperbel	Personifikation	Ironie	Symbolik	Bildsprache	Onomatopoesie	Anspielung	Thema	Motiv	Vorahnung	Oxymoron	Wortspiel																	
86	Vulkanarten	hard	Schild	Schicht	Schlackenkegel	Lavadom	Caldera	Stratovulkan	Ruhend	Aktiv	Erloschen	Magma	Eruption	Krater	Asche	Tektonisch	Spalte																	
87	Kunsttechniken	hard	Skizzieren	Schattieren	Verblenden	Perspektive	Impressionismus	Abstrakt	Pointillismus	Collage	Zeichnen	Malen	Bildhauen	Radierung	Sgraffito	Lasieren	Schraffieren																	
88	Fotografiestile	hard	Porträt	Landschaft	Makro	Straße	Abstrakt	Dokumentar	Mode	Stillleben	Kunst	Candid	Wildnis	Zeitraffer	Architektur	Astrofotografie	Komposit																	
89	Brückentypen 3	hard	Balken	Bogen	Fachwerk	Hänge	Schrägseil	Ausleger	Viadukt	Zugbrücke	Fußgängerbrücke	Ponton	Spannweite	Pfeiler	Widerlager	Deck	Träger																	
90	Fiktive Tiere	medium	Drache	Einhorn	Greif	Phönix	Sphinx	Meerjungfrau	Werwolf	Vampir	Yeti	Hydra	Chimäre	Basilisk	Zentaur	Goblin	Troll																	
91	Bücher	medium	Roman	Biografie	Lehrbuch	Krimi	Thriller	Fantasy	Science-Fiction	Poesie	Nachschlagewerk	Kochbuch	Geschichte	Memoiren	Comic	Anthologie	Wörterbuch																	
92	Europäische Länder	medium	Frankreich	Deutschland	Italien	Spanien	UK	Griechenland	Polen	Schweden	Norwegen	Irland	Portugal	Schweiz	Belgien	Österreich	Niederlande																	
93	Meeresleben	medium	Wal	Delfin	Hai	Koralle	Fisch	Oktopus	Tintenfisch	Krabbe	Robbe	Schildkröte	Seestern	Qualle	Seetang	Mantarochen	Plankton																	
94	Bäume	medium	Eiche	Ahorn	Kiefer	Weide	Birke	Zeder	Ulme	Redwood	Fichte	Esche	Stechpalme	Palme	Feige	Zypresse	Magnolie																	
95	Architektur	medium	Gebäude	Terrasse	Turm	Kathedrale	Schloss	Wolkenkratzer	Pyramide	Kuppel	Bogen	Säule	Fassade	Fundament	Spitze	Brücke	Blaupause																	
96	Edelsteine	medium	Diamant	Rubin	Saphir	Smaragd	Amethyst	Topas	Perle	Opal	Granat	Aquamarin	Peridot	Turmalin	Zirkon	Jade	Quarz																	
97	Fotografie	medium	Kamera	Objektiv	Verschluss	Blende	Blitz	Stativ	Fokus	Belichtung	Film	Digital	Porträt	Landschaft	Filter	Zoom	Sensor																	
98	Kochverben	medium	Hacken	Schneiden	Würfeln	Kochen	Braten	Backen	Grillen	Rösten	Sautieren	Rühren	Schlagen	Mischen	Marinieren	Köcheln	Dämpfen																	
99	Astronomie	medium	Stern	Mond	Sonne	Planet	Galaxie	Nebel	Komet	Meteor	Teleskop	Sternbild	Schwarzes Loch	Lichtjahr	Umlaufbahn	Universum	Asteroid																	
100	Handwerkzeuge	medium	Hammer	Schraubendreher	Zange	Schraubenschlüssel	Säge	Bohrer	Maßband	Wasserwaage	Meißel	Klemme	Feile	Schraubstock	Axt	Schaufel	Leiter																	
101	Textilien	medium	Baumwolle	Seide	Wolle	Leinen	Polyester	Nylon	Rayon	Denim	Samt	Fleece	Satin	Leder	Leinwand	Jute	Mikrofaser																	
102	Hauptstädte	medium	London	Paris	Rom	Berlin	Tokio	Kairo	Peking	Moskau	Sydney	Ottawa	Wien	Madrid	Dublin	Seoul	Buenos Aires																	
103	Religionen	medium	Christentum	Islam	Judentum	Hinduismus	Buddhismus	Sikhismus	Shinto	Taoismus	Glaube	Gottesdienst	Gebet	Tempel	Kirche	Schrift	Gottheit																	
104	Maßeinheiten	medium	Meter	Liter	Gramm	Sekunde	Watt	Volt	Ampere	Ohm	Joule	Fuß	Pfund	Unze	Grad	Meile	Gallone																	
105	Reptilien	medium	Schlange	Echse	Schildkröte	Krokodil	Alligator	Chamäleon	Gecko	Landschildkröte	Viper	Kobra	Leguan	Komodowaran	Python	Skink	Tuatara																	
106	Zeitperioden	medium	Jahrhundert	Jahrzehnt	Ära	Epoche	Jahrtausend	Zeitalter	Jahr	Monat	Woche	Tag	Stunde	Minute	Sekunde	Antike	Moderne																	
107	Naturkatastrophen	medium	Erdbeben	Vulkan	Tsunami	Hurrikan	Flut	Tornado	Waldbrand	Dürre	Erdrutsch	Lawine	Zyklon	Schneesturm	Hungersnot	Epidemie	Hitzewelle																	
108	Flüsse	medium	Nil	Amazonas	Mississippi	Donau	Jangtse	Ganges	Rhein	Wolga	Themse	Seine	Colorado	Murray	Kongo	Missouri	Euphrat																	
109	Wüste	medium	Sahara	Gobi	Atacama	Namib	Arabische Wüste	Kalahari	Mojave	Sand	Düne	Kaktus	Oase	Hitze	Trocken	Kamel	Erosion																	
110	Sonnensystem	medium	Sonne	Asteroid	Komet	Meteoroid	Kuipergürtel	Oortsche Wolke	Zwergplanet	Terrestrisch	Gasriese	Satellit	Ring	Umlaufbahn	Neigung	Achse	Schwerkraft																	
111	Weltraumausrüstung	medium	Astronaut	Raumanzug	Helm	Sauerstoff	Rakete	Shuttle	Satellit	Rover	Modul	Andocken	Kontrolle	Teleskop	G-Kraft	Triebwerk	Startrampe																	
112	Weltküche	medium	Pasta	Sushi	Taco	Curry	Pizza	Pho	Hummus	Paella	Burrito	Gulasch	Knödel	Eintopf	Kebab	Ramen	Steak																	
113	Berge	medium	Everest	K2	Kilimandscharo	Denali	Alpen	Anden	Rocky Mountains	Fuji	Gipfel	Spitze	Gebirge	Gletscher	Höhe	Trekking	Aufstieg																	
114	Adverbien	medium	Schnell	Langsam	Laut	Leise	Glücklich	Traurig	Immer	Niemals	Oft	Manchmal	Hier	Dort	Oben	Unten	Vorsichtig																	
115	Märchen	medium	Aschenputtel	Schneewittchen	Rumpelstilzchen	Lebkuchenmann	Goldlöckchen	Rotkäppchen	Dornröschen	Prinz	Prinzessin	Hexe	Schloss	Magie	Wald	Bösewicht	Held																	
116	Die Sinne	medium	Sicht	Klang	Geruch	Geschmack	Berührung	Gehör	Vision	Riechen	Schmecken	Fühlen	Wahrnehmung	Sensorisch	Nerv	Gehirn	Reize																	
117	Dinosaurier	medium	T-Rex	Triceratops	Velociraptor	Brontosaurus	Stegosaurus	Fossil	Ausgestorben	Jura	Kreidezeit	Pflanzenfresser	Fleischfresser	Reptil	Paläontologie	Ei	Klaue																	
118	Mythologie	medium	Zeus	Hera	Poseidon	Hades	Athena	Apollo	Ares	Loki	Thor	Odin	Drache	Gott	Held	Legende	Prophezeiung																	
119	Gewürze	medium	Salz	Pfeffer	Zimt	Nelke	Muskatnuss	Basilikum	Oregano	Thymian	Rosmarin	Ingwer	Knoblauch	Kurkuma	Kreuzkümmel	Safran	Paprika																	
120	Tanz	medium	Ballett	Jazz	Stepptanz	Hip-Hop	Walzer	Salsa	Tango	Modern	Standardtanz	Choreografie	Bühne	Routine	Schritt	Rhythmus	Pirouette																	
121	Kunstmedien	medium	Öl	Acryl	Aquarell	Pastell	Kohle	Bleistift	Tinte	Skulptur	Ton	Leinwand	Pinsel	Palette	Fresko	Mosaik	Tempera																	
122	Geld	medium	Münze	Banknote	Währung	Dollar	Euro	Yen	Pfund	Kredit	Lastschrift	Reichtum	Budget	Investition	Finanzen	Transaktion	Schulden																	
123	Weltwunder	medium	Pyramide	Kolosseum	Machu Picchu	Chinesische Mauer	Petra	Taj Mahal	Zeus-Statue	Leuchtturm	Tempel	Christusstatue	Zitadelle	Ruinen	Monument	Stätte	Wahrzeichen																	
124	Kochmethoden	medium	Braten	Backen	Kochen	Grillen	Rösten	Dämpfen	Sautieren	Grillen	Schmoren	Köcheln	Pochieren	Mikrowelle	Blanchieren	Schongaren	Räuchern																	
125	Boote	medium	Yacht	Segelboot	Kanu	Kajak	Ruderboot	Kreuzfahrtschiff	Frachter	Schlepper	U-Boot	Beiboot	Schnellboot	Katamaran	Lastkahn	Gondel	Schiff																	
126	Kaffeegetränke	medium	Espresso	Latte	Cappuccino	Americano	Mocha	Macchiato	Cold Brew	Filterkaffee	Flat White	Frappe	Ristretto	Affogato	Cortado	Doppio	Filter																	
127	Interpunktion	medium	Punkt	Komma	Fragezeichen	Ausrufezeichen	Semikolon	Doppelpunkt	Anführungszeichen	Apostroph	Bindestrich	Gedankenstrich	Klammern	Eckige Klammern	Auslassungspunkte	Schrägstrich	Sternchen																	
128	Bürorollen	medium	Manager	Assistent	Analyst	Direktor	Führungskraft	Praktikant	Berater	Sachbearbeiter	Empfangschef	Buchhalter	Administrator	Sekretär	Koordinator	VP	CEO																	
129	Hüte	medium	Fedora	Mütze	Baseballkappe	Sonnenhut	Trilby	Barett	Cowboyhut	Sombrero	Zylinder	Haube	Visier	Fascinator	Homburg	Tam	Fes																	
130	Superkräfte	medium	Fliegen	Unsichtbarkeit	Stärke	Telepathie	Geschwindigkeit	Heilung	Telekinese	Elastizität	Zeitreise	Kraftfeld	Gestaltwandeln	Energiestrahl	Illusion	Phasenverschiebung	Röntgenblick																	
131	Psychologie	medium	Geist	Gehirn	Therapie	Emotion	Verhalten	Kognition	Stress	Trauma	Wahrnehmung	Unterbewusstsein	Gedächtnis	Persönlichkeit	Angst	Depression	Phobie																	
132	Computerteile	medium	CPU	Monitor	Tastatur	Maus	Mainboard	RAM	Festplatte	Grafikkarte	Netzteil	Lüfter	Lautsprecher	Webcam	USB	Router	Kabel																	
133	Fiktive Waffen	medium	Lichtschwert	Zauberstab	Phaser	Excalibur	Mjolnir	Batarang	Laser	Schwerter	Pfeile	Stab	Axt	Dolch	Bogen	Blaster	Schild																	
134	Medizinische Werkzeuge	medium	Stethoskop	Spritze	Skalpell	Zange	Thermometer	Verband	Röntgen	MRT	Nähte	Stauschlauch	Maske	Handschuhe	Defibrillator	Krücken	Rollstuhl																	
135	Musiknotation	medium	Note	Pause	Notensystem	Notenschlüssel	Kreuz	Be	Auflösungszeichen	Takt	Rhythmus	Tempo	Melodie	Harmonie	Akkord	Taktart	Vorzeichen																	
136	Fiktive Rassen	medium	Elf	Zwerg	Ork	Hobbit	Mensch	Vulkanier	Klingone	Wookiee	Alien	Goblin	Gnom	Troll	Fee	Zentaur	Roboter																	
137	Geometrie	medium	Punkt	Linie	Ebene	Winkel	Segment	Strahl	Eckpunkt	Umfang	Fläche	Volumen	Radius	Durchmesser	Kreisumfang	Parallel	Senkrecht																	
138	Fotografiebegriffe	medium	Blende	Verschlusszeit	ISO	Belichtung	Fokus	Schärfentiefe	Komposition	Stativ	Objektiv	Filter	Blitz	Zoom	Weißabgleich	Sensor	Megapixel																	
139	Fluggesellschaften	medium	Delta	United	American	Lufthansa	Emirates	Qatar	British Airways	Air France	Qantas	Singapore	Turkish	Ryanair	Southwest	JetBlue	Alaska																	
140	Fiktive Gegenstände	medium	Ring	Stein	Lampe	Umhang	Schwert	Kugel	Gral	Spiegel	Helm	Buch	Schlüssel	Trank	Amulett	Truhe	Karte																	
141	Computersoftware	medium	Windows	macOS	Linux	Browser	Textverarbeitung	Tabellenkalkulation	Photoshop	Antivirus	Betriebssystem	Anwendung	Treiber	Dienstprogramm	Datenbank	Firewall	Codec																	
142	Teesorten	medium	Grün	Schwarz	Oolong	Weiß	Kräuter	Earl Grey	Chai	Darjeeling	Jasmin	Pfefferminze	Kamille	Rooibos	Matcha	English Breakfast	Aufguss																	
143	Garnierung	medium	Petersilie	Koriander	Minze	Schnittlauch	Basilikum	Zitrone	Limette	Olive	Kirsche	Schlagsahne	Zucker	Streusel	Topping	Crouton	Essbare Blume																	
144	Menschliche Organe	medium	Herz	Lunge	Gehirn	Leber	Nieren	Magen	Darm	Haut	Milz	Pankreas	Gallenblase	Blase	Speiseröhre	Luftröhre	Schilddrüse																	
145	Mittelalter	medium	Burg	Ritter	König	Königin	Feudalismus	Bauer	Pest	Kreuzzug	Kathedrale	Kloster	Turnier	Rüstung	Lehen	Lord	Belagerung																	
146	Holzarten	medium	Eiche	Ahorn	Kiefer	Kirsche	Walnuss	Birke	Mahagoni	Teak	Esche	Zeder	Tanne	Fichte	Balsa	Pappel	Ebenholz																	
147	Musikbegriffe	medium	Tempo	Rhythmus	Melodie	Harmonie	Tonhöhe	Oktave	Akkord	Tonleiter	Crescendo	Diminuendo	Forte	Piano	Staccato	Legato	Ton																	
148	Gymnastik	medium	Salto	Drehung	Sprung	Radschlag	Handstand	Spagat	Bodenturnen	Schwebebalken	Stufenbarren	Ringe	Pauschenpferd	Purzelbaum	Abgang	Plié	Hecht																	
149	Gesteinsarten	medium	Magmatisch	Sedimentär	Metamorph	Granit	Basalt	Kalkstein	Marmor	Quarzit	Sandstein	Schiefer	Obsidian	Bimsstein	Tonschiefer	Gneis	Konglomerat																	
187	Kino	easy	Leinwand	Popcorn	Film	Regisseur	Schauspieler	Ticket	Sitz	Premiere	Hollywood	Szene	Kamera	Drehbuch	Stunt	Oscar	Studio																	
188	Hunderassen	easy	Dackel	Schäferhund	Bulldogge	Pudel	Beagle	Boxer	Husky	Mops	Collie	Terrier	Dalmatiner	Retriever	Spitz	Windhund	Bernhardiner																	
189	Zirkus	easy	Clown	Zelt	Akrobat	Elefant	Löwe	Dompteur	Seil	Magier	Show	Publikum	Trapez	Jongleur	Einrad	Musik	Applaus																	
190	Strand	easy	Sand	Meer	Welle	Handtuch	Sonnencreme	Muschel	Schaufel	Eimer	Palme	Bikini	Badehose	Sonnenschirm	Surfen	Schwimmen	Sonnenbrille																	
191	Piraten	easy	Schiff	Schatz	Karte	Flagge	Papagei	Säbel	Augenklappe	Kapitän	Insel	Gold	Kanone	Segel	Anker	Kompass	Mannschaft																	
192	Camping	easy	Zelt	Lagerfeuer	Schlafsack	Rucksack	Wald	See	Taschenlampe	Kompass	Wandern	Natur	Grillen	Matte	Hering	Wohnwagen	Messer																	
193	Schmuck	easy	Ring	Kette	Armband	Ohrring	Diamant	Gold	Silber	Perle	Uhr	Anhänger	Juwel	Platin	Saphir	Rubin	Smaragd																	
194	Bäckerei	easy	Brot	Brötchen	Brezel	Croissant	Kuchen	Mehl	Ofen	Bäcker	Teig	Torte	Hefe	Zucker	Glasur	Keks	Muffin																	
195	Krankenhaus	easy	Arzt	Schwester	Bett	Spritze	Operation	Medizin	Pflaster	Röntgen	Notfall	Ambulanz	Labor	Rezept	Patient	Chirurg	Klinik																	
196	Flughafen	easy	Flugzeug	Pilot	Koffer	Ticket	Pass	Gate	Start	Landung	Zoll	Sicherheit	Terminal	Gepäck	Bordkarte	Tower	Airline																	
197	Jahreszeiten	easy	Frühling	Sommer	Herbst	Winter	Regenzeit	Trockenzeit																										
198	Badezimmer	easy	Dusche	Wanne	Toilette	Becken	Handtuch	Seife	Spiegel	Bürste																								
199	Schlafzimmer	easy	Bett	Kissen	Decke	Schrank	Lampe	Matratze	Wecker	Kommode																								
200	Spielplatz	easy	Schaukel	Rutsche	Wippe	Sand	Klettergerüst	Bank	Eimer																									
201	Geburtstag	easy	Torte	Kerze	Geschenk	Party	Ballon	Karte	Gast	Lied																								
202	Hochzeit	medium	Braut	Bräutigam	Ring	Kleid	Altar	Schleier	Ja	Feier																								
203	Bauernhof Objekte	easy	Scheune	Traktor	Feld	Heu	Silo	Weide	Zaun	Bauer																								
204	Wald	easy	Baum	Moos	Pilz	Pfad	Hirsch	Reh	Wildschwein	Fuchs																								
205	Polartiere	medium	Eisbär	Pinguin	Robbe	Walross	Polarfuchs	Beluga																										
206	Make-up	medium	Lippenstift	Mascara	Puder	Rouge	Lack	Pinsel	Spiegel																									
207	Bank	hard	Geld	Konto	Tresor	Kredit	Zinsen	Schalter	Karte	Automat																								
208	Restaurant	easy	Kellner	Menü	Koch	Tisch	Rechnung	Trinkgeld	Bestellung																									
209	Supermarkt	easy	Kasse	Wagen	Regal	Gang	Verkäufer	Tüte	Barcode	Preis																								
210	Hotel	easy	Rezeption	Zimmer	Schlüssel	Aufzug	Lobby	Gast	Koffer	Bett																								
211	Bibliothek	medium	Buch	Regal	Ausweis	Ruhe	Lesen	Katalog	Ausleihe																									
212	Museum	medium	Kunst	Bild	Statue	Eintritt	Führung	Vitrine	Exponat																									
213	Polizei	easy	Auto	Uniform	Marke	Handschellen	Wache	Sirene	Blaulicht																									
214	Feuerwehr	easy	Feuer	Schlauch	Leiter	Helm	LKW	Wasser	Alarm	Brand																								
215	Krimi	medium	Detektiv	Spur	Lupe	Rätsel	Tatort	Beweis	Zeuge	Opfer																								
216	Zauberei	medium	Stab	Hut	Hase	Karten	Trick	Magier	Hexe	Kessel																								
217	Weltraum	medium	Rakete	Stern	Mond	Mars	Astronaut	Anzug	Start	Orbit																								
218	Roboter	medium	Android	Maschine	Metall	Kabel	Batterie	Sensor	Motor	KI																								
219	Internet	medium	Link	Seite	WLAN	Online	Chat	Email	Server	Browser																								
220	Videospiele	medium	Konsole	Controller	Level	Boss	Leben	Score	Joystick																									
221	Programmieren	hard	Code	Java	Python	Daten	Fehler	Variable	Schleife	Skript																								
222	Hobbys	easy	Lesen	Malen	Basteln	Sport	Musik	Tanzen	Reisen	Kochen																								
223	Familie	easy	Mutter	Vater	Kind	Bruder	Schwester	Oma	Opa	Tante																								
224	Frühstück	easy	Ei	Toast	Müsli	Kaffee	Saft	Milch	Speck	Brot																								
225	Mittagessen	easy	Suppe	Salat	Brot	Sandwich	Nudeln	Pommes	Wasser																									
226	Abendessen	easy	Fleisch	Fisch	Reis	Kartoffel	Gemüse	Wein	Auflauf																									
227	Getreide	hard	Weizen	Hafer	Mais	Reis	Roggen	Gerste	Hirse	Dinkel																								
228	Nüsse	medium	Walnuss	Erdnuss	Mandel	Cashew	Haselnuss	Pistazie	Pekan																									
229	Beeren	medium	Erdbeere	Himbeere	Blaubeere	Brombeere	Johannisbeere																											
230	Zitrusfrüchte	medium	Zitrone	Orange	Limette	Grapefruit	Mandarine	Pomelo																										
231	Pasta	medium	Spaghetti	Penne	Fusilli	Ravioli	Lasagne	Makkaroni																										
232	Saucen	medium	Ketchup	Mayo	Senf	Pesto	Salsa	Chili	Soja	BBQ																								
233	Pizza Belag	medium	Käse	Salami	Schinken	Pilze	Zwiebel	Paprika	Thunfisch																									
234	Salat Zutaten	medium	Salat	Tomate	Gurke	Mais	Ei	Öl	Essig	Dressing																								
235	Sushi	hard	Reis	Alge	Fisch	Lachs	Thunfisch	Wasabi	Ingwer	Rolle																								
236	Kaffeehaus	medium	Espresso	Cappuccino	Latte	Zucker	Milch	Becher	Barista																									
237	Teezeit	easy	Kanne	Tasse	Beutel	Wasser	Zucker	Honig	Zitrone	Löffel																								
238	Alkohol	hard	Bier	Wein	Sekt	Wodka	Rum	Gin	Whisky	Likör																								
239	Softdrinks	easy	Cola	Limo	Wasser	Saft	Eistee	Energy	Sprudel																									
240	Süßigkeiten	easy	Schoko	Gummi	Lolly	Riegel	Bonbon	Keks	Lakritz																									
241	Hygiene	medium	Seife	Gel	Deo	Creme	Rasierer	Zahnpasta	Shampoo																									
242	Wäsche	medium	Maschine	Pulver	Korb	Leine	Klammer	Bügeleisen	Brett																									
243	Reinigung	easy	Besen	Mob	Eimer	Tuch	Schwamm	Reiniger	Sauger																									
244	Müll	medium	Tonne	Sack	Papier	Glas	Plastik	Bio	Rest	Recycling																								
245	Wohnzimmer	easy	Sofa	Fernseher	Tisch	Teppich	Sessel	Kamin	Bild	Lampe																								
246	Piratenschiff	medium	Segel	Mast	Anker	Kanone	Deck	Flagge	Steuer	Kiel																								
247	Weihnachten	easy, image	c_christmas_g71.png	c_christmas_g82.png	c_christmas_g98.png	c_christmas_g111.png	c_christmas_g129.png	c_christmas_g154.png	c_christmas_g167.png	c_christmas_g247.png	c_christmas_g264.png	c_christmas_g286.png																						
248	Weltraum	easy, image	c_space_g646.png	c_space_g647.png	c_space_g648.png	c_space_g649.png	c_space_g650.png	c_space_g651.png	c_space_g652.png	c_space_g653.png	c_space_g654.png	c_space_g655.png	c_space_g656.png	c_space_g657.png	c_space_g658.png	c_space_g659.png	c_space_g660.png	c_space_g661.png																
249	Getränke	easy, image	c_drinks_g26.png	c_drinks_g35.png	c_drinks_g41.png	c_drinks_g45.png	c_drinks_g58.png	c_drinks_g69.png	c_drinks_g75.png	c_drinks_g92.png	c_drinks_g109.png	c_drinks_g121.png																						
250	Tiere	easy, image	c_animals_g216.png	c_animals_g217.png	c_animals_g218.png	c_animals_g219.png	c_animals_g220.png	c_animals_g221.png	c_animals_g222.png	c_animals_g223.png	c_animals_g224.png	c_animals_g225.png																						
251	Nudeln	medium, image	c_pastas_g425.png	c_pastas_g426.png	c_pastas_g427.png	c_pastas_g428.png	c_pastas_g429.png	c_pastas_g430.png	c_pastas_g431.png	c_pastas_g432.png	c_pastas_g433.png	c_pastas_g434.png	c_pastas_g435.png	c_pastas_g436.png	c_pastas_g437.png	c_pastas_g438.png	c_pastas_g439.png	c_pastas_g440.png																
252	Früchte	medium, image	c_fruits_g801.png	c_fruits_g802.png	c_fruits_g803.png	c_fruits_g804.png	c_fruits_g805.png	c_fruits_g806.png	c_fruits_g807.png	c_fruits_g808.png	c_fruits_g809.png	c_fruits_g810.png	c_fruits_g811.png	c_fruits_g812.png	c_fruits_g813.png	c_fruits_g814.png	c_fruits_g815.png	c_fruits_g816.png		c_fruits_g818.png	c_fruits_g819.png	c_fruits_g820.png	c_fruits_g821.png	c_fruits_g822.png	c_fruits_g823.png	c_fruits_g824.png	c_fruits_g825.png	c_fruits_g826.png	c_fruits_g827.png	c_fruits_g828.png	c_fruits_g830.png	c_fruits_g831.png		
253	Japan	medium, image	c_japan_g2079.png	c_japan_g2080.png	c_japan_g2081.png	c_japan_g2083.png	c_japan_g2084.png	c_japan_g2085.png	c_japan_g2086.png	c_japan_g2087.png	c_japan_g2088.png	c_japan_g2089.png	c_japan_g2090.png	c_japan_g2091.png	c_japan_g2092.png	c_japan_g2093.png	c_japan_g2094.png	c_japan_g2095.png																
254	Frankreich	easy, image	c_france_g10.png	c_france_g63.png	c_france_g69.png	c_france_g95.png	c_france_g153.png	c_france_g176.png	c_france_g183.png	c_france_g360.png	c_france_g625.png	c_france_g628.png	c_france_g705.png	c_france_g812.png	c_france_g854.png	c_france_g879.png																		
255	Brillen	easy, image	c_glasses_g11.png	c_glasses_g22.png	c_glasses_g29.png	c_glasses_g38.png	c_glasses_g48.png	c_glasses_g57.png	c_glasses_g66.png	c_glasses_g81.png																								
256	Verbote	medium, image	c_prohibitions_g33.png	c_prohibitions_g34.png	c_prohibitions_g35.png	c_prohibitions_g36.png	c_prohibitions_g37.png	c_prohibitions_g38.png	c_prohibitions_g39.png	c_prohibitions_g40.png	c_prohibitions_g41.png																							
257	Wasser	medium, image	c_water_g3.png	c_water_g18.png	c_water_g39.png	c_water_g67.png	c_water_g88.png	c_water_g143.png	c_water_g151.png	c_water_g185.png	c_water_g199.png	c_water_g214.png	c_water_g241.png	c_water_g256.png	c_water_g282.png	c_water_g286.png																		
258	Spiele	easy, image	c_games_g106.png	c_games_g178.png	c_games_g234.png	c_games_g257.png	c_games_g274.png	c_games_g297.png	c_games_g314.png	c_games_g354.png	c_games_g357.png	c_games_g385.png	c_games_g437.png	c_games_g519.png	c_games_g534.png	c_games_g575.png	c_games_g624.png	c_games_g736.png	c_games_g751.png	c_games_g829.png														
259	Stühle	easy, image	c_chairs_g23.png	c_chairs_g49.png	c_chairs_g105.png	c_chairs_g134.png	c_chairs_g173.png	c_chairs_g211.png	c_chairs_g232.png	c_chairs_g254.png																								
260	Fische	easy, image	c_fishs_g1022.png	c_fishs_g1023.png	c_fishs_g1024.png	c_fishs_g1025.png	c_fishs_g1026.png	c_fishs_g1027.png	c_fishs_g1028.png	c_fishs_g1029.png	c_fishs_g1030.png	c_fishs_g1031.png	c_fishs_g1032.png	c_fishs_g1033.png	c_fishs_g1034.png	c_fishs_g1035.png	c_fishs_g1036.png	c_fishs_g1037.png	c_fishs_g1038.png	c_fishs_g1039.png	c_fishs_g1040.png	c_fishs_g1041.png												
261	Planeten	medium, image	c_planets_g142.png	c_planets_g126.png	c_planets_g123.png	c_planets_g95.png	c_planets_g78.png	c_planets_g61.png	c_planets_g46.png	c_planets_g26.png	c_planets_g12.png																							
262	Blätter	image, easy	c_leaves_g202.png	c_leaves_g189.png	c_leaves_g178.png	c_leaves_g166.png	c_leaves_g135.png	c_leaves_g122.png	c_leaves_g83.png	c_leaves_g71.png	c_leaves_g58.png	c_leaves_g50.png	c_leaves_g32.png	c_leaves_g12.png																				
263	Sport	image, medium	c_sports_g11.png	c_sports_g10.png	c_sports_g9.png	c_sports_g8.png	c_sports_g7.png	c_sports_g6.png	c_sports_g5.png	c_sports_g4.png	c_sports_g3.png																							
264	Pool	image, medium	c_pools__x39_.png	c_pools__x37_.png	c_pools__x35_.png	c_pools__x34_.png	c_pools__x33_.png	c_pools__x32_.png	c_pools__x31_6.png	c_pools__x31_5.png	c_pools__x31_4.png	c_pools__x31_2.png	c_pools__x31_.png																					
265	Mythos	image, medium	c_myth_g2147.png	c_myth_g1830.png	c_myth_g1590.png	c_myth_g1504.png	c_myth_g1380.png	c_myth_g1272.png	c_myth_g1141.png	c_myth_g995.png	c_myth_g939.png	c_myth_g848.png	c_myth_g689.png	c_myth_g489.png	c_myth_g381.png	c_myth_g234.png	c_myth_g111.png	c_myth_g57.png																
266	Musik	image, medium	c_music_g712.png		c_music_g685.png	c_music_g646.png	c_music_g626.png	c_music_g474.png	c_music_g395.png	c_music_g363.png		c_music_g283.png	c_music_g269.png	c_music_g70.png	c_music_g35.png	c_music_g229.png	c_music_g176.png	c_music_g134.png																
267	Denkmäler	image, medium	c_monuments_g16.png	c_monuments_g15.png	c_monuments_g14.png	c_monuments_g13.png	c_monuments_g12.png	c_monuments_g11.png	c_monuments_g10.png	c_monuments_g9.png	c_monuments_g8.png	c_monuments_g7.png	c_monuments_g6.png	c_monuments_g5.png	c_monuments_g4.png	c_monuments_g3.png	c_monuments_g2.png	c_monuments_g1.png																
268	London	image, easy	c_london_g910.png	c_london_g895.png	c_london_g883.png	c_london_g862.png	c_london_g838.png	c_london_g666.png	c_london_g478.png	c_london_g473.png	c_london_g462.png	c_london_g331.png	c_london_g324.png	c_london_g305.png	c_london_g247.png	c_london_g214.png	c_london_g190.png	c_london_g68.png																
269	Hüte	image, easy	c_hats_g76.png	c_hats_g68.png	c_hats_g62.png	c_hats_g50.png	c_hats_g42.png	c_hats_g23.png	c_hats_g17.png	c_hats_g10.png	c_hats_g5.png																							
270	Hunde	image, easy	c_dogs_g522.png	c_dogs_g484.png	c_dogs_g457.png	c_dogs_g438.png	c_dogs_g413.png	c_dogs_g383.png	c_dogs_g362.png	c_dogs_g326.png	c_dogs_g261.png	c_dogs_g231.png	c_dogs_g200.png	c_dogs_g163.png	c_dogs_g130.png	c_dogs_g99.png	c_dogs_g67.png	c_dogs_g36.png																
271	Kino	image, medium	c_cinema_g294.png	c_cinema_g276.png	c_cinema_g224.png	c_cinema_g203.png	c_cinema_g164.png	c_cinema_g138.png	c_cinema_g67.png	c_cinema_g16.png																								
272	Katzen	image, easy	c_cats_g764.png	c_cats_g729.png	c_cats_g689.png	c_cats_g643.png	c_cats_g605.png	c_cats_g477.png	c_cats_g439.png	c_cats_g296.png	c_cats_g275.png	c_cats_g245.png	c_cats_g188.png	c_cats_g165.png	c_cats_g123.png	c_cats_g103.png	c_cats_g87.png	c_cats_g27.png																
273	Baby	image, medium	c_baby_g169.png	c_baby_g136.png	c_baby_g122.png	c_baby_g109.png	c_baby_g74.png	c_baby_g61.png	c_baby_g48.png	c_baby_g35.png	c_baby_g15.png	c_baby_g9.png																						
274	Australien	image, easy	c_australia_g378.png	c_australia_g370.png	c_australia_g332.png	c_australia_g270.png	c_australia_g247.png	c_australia_g216.png	c_australia_g120.png	c_australia_g86.png	c_australia_g46.png	c_australia_g27.png	c_australia_g11.png																					
275	Superhelden	image, hard	c_superheroes_g925.png	c_superheroes_g861.png	c_superheroes_g791.png	c_superheroes_g703.png	c_superheroes_g631.png	c_superheroes_g570.png	c_superheroes_g463.png	c_superheroes_g389.png	c_superheroes_g308.png	c_superheroes_g234.png	c_superheroes_g160.png	c_superheroes_g72.png																				
276	Safari	image, hard	c_safari_g1442.png	c_safari_g1337.png	c_safari_g1155.png	c_safari_g1030.png	c_safari_g967.png	c_safari_g860.png	c_safari_g822.png	c_safari_g768.png	c_safari_g696.png	c_safari_g614.png	c_safari_g544.png	c_safari_g494.png	c_safari_g353.png	c_safari_g271.png	c_safari_g190.png	c_safari_g90.png																
277	Safari	image, hard	c_safari_g1442.png	c_safari_g1337.png	c_safari_g1155.png	c_safari_g1030.png	c_safari_g967.png	c_safari_g860.png	c_safari_g822.png	c_safari_g768.png	c_safari_g696.png	c_safari_g614.png	c_safari_g544.png	c_safari_g494.png	c_safari_g353.png	c_safari_g271.png	c_safari_g190.png	c_safari_g90.png																
278	Monster	image, medium	c_monsters_g159.png	c_monsters_g316.png	c_monsters_g393.png	c_monsters_g475.png	c_monsters_g557.png	c_monsters_g685.png	c_monsters_g734.png	c_monsters_g809.png	c_monsters_g854.png	c_monsters_g923.png	c_monsters_g1013.png	c_monsters_g1078.png	c_monsters_g1171.png	c_monsters_g1262.png	c_monsters_g1335.png																	
279	USA	image, easy	c_unitedstates_g2255.png	c_unitedstates_g2085.png	c_unitedstates_g1914.png	c_unitedstates_g1551.png	c_unitedstates_g1467.png	c_unitedstates_g1420.png	c_unitedstates_g1350.png		c_unitedstates_g975.png	c_unitedstates_g966.png	c_unitedstates_g545.png	c_unitedstates_g84.png	c_unitedstates_g69.png	c_unitedstates_g57.png	c_unitedstates_g18.png																	
280	Bäume	image, easy	c_trees_g9978.png	c_trees_g9946.png	c_trees_g9923.png	c_trees_g9188.png	c_trees_g9099.png	c_trees_g8673.png	c_trees_g8505.png	c_trees_g7736.png	c_trees_g7503.png	c_trees_g13433.png	c_trees_g12305.png	c_trees_g12152.png	c_trees_g12055.png	c_trees_g11796.png	c_trees_g11703.png	c_trees_g7115.png	c_trees_g6599.png	c_trees_g6578.png	c_trees_g6428.png	c_trees_g6146.png	c_trees_g5328.png	c_trees_g4987.png	c_trees_g4589.png	c_trees_g4277.png	c_trees_g3928.png	c_trees_g3896.png	c_trees_g605.png	c_trees_g398.png	c_trees_g11278.png	c_trees_g10639.png	c_trees_g10549.png	c_trees_g10187.png
281	Halloween	image, hard	c_halloween_g400.png	c_halloween_g300.png	c_halloween_g272.png	c_halloween_g223.png	c_halloween_g175.png	c_halloween_g139.png	c_halloween_g108.png	c_halloween_g90.png	c_halloween_g26.png																							
282	Götter	image, medium	c_gods_g1863.png	c_gods_g1698.png	c_gods_g1607.png	c_gods_g1507.png	c_gods_g1414.png	c_gods_g1312.png	c_gods_g1094.png	c_gods_g986.png	c_gods_g814.png	c_gods_g719.png	c_gods_g600.png	c_gods_g529.png	c_gods_g439.png	c_gods_g374.png	c_gods_g236.png	c_gods_g124.png																
283	Ägypten	image, medium	c_egypt_g1179.png	c_egypt_g1046.png	c_egypt_g946.png	c_egypt_g892.png	c_egypt_g853.png	c_egypt_g785.png	c_egypt_g763.png	c_egypt_g752.png	c_egypt_g694.png	c_egypt_g646.png	c_egypt_g366.png	c_egypt_g330.png	c_egypt_g287.png	c_egypt_g235.png	c_egypt_g199.png	c_egypt_g137.png	c_egypt_g12.png															
284	Kampfsport	hard, image	c_martial_arts_g342.png	c_martial_arts_g341.png	c_martial_arts_g340.png	c_martial_arts_g339.png	c_martial_arts_g338.png	c_martial_arts_g337.png	c_martial_arts_g336.png	c_martial_arts_g335.png	c_martial_arts_g334.png	c_martial_arts_g333.png	c_martial_arts_g332.png	c_martial_arts_g331.png	c_martial_arts_g330.png	c_martial_arts_g329.png	c_martial_arts_g328.png	c_martial_arts_g327.png																
285	Motorräder	easy, image	c_motos_g525.png	c_motos_g524.png	c_motos_g523.png	c_motos_g522.png	c_motos_g521.png	c_motos_g520.png	c_motos_g519.png	c_motos_g518.png	c_motos_g517.png	c_motos_g516.png	c_motos_g515.png	c_motos_g514.png																				
286	Berufe	medium, image	c_jobs_g675.png	c_jobs_g638.png	c_jobs_g580.png	c_jobs_g555.png	c_jobs_g502.png	c_jobs_g473.png	c_jobs_g444.png	c_jobs_g402.png	c_jobs_g360.png	c_jobs_g317.png	c_jobs_g288.png	c_jobs_g267.png	c_jobs_g222.png	c_jobs_g199.png	c_jobs_g174.png	c_jobs_g136.png	c_jobs_g109.png	c_jobs_g71.png	c_jobs_g54.png	c_jobs_g26.png												
287	Kuchen	easy, image	c_cakes_g2204.png	c_cakes_g2114.png	c_cakes_g1865.png	c_cakes_g1453.png	c_cakes_g1277.png	c_cakes_g1058.png	c_cakes_g728.png	c_cakes_g694.png	c_cakes_g304.png	c_cakes_g155.png	c_cakes_g81.png	c_cakes_g12.png																				
288	Uhren	medium, image	c_watches_g546.png	c_watches_g479.png	c_watches_g344.png	c_watches_g309.png	c_watches_g281.png	c_watches_g250.png	c_watches_g208.png	c_watches_g132.png	c_watches_g77.png	c_watches_g34.png																						
289	Haie	medium, image	c_sharks_g1035.png	c_sharks_g1006.png	c_sharks_g970.png	c_sharks_g479.png	c_sharks_g450.png	c_sharks_g422.png	c_sharks_g385.png	c_sharks_g335.png	c_sharks_g303.png	c_sharks_g270.png	c_sharks_g78.png	c_sharks_g39.png																				
290	Western	hard, image	c_western_g1433.png	c_western_g1364.png	c_western_g1330.png	c_western_g1223.png	c_western_g1149.png	c_western_g1096.png	c_western_g1008.png	c_western_g931.png	c_western_g846.png	c_western_g744.png	c_western_g347.png	c_western_g266.png	c_western_g93.png																			
291	Schiffe	medium, image	c_ships_g11.png	c_ships_g10.png	c_ships_g9.png	c_ships_g8.png	c_ships_g7.png	c_ships_g6.png	c_ships_g5.png	c_ships_g4.png	c_ships_g3.png	c_ships_g2.png	c_ships_g1.png																					
292	Tierkreis	medium, image	c_zodiac_g436.png	c_zodiac_g378.png	c_zodiac_g363.png	c_zodiac_g321.png	c_zodiac_g306.png	c_zodiac_g248.png	c_zodiac_g231.png	c_zodiac_g209.png	c_zodiac_g171.png	c_zodiac_g130.png	c_zodiac_g86.png	c_zodiac_g48.png																				
293	Dinosaurier	easy, image	c_dinosaurs_g921.png	c_dinosaurs_g738.png	c_dinosaurs_g614.png	c_dinosaurs_g4319.png	c_dinosaurs_g3995.png	c_dinosaurs_g3817.png	c_dinosaurs_g3701.png	c_dinosaurs_g3594.png	c_dinosaurs_g1754.png	c_dinosaurs_g1516.png	c_dinosaurs_g1372.png	c_dinosaurs_g1214.png	c_dinosaurs_g301.png																			
294	Käse	medium, image	c_cheeses_g2020.png	c_cheeses_g2019.png	c_cheeses_g2018.png	c_cheeses_g2017.png	c_cheeses_g2016.png	c_cheeses_g2015.png		c_cheeses_g2013.png	c_cheeses_g2012.png	c_cheeses_g2011.png	c_cheeses_g2010.png	c_cheeses_g2009.png	c_cheeses_g2008.png	c_cheeses_g2007.png	c_cheeses_g2006.png	c_cheeses_g2005.png																
295	Wikinger	hard, image	c_vikings_g821.png	c_vikings_g792.png	c_vikings_g657.png	c_vikings_g567.png	c_vikings_g491.png	c_vikings_g371.png	c_vikings_g236.png	c_vikings_g103.png																								
296	Mittelalter	medium, image	c_medieval_g5099.png	c_medieval_g2096.png	c_medieval_g1804.png	c_medieval_g1654.png	c_medieval_g1309.png	c_medieval_g1126.png	c_medieval_g810.png	c_medieval_g627.png	c_medieval_g406.png	c_medieval_g173.png																						
297	Piraten	hard, image	c_pirates_g957.png	c_pirates_g906.png	c_pirates_g823.png	c_pirates_g714.png	c_pirates_g631.png	c_pirates_g555.png	c_pirates_g510.png	c_pirates_g393.png	c_pirates_g317.png	c_pirates_g290.png	c_pirates_g233.png	c_pirates_g150.png	c_pirates_g68.png																			
298	Pilze	easy, image	c_mushrooms_g13753.png	c_mushrooms_g13752.png	c_mushrooms_g13751.png	c_mushrooms_g13750.png	c_mushrooms_g13749.png	c_mushrooms_g13748.png	c_mushrooms_g13747.png	c_mushrooms_g13746.png	c_mushrooms_g13745.png	c_mushrooms_g13744.png	c_mushrooms_g13743.png	c_mushrooms_g13742.png	c_mushrooms_g13741.png	c_mushrooms_g13740.png	c_mushrooms_g13739.png	c_mushrooms_g13738.png	c_mushrooms_g13737.png	c_mushrooms_g13736.png	c_mushrooms_g13735.png	c_mushrooms_g13734.png	c_mushrooms_g13733.png	c_mushrooms_g13732.png	c_mushrooms_g13731.png									
299	Musiker	easy, image	c_musicians_g204.png	c_musicians_g186.png	c_musicians_g163.png	c_musicians_g133.png	c_musicians_g113.png	c_musicians_g85.png	c_musicians_g68.png	c_musicians_g50.png	c_musicians_g18.png																							
300	Autos	easy, image	c_cars_g557.png	c_cars_g516.png	c_cars_g477.png	c_cars_g439.png	c_cars_g378.png	c_cars_g334.png	c_cars_g296.png	c_cars_g244.png	c_cars_g200.png	c_cars_g148.png	c_cars_g96.png	c_cars_g51.png																				
301	Flaggen	easy, image	c_flags_vn.png	c_flags_us.png	c_flags_tr.png	c_flags_th.png	c_flags_so.png	c_flags_sn.png	c_flags_ru.png	c_flags_ro.png	c_flags_pr.png	c_flags_no.png	c_flags_nl.png	c_flags_ng.png	c_flags_ne.png	c_flags_ml.png	c_flags_mg.png	c_flags_jm.png	c_flags_it.png	c_flags_is.png	c_flags_iq.png	c_flags_in.png	c_flags_hn.png	c_flags_gb.png	c_flags_dk.png	c_flags_de.png	c_flags_cz.png	c_flags_cu.png	c_flags_cr.png	c_flags_co.png	c_flags_cn.png	c_flags_za.png		
302	Flaggen	easy, image	c_flags_ua.png	c_flags_tz.png	c_flags_sg.png	c_flags_se.png	c_flags_sd.png	c_flags_pl.png	c_flags_pa.png	c_flags_nz.png	c_flags_mc.png	c_flags_ma.png	c_flags_ly.png	c_flags_lu.png	c_flags_lt.png	c_flags_kr.png	c_flags_jp.png	c_flags_ie.png	c_flags_hu.png	c_flags_gr.png	c_flags_gn.png	c_flags_fr.png	c_flags_fi.png	c_flags_es.png	c_flags_ee.png	c_flags_ca.png	c_flags_br.png	c_flags_bj.png	c_flags_bg.png	c_flags_be.png	c_flags_at.png	c_flags_ar.png	c_flags_ae.png	
303	Vulkane	easy, image	c_volcanoes_g427.png	c_volcanoes_g409.png	c_volcanoes_g367.png	c_volcanoes_g336.png	c_volcanoes_g325.png	c_volcanoes_g283.png	c_volcanoes_g38.png	c_volcanoes_g1566.png	c_volcanoes_g1545.png	c_volcanoes_g1378.png	c_volcanoes_g1359.png	c_volcanoes_g1344.png	c_volcanoes_g1325.png	c_volcanoes_g267.png	c_volcanoes_g247.png	c_volcanoes_g215.png																
304	Werkzeuge	medium, image	c_tools_g260.png	c_tools_g251.png	c_tools_g246.png	c_tools_g215.png	c_tools_g210.png	c_tools_g176.png	c_tools_g167.png	c_tools_g164.png	c_tools_g150.png	c_tools_g116.png	c_tools_g110.png	c_tools_g103.png																				
305	Achterbahn	medium, image	c_rollercoasters_g2228.png	c_rollercoasters_g1842.png	c_rollercoasters_g1072.png	c_rollercoasters_g830.png	c_rollercoasters_g733.png	c_rollercoasters_g656.png	c_rollercoasters_g551.png	c_rollercoasters_g353.png	c_rollercoasters_g245.png	c_rollercoasters_g103.png																						
306	Achterbahn	medium, image	c_rollercoasters_g2228.png	c_rollercoasters_g1842.png	c_rollercoasters_g1072.png	c_rollercoasters_g830.png	c_rollercoasters_g733.png	c_rollercoasters_g656.png	c_rollercoasters_g551.png	c_rollercoasters_g353.png	c_rollercoasters_g245.png	c_rollercoasters_g103.png																						
307	Prinzessinnen	medium, image	c_princesses_g463.png	c_princesses_g409.png	c_princesses_g357.png	c_princesses_g300.png	c_princesses_g233.png	c_princesses_g181.png	c_princesses_g133.png	c_princesses_g67.png																								
308	Pinguine	medium, image	c_penguins_g473.png	c_penguins_g428.png	c_penguins_g390.png	c_penguins_g347.png	c_penguins_g296.png	c_penguins_g259.png	c_penguins_g218.png	c_penguins_g177.png	c_penguins_g142.png	c_penguins_g110.png	c_penguins_g77.png	c_penguins_g37.png																				
309	Schlüssel	hard, image	c_keys_g53.png	c_keys_g50.png	c_keys_g45.png	c_keys_g40.png	c_keys_g35.png	c_keys_g29.png	c_keys_g23.png	c_keys_g19.png	c_keys_g11.png	c_keys_g6.png																						
310	Italien	easy, image	c_italia_g1721.png	c_italia_g1711.png	c_italia_g1611.png	c_italia_g1390.png	c_italia_g1354.png	c_italia_g1258.png	c_italia_g1199.png	c_italia_g685.png	c_italia_g334.png	c_italia_g64.png	c_italia_g1.png	c_italia_g1769.png																				
311	Indien	medium, image	c_india__x39_.png	c_india__x38_.png	c_india__x36_.png	c_india__x34_.png	c_india__x33_.png	c_india__x31_4.png	c_india__x31_3.png	c_india__x31_2.png	c_india__x31_1.png	c_india__x31_0.png																						
312	Pferde	easy, image	c_horses_g514.png	c_horses_g480.png	c_horses_g446.png	c_horses_g387.png	c_horses_g347.png	c_horses_g307.png	c_horses_g272.png	c_horses_g239.png	c_horses_g179.png	c_horses_g143.png	c_horses_g104.png	c_horses_g46.png																				
313	Griechenland	easy, image	c_greece_g18.png	c_greece_g10.png	c_greece_g9.png	c_greece_g8.png	c_greece_g7.png	c_greece_g6.png	c_greece_g5.png	c_greece_g4.png	c_greece_g3.png	c_greece_g2.png	c_greece_g1.png																					
314	Deutschland	easy, image	c_germany_g1325.png	c_germany_g1228.png	c_germany_g736.png	c_germany_g546.png	c_germany_g492.png	c_germany_g360.png	c_germany_g281.png	c_germany_g137.png	c_germany_g103.png																							
315	Bauernhof	medium, image	c_farming_layer_16.png	c_farming_layer_15.png	c_farming_layer_13.png	c_farming_layer_12.png	c_farming_layer_11.png	c_farming_layer_9.png	c_farming_layer_7.png	c_farming_layer_6.png	c_farming_layer_5.png	c_farming_layer_4.png	c_farming_layer_3.png	c_farming_layer_1.png																				
316	Emojis	easy, image	c_emojis_2_g306.png	c_emojis_2_g284.png		c_emojis_2_g248.png	c_emojis_2_g238.png	c_emojis_2_g231.png	c_emojis_2_g224.png	c_emojis_2_g208.png	c_emojis_2_g201.png	c_emojis_2_g193.png	c_emojis_2_g175.png	c_emojis_2_g168.png	c_emojis_2_g159.png	c_emojis_2_g143.png	c_emojis_2_g92.png	c_emojis_2_g85.png																
317	Emojis	easy, image	c_emojis_1_g298.png	c_emojis_1_g291.png	c_emojis_1_g259.png	c_emojis_1_g186.png	c_emojis_1_g152.png	c_emojis_1_g121.png	c_emojis_1_g110.png	c_emojis_1_g99.png	c_emojis_1_g76.png	c_emojis_1_g65.png	c_emojis_1_g59.png	c_emojis_1_g49.png	c_emojis_1_g40.png	c_emojis_1_g32.png	c_emojis_1_g24.png	c_emojis_1_g16.png	c_emojis_1_g8.png															
318	Kaffees	hard, image	c_coffees_g1802.png	c_coffees_g1726.png	c_coffees_g1706.png	c_coffees_g1624.png	c_coffees_g1583.png	c_coffees_g1325.png	c_coffees_g1217.png	c_coffees_g1072.png	c_coffees_g1052.png	c_coffees_g776.png	c_coffees_g539.png	c_coffees_g406.png	c_coffees_g322.png	c_coffees_g232.png	c_coffees_g78.png	c_coffees_g43.png																
319	Zirkus	easy, image	c_circus_g892.png	c_circus_g831.png	c_circus_g759.png	c_circus_g692.png	c_circus_g618.png	c_circus_g484.png	c_circus_g352.png	c_circus_g247.png	c_circus_g138.png	c_circus_g81.png																						
320	Kanada	easy, image	c_canada_g885.png	c_canada_g866.png	c_canada_g848.png	c_canada_g816.png	c_canada_g641.png	c_canada_g572.png	c_canada_g505.png	c_canada_g465.png	c_canada_g423.png	c_canada_g80.png																						
321	Schmet.	medium, image	c_butterflies_g315.png	c_butterflies_g282.png	c_butterflies_g259.png	c_butterflies_g209.png	c_butterflies_g184.png	c_butterflies_g142.png	c_butterflies_g78.png	c_butterflies_g36.png																								
322	Vögel	easy, image	c_birds_g8221.png	c_birds_g7582.png	c_birds_g7517.png	c_birds_g7311.png	c_birds_g6906.png	c_birds_g6763.png	c_birds_g6709.png	c_birds_g6377.png	c_birds_g5649.png	c_birds_g5377.png	c_birds_g5244.png	c_birds_g5144.png	c_birds_g3341.png	c_birds_g3206.png	c_birds_g2948.png	c_birds_g2896.png	c_birds_g2265.png	c_birds_g534.png	c_birds_g433.png	c_birds_g2174.png	c_birds_g1423.png	c_birds_g1227.png	c_birds_g185.png									
323	Fahrräder	easy, image	c_bicycles_bike_10.png	c_bicycles_bike_9.png	c_bicycles_bike_8.png	c_bicycles_bike_7.png	c_bicycles_bike_6.png	c_bicycles_bike_5.png	c_bicycles_bike_4.png	c_bicycles_bike_3.png	c_bicycles_bike_2.png	c_bicycles_bike_1.png																						
324	Bienen	easy, image	c_bees_g590.png	c_bees_g564.png	c_bees_g303.png	c_bees_g276.png	c_bees_g225.png	c_bees_g184.png	c_bees_g90.png	c_bees_g64.png	c_bees_g26.png	c_bees_g143.png	c_bees_g123.png																					
325	Bären	easy, image	c_bears_g502.png	c_bears_g459.png	c_bears_g404.png	c_bears_g338.png	c_bears_g242.png	c_bears_g199.png	c_bears_g156.png	c_bears_g106.png	c_bears_g56.png																							
326	Taschen	medium, image	c_bags_g115.png	c_bags_g98.png	c_bags_g82.png	c_bags_g72.png	c_bags_g53.png	c_bags_g46.png	c_bags_g38.png	c_bags_g28.png	c_bags_g19.png																							
327	Spielzeug	medium, image	c_toys_g236.png	c_toys_g219.png	c_toys_g204.png	c_toys_g189.png	c_toys_g161.png	c_toys_g143.png	c_toys_g114.png	c_toys_g67.png	c_toys_g45.png	c_toys_g25.png	c_toys_g19.png	c_toys_g12.png																				
328	Ballett	hard, image	c_ballet_g493.png	c_ballet_g492.png	c_ballet_g444.png	c_ballet_g429.png	c_ballet_g394.png	c_ballet_g332.png	c_ballet_g316.png	c_ballet_g264.png	c_ballet_g206.png	c_ballet_g178.png	c_ballet_g135.png	c_ballet_g118.png	c_ballet_g98.png	c_ballet_g46.png	c_ballet_g31.png																	
329	Süßigk.	easy, image	c_candies_g196.png	c_candies_g186.png	c_candies_g177.png	c_candies_g145.png	c_candies_g136.png	c_candies_g122.png	c_candies_g114.png	c_candies_g84.png	c_candies_g73.png	c_candies_g45.png	c_candies_g25.png																					
330	Pizza	easy, image	c_pizzas_g3443.png	c_pizzas_g3227.png	c_pizzas_g2758.png	c_pizzas_g2179.png	c_pizzas_g1673.png	c_pizzas_g1515.png	c_pizzas_g1007.png	c_pizzas_g718.png	c_pizzas_g331.png																							
331	Flughafen	hard, image	c_airport_g2489.png	c_airport_g1923.png	c_airport_g1871.png	c_airport_g1737.png	c_airport_g1586.png	c_airport_g1513.png	c_airport_g1225.png	c_airport_g1050.png	c_airport_g903.png	c_airport_g723.png	c_airport_g513.png																					
332	Brücken	medium, image	c_bridges_g1763.png	c_bridges_g1617.png	c_bridges_g1460.png	c_bridges_g1243.png	c_bridges_g998.png	c_bridges_g802.png	c_bridges_g679.png	c_bridges_g509.png	c_bridges_g259.png	c_bridges_g110.png																						
333	Leuchtt.	easy, image	c_lighthouses_g354.png	c_lighthouses_g306.png	c_lighthouses_g285.png	c_lighthouses_g174.png	c_lighthouses_g165.png	c_lighthouses_g118.png	c_lighthouses_g80.png	c_lighthouses_g53.png	c_lighthouses_g37.png																							
334	Märkte	medium, image	c_market_g9364.png	c_market_g8575.png	c_market_g8276.png	c_market_g7712.png	c_market_g7251.png	c_market_g5635.png	c_market_g4009.png	c_market_g1616.png	c_market_g836.png																							
335	Züge	easy, image	c_trains_g609.png	c_trains_g577.png	c_trains_g543.png	c_trains_g507.png	c_trains_g459.png	c_trains_g418.png	c_trains_g368.png	c_trains_g228.png	c_trains_g106.png																							
336	Wetter	medium, image	c_weather_g237.png	c_weather_g202.png	c_weather_g75.png	c_weather_g37.png	c_weather_g192.png	c_weather_g188.png	c_weather_g171.png	c_weather_g163.png	c_weather_g143.png	c_weather_g133.png	c_weather_g122.png	c_weather_g118.png																				
337	Juwelen	hard, image	c_jewels__x39_.png	c_jewels__x38_.png	c_jewels__x37_.png	c_jewels__x36_.png	c_jewels__x35_.png	c_jewels__x34_.png	c_jewels__x33_.png	c_jewels__x32_.png	c_jewels__x31_6.png	c_jewels__x31_5.png	c_jewels__x31_4.png	c_jewels__x31_3.png	c_jewels__x31_2.png	c_jewels__x31_1.png	c_jewels__x31_0.png	c_jewels__x31_.png																
338	Tätowier.	medium, image	c_tatoos_g404.png	c_tatoos_g390.png	c_tatoos_g384.png	c_tatoos_g338.png	c_tatoos_g334.png	c_tatoos_g305.png	c_tatoos_g254.png	c_tatoos_g180.png	c_tatoos_g152.png	c_tatoos_g115.png	c_tatoos_g102.png	c_tatoos_g77.png																				
339	Aliens	image,medium	c_aliens_g134.png	c_aliens_g263.png	c_aliens_g340.png	c_aliens_g474.png	c_aliens_g550.png	c_aliens_g622.png	c_aliens_g653.png	c_aliens_g709.png	c_aliens_g751.png	c_aliens_g834.png	c_aliens_g933.png																					
340	Glocken	image,medium	c_bells_g56.png	c_bells_g82.png	c_bells_g94.png	c_bells_g103.png	c_bells_g125.png	c_bells_g139.png	c_bells_g151.png	c_bells_g165.png	c_bells_g190.png																							
341	Stiefel	image,medium	c_boots_g7.png	c_boots_g13.png	c_boots_g33.png	c_boots_g69.png	c_boots_g82.png	c_boots_g116.png	c_boots_g174.png	c_boots_g222.png	c_boots_g254.png																							
342	Burg	image,medium	c_castles_g453.png	c_castles_g558.png	c_castles_g672.png	c_castles_g943.png	c_castles_g1082.png	c_castles_g1264.png	c_castles_g1377.png	c_castles_g1576.png	c_castles_g1717.png	c_castles_g1816.png	c_castles_g1817.png	c_castles_g1818.png																				
343	Schoko.	image,medium	c_chocolate_g1123.png	c_chocolate_g1253.png	c_chocolate_g241.png	c_chocolate_g313.png	c_chocolate_g1279.png	c_chocolate_g2245.png	c_chocolate_g2322.png	c_chocolate_g2389.png	c_chocolate_g2420.png	c_chocolate_g2429.png	c_chocolate_g6907.png																					
344	Eier	image,medium	c_eggs_g17.png	c_eggs_g22.png	c_eggs_g54.png	c_eggs_g231.png	c_eggs_g409.png	c_eggs_g547.png	c_eggs_g985.png	c_eggs_g1008.png	c_eggs_g1142.png	c_eggs_g1197.png																						
345	Feen	image,medium	c_fairies_g94.png	c_fairies_g282.png	c_fairies_g361.png	c_fairies_g426.png	c_fairies_g516.png	c_fairies_g623.png	c_fairies_g752.png	c_fairies_g865.png	c_fairies_g964.png	c_fairies_g1083.png	c_fairies_g1227.png	c_fairies_g1315.png	c_fairies_g1439.png	c_fairies_g1533.png	c_fairies_g1635.png	c_fairies_g1712.png	c_fairies_g1833.png	c_fairies_g1938.png	c_fairies_g2030.png	c_fairies_g2146.png	c_fairies_g2250.png	c_fairies_g2330.png	c_fairies_g2422.png	c_fairies_g2519.png	c_fairies_g2630.png							
346	Brunn.	image,medium	c_fountain_g189.png	c_fountain_g269.png	c_fountain_g1022.png	c_fountain_g354.png	c_fountain_g439.png	c_fountain_g598.png	c_fountain_g695.png	c_fountain_g779.png	c_fountain_g925.png																							
347	Gartenb.	image,medium	c_gardening_g1813.png	c_gardening_g1814.png	c_gardening_g1815.png	c_gardening_g1817.png	c_gardening_g1818.png	c_gardening_g1819.png	c_gardening_g1820.png	c_gardening_g1821.png	c_gardening_g1822.png	c_gardening_g1823.png	c_gardening_g1824.png	c_gardening_g1816.png																				
348	Handsc.	image,medium	c_gloves_baseball.png	c_gloves_boxing_gloves.png	c_gloves_convertible_mittens.png	c_gloves_cuffs.png	c_gloves_cycling_gloves.png	c_gloves_dress_gloves.png	c_gloves_driving_gloves.png	c_gloves_garden_gloves.png	c_gloves_knitted_gloves.png	c_gloves_leather_gloves.png	c_gloves_medical.png	c_gloves_mittens.png	c_gloves_oven_mitten.png	c_gloves_rubber_gloves.png																		
349	Hubsch.	image,medium	c_helicopter_g104.png	c_helicopter_g124.png	c_helicopter_g162.png	c_helicopter_g203.png	c_helicopter_g23.png	c_helicopter_g65.png	c_helicopter_g242.png	c_helicopter_g279.png	c_helicopter_g331.png																							
350	Krank.	image,medium	c_hospital_g10.png	c_hospital_g35.png	c_hospital_g52.png	c_hospital_g70.png	c_hospital_g310.png	c_hospital_g380.png	c_hospital_g388.png	c_hospital_g400.png	c_hospital_g455.png	c_hospital_g488.png	c_hospital_g489.png																					
351	Inseln	image,medium	c_island_g87.png	c_island_g151.png	c_island_g266.png	c_island_g437.png	c_island_g522.png	c_island_g712.png	c_island_g834.png	c_island_g922.png	c_island_g1024.png																							
352	Wäsche	image,medium	c_laundry_g37.png	c_laundry_g90.png	c_laundry_g114.png	c_laundry_g149.png	c_laundry_g167.png	c_laundry_g183.png	c_laundry_g198.png	c_laundry_g213.png	c_laundry_g222.png																							
353	Biblio.	image,medium	c_library_g1000.png	c_library_g259.png	c_library_g404.png	c_library_g471.png	c_library_g574.png	c_library_g615.png	c_library_g751.png	c_library_g823.png	c_library_g947.png	c_library_g1105.png	c_library_g1128.png	c_library_g1259.png	c_library_g1327.png	c_library_g1463.png	c_library_g1745.png																	
354	Blitz	image,medium	c_lightning_g2.png	c_lightning_g4.png	c_lightning_g7.png	c_lightning_g8.png	c_lightning_g11.png	c_lightning_g20.png	c_lightning_g21.png	c_lightning_g23.png	c_lightning_g30.png	c_lightning_g36.png	c_lightning_g37.png																					
355	Milch	image,medium	c_milk_g40.png	c_milk_g80.png	c_milk_g91.png	c_milk_g109.png	c_milk_g144.png	c_milk_g145.png																										
356	Affen	image,medium	c_monkeys_g117.png	c_monkeys_g186.png	c_monkeys_g281.png	c_monkeys_g402.png	c_monkeys_g624.png	c_monkeys_g712.png	c_monkeys_g844.png	c_monkeys_g938.png	c_monkeys_g1029.png																							
357	Ninjas	image,medium	c_ninjas_g47.png	c_ninjas_g89.png	c_ninjas_g126.png	c_ninjas_g168.png	c_ninjas_g236.png	c_ninjas_g295.png	c_ninjas_g362.png	c_ninjas_g403.png	c_ninjas_g453.png	c_ninjas_g510.png	c_ninjas_g595.png	c_ninjas_g630.png																				
358	Apoth.	image,medium	c_pharmacy_g60.png	c_pharmacy_g110.png	c_pharmacy_g236.png	c_pharmacy_g252.png	c_pharmacy_g309.png	c_pharmacy_g390.png	c_pharmacy_g854.png	c_pharmacy_g1045.png	c_pharmacy_g1226.png	c_pharmacy_g1265.png	c_pharmacy_g1343.png																					
359	Radio	image,medium	c_radio_g71.png	c_radio_g105.png	c_radio_g126.png	c_radio_g195.png	c_radio_g226.png	c_radio_g246.png	c_radio_g285.png	c_radio_g332.png	c_radio_g344.png	c_radio_g409.png	c_radio_g490.png	c_radio_g491.png																				
360	Regenbo.	image,medium	c_rainbow_g60.png	c_rainbow_g88.png	c_rainbow_g123.png	c_rainbow_g167.png	c_rainbow_g203.png	c_rainbow_g239.png	c_rainbow_g259.png	c_rainbow_g296.png	c_rainbow_g331.png	c_rainbow_g362.png	c_rainbow_g391.png	c_rainbow_g426.png	c_rainbow_g462.png	c_rainbow_g482.png	c_rainbow_g524.png	c_rainbow_g538.png																
361	Nähen	image,medium	c_sewing_g15.png	c_sewing_g25.png	c_sewing_g32.png	c_sewing_g45.png	c_sewing_g66.png	c_sewing_g68.png	c_sewing_g74.png	c_sewing_g128.png	c_sewing_g131.png	c_sewing_g137.png	c_sewing_g185.png	c_sewing_g201.png	c_sewing_g219.png																			
362	Skaten	image,medium	c_skating_g164.png	c_skating_g314.png	c_skating_g441.png	c_skating_g610.png	c_skating_g786.png	c_skating_g950.png	c_skating_g1041.png	c_skating_g1186.png	c_skating_g1281.png	c_skating_g1384.png	c_skating_g1522.png	c_skating_g1697.png																				
363	Wolkenk.	image,medium	c_skyscraper_g231.png	c_skyscraper_g530.png	c_skyscraper_g1018.png	c_skyscraper_g1137.png	c_skyscraper_g1394.png	c_skyscraper_g1424.png	c_skyscraper_g1520.png	c_skyscraper_g1972.png	c_skyscraper_g2076.png	c_skyscraper_g79.png	c_skyscraper_g708.png	c_skyscraper_g940.png																				
364	Schneem.	image,medium	c_snowman_g177.png	c_snowman_g275.png	c_snowman_g404.png	c_snowman_g557.png	c_snowman_g683.png	c_snowman_g842.png	c_snowman_g928.png	c_snowman_g1067.png	c_snowman_g1190.png	c_snowman_g1298.png																						
365	Socken	image,medium	c_socks_g9.png	c_socks_g40.png	c_socks_g78.png	c_socks_g107.png	c_socks_g140.png	c_socks_g202.png	c_socks_g228.png	c_socks_g266.png	c_socks_g721.png	c_socks_g745.png	c_socks_g768.png	c_socks_g795.png	c_socks_g813.png	c_socks_g844.png	c_socks_g862.png																	
366	Ballons	image,medium	c_sport_balls_g3589.png	c_sport_balls_g3590.png	c_sport_balls_g3591.png	c_sport_balls_g3592.png	c_sport_balls_g3593.png	c_sport_balls_g3594.png	c_sport_balls_g3595.png	c_sport_balls_g3596.png	c_sport_balls_g3597.png	c_sport_balls_g3598.png	c_sport_balls_g3599.png	c_sport_balls_g3600.png	c_sport_balls_g3601.png	c_sport_balls_g3602.png	c_sport_balls_g3603.png																	
367	Tee	image,medium	c_tea_g20.png	c_tea_g46.png	c_tea_g60.png	c_tea_g111.png	c_tea_g119.png	c_tea_g362.png	c_tea_g373.png	c_tea_g388.png	c_tea_g411.png	c_tea_g438.png	c_tea_g458.png	c_tea_g476.png	c_tea_g496.png	c_tea_g511.png	c_tea_g529.png																	
368	Zelt	image,medium	c_tent_g16.png	c_tent_g32.png	c_tent_g49.png	c_tent_g70.png	c_tent_g81.png	c_tent_g103.png	c_tent_g123.png	c_tent_g136.png	c_tent_g148.png																							
369	Theater	image,medium	c_theater__x31_.png	c_theater__x31_1.png	c_theater__x31_2.png	c_theater__x31_3.png	c_theater__x31_4.png	c_theater__x31_5.png	c_theater__x31_6.png	c_theater__x33_.png	c_theater__x35_.png	c_theater__x37__2_.png	c_theater__x38_.png																					
370	Yoga	image,medium	c_yoga_g79.png	c_yoga_g540.png	c_yoga_g493.png	c_yoga_g415.png	c_yoga_g377.png	c_yoga_g335.png	c_yoga_g250.png	c_yoga_g168.png																								
371	Winzer	image,medium	c_winemaker_g929.png	c_winemaker_g836.png	c_winemaker_g797.png	c_winemaker_g733.png	c_winemaker_g690.png	c_winemaker_g603.png	c_winemaker_g549.png	c_winemaker_g511.png	c_winemaker_g373.png	c_winemaker_g346.png	c_winemaker_g273.png	c_winemaker_g195.png																				
372	Vulkanologie	image,hard	c_volcanology_g1149.png	c_volcanology_g1148.png	c_volcanology_g1147.png	c_volcanology_g1146.png	c_volcanology_g1145.png	c_volcanology_g1144.png	c_volcanology_g1143.png	c_volcanology_g842.png	c_volcanology_g710.png	c_volcanology_g569.png																						
373	Polsterer	image,medium	c_upholsterer_g940.png	c_upholsterer_g905.png	c_upholsterer_g874.png	c_upholsterer_g748.png	c_upholsterer_g630.png	c_upholsterer_g550.png	c_upholsterer_g416.png	c_upholsterer_g334.png	c_upholsterer_g245.png	c_upholsterer_g135.png																						
374	Seismologie	image,hard	c_seismology_g3957.png	c_seismology_g3704.png	c_seismology_g3305.png	c_seismology_g2897.png	c_seismology_g2196.png	c_seismology_g1704.png	c_seismology_g1294.png	c_seismology_g1096.png	c_seismology_g450.png	c_seismology_g394.png	c_seismology_g128.png																					
375	Töpferei	image,medium	c_pottery_g517.png	c_pottery_g478.png	c_pottery_g423.png	c_pottery_g375.png	c_pottery_g312.png	c_pottery_g254.png	c_pottery_g172.png	c_pottery_g117.png	c_pottery_g85.png																							
376	Polizei	image,easy	c_police_g720.png	c_police_g699.png	c_police_g672.png	c_police_g576.png	c_police_g456.png	c_police_g353.png	c_police_g185.png	c_police_g146.png	c_police_g127.png	c_police_g54.png																						
377	Klempner	image,easy	c_plumber_g693.png	c_plumber_g642.png	c_plumber_g604.png	c_plumber_g532.png	c_plumber_g460.png	c_plumber_g403.png	c_plumber_g348.png	c_plumber_g304.png	c_plumber_g227.png	c_plumber_g184.png	c_plumber_g91.png	c_plumber_g44.png																				
378	Fotografie	image,easy	c_photography_g547.png	c_photography_g494.png	c_photography_g419.png	c_photography_g389.png	c_photography_g338.png	c_photography_g273.png	c_photography_g214.png	c_photography_g177.png	c_photography_g110.png	c_photography_g51.png																						
379	Optiker	image,easy	c_optician_g648.png	c_optician_g544.png	c_optician_g433.png	c_optician_g325.png	c_optician_g197.png	c_optician_g87.png																										
380	Waschsalon	image,easy	c_laundromat__x39_.png	c_laundromat__x37__1_.png	c_laundromat__x36_.png	c_laundromat__x35_.png	c_laundromat__x34_.png	c_laundromat__x33_.png	c_laundromat__x32_.png	c_laundromat__x31_6.png	c_laundromat__x31_5.png	c_laundromat__x31_4.png	c_laundromat__x31_3.png	c_laundromat__x31_2.png	c_laundromat__x31_1.png	c_laundromat__x31_0.png	c_laundromat__x31_.png																	
381	Eisdiele	image,easy	c_ice_cream_shop_g2983.png	c_ice_cream_shop_g2890.png	c_ice_cream_shop_g2598.png	c_ice_cream_shop_g2434.png	c_ice_cream_shop_g1959.png	c_ice_cream_shop_g1344.png	c_ice_cream_shop_g1199.png	c_ice_cream_shop_g983.png	c_ice_cream_shop_g829.png	c_ice_cream_shop_g499.png																						
382	Feuerwehr	image,easy	c_firefighter_g1896.png	c_firefighter_g1773.png	c_firefighter_g864.png	c_firefighter_g800.png	c_firefighter_g619.png	c_firefighter_g467.png	c_firefighter_g367.png	c_firefighter_g302.png	c_firefighter_g229.png	c_firefighter_g145.png	c_firefighter_g67.png																					
383	Fechten	image,medium	c_fencing_g1767.png	c_fencing_g1644.png	c_fencing_g1544.png	c_fencing_g1485.png	c_fencing_g1373.png	c_fencing_g1318.png	c_fencing_g1199.png	c_fencing_g1071.png	c_fencing_g960.png	c_fencing_g827.png	c_fencing_g714.png	c_fencing_g595.png	c_fencing_g481.png	c_fencing_g362.png	c_fencing_g249.png	c_fencing_g123.png																
384	Jahrmarkt	image,easy	c_fairground_g927.png	c_fairground_g850.png	c_fairground_g787.png	c_fairground_g706.png	c_fairground_g639.png	c_fairground_g560.png	c_fairground_g461.png	c_fairground_g1112.png	c_fairground_g1057.png	c_fairground_g1004.png	c_fairground_g378.png	c_fairground_g310.png	c_fairground_g258.png	c_fairground_g196.png	c_fairground_g122.png																	
385	Taucher	image,hard	c_diver_g710.png	c_diver_g709.png	c_diver_g708.png	c_diver_g707.png	c_diver_g706.png	c_diver_g705.png	c_diver_g704.png	c_diver_g295.png	c_diver_g215.png																							
386	Wohnmobil	image,easy	c_camper_van_g448.png	c_camper_van_g414.png	c_camper_van_g353.png	c_camper_van_g307.png	c_camper_van_g271.png	c_camper_van_g214.png	c_camper_van_g150.png	c_camper_van_g113.png	c_camper_van_g72.png	c_camper_van_g46.png																						
387	Baustelle	image,easy	c_construction_g961.png	c_construction_g835.png	c_construction_g790.png	c_construction_g730.png	c_construction_g663.png	c_construction_g609.png	c_construction_g550.png	c_construction_g500.png	c_construction_g461.png	c_construction_g393.png	c_construction_g168.png	c_construction_g99.png	c_construction_g53.png																			
388	Boxen	image,easy	c_boxing_g431.png	c_boxing_g398.png	c_boxing_g364.png	c_boxing_g301.png	c_boxing_g257.png	c_boxing_g203.png	c_boxing_g177.png	c_boxing_g152.png	c_boxing_g106.png	c_boxing_g71.png	c_boxing_g34.png																					
389	Bowling	image,easy	c_bowling_g2199.png	c_bowling_g2198.png	c_bowling_g2197.png	c_bowling_g2196.png	c_bowling_g2195.png	c_bowling_g2194.png	c_bowling_g2193.png	c_bowling_g2192.png																								
390	Buchbinderei	image,hard	c_bookbinding_g2068.png	c_bookbinding_g1996.png	c_bookbinding_g1950.png	c_bookbinding_g1796.png	c_bookbinding_g1755.png	c_bookbinding_g1548.png	c_bookbinding_g1489.png	c_bookbinding_g1439.png	c_bookbinding_g1288.png	c_bookbinding_g1138.png	c_bookbinding_g565.png	c_bookbinding_g296.png	c_bookbinding_g158.png																			
391	Schmied	image,medium	c_blacksmith_g302.png	c_blacksmith_g271.png	c_blacksmith_g228.png	c_blacksmith_g187.png	c_blacksmith_g125.png	c_blacksmith_g68.png																										
392	Korbflechterei	image,medium	c_basketry_g5564.png	c_basketry_g4994.png	c_basketry_g4903.png	c_basketry_g4721.png	c_basketry_g4561.png	c_basketry_g4218.png	c_basketry_g4155.png	c_basketry_g4085.png	c_basketry_g3790.png	c_basketry_g3601.png	c_basketry_g2934.png	c_basketry_g2515.png	c_basketry_g2210.png	c_basketry_g1958.png	c_basketry_g1827.png	c_basketry_g1625.png	c_basketry_g1263.png	c_basketry_g611.png	c_basketry_g248.png	c_basketry_g99.png												
393	Astronomie	image,medium	c_astronomy_g805.png	c_astronomy_g735.png	c_astronomy_g660.png	c_astronomy_g554.png	c_astronomy_g434.png	c_astronomy_g372.png	c_astronomy_g302.png	c_astronomy_g226.png	c_astronomy_g200.png	c_astronomy_g144.png	c_astronomy_g111.png	c_astronomy_g57.png	c_astronomy_g23.png																			
394	Bogenschießen	image,medium	c_archery_g917.png	c_archery_g584.png	c_archery_g569.png	c_archery_g498.png	c_archery_g422.png	c_archery_g400.png	c_archery_g334.png	c_archery_g265.png	c_archery_g250.png	c_archery_g244.png	c_archery_g221.png	c_archery_g204.png	c_archery_g174.png	c_archery_g13.png																		
395	Aquarium	image,easy	c_aquarium_g9109.png	c_aquarium_g9024.png	c_aquarium_g5237.png	c_aquarium_g2998.png	c_aquarium_g2147.png	c_aquarium_g2133.png	c_aquarium_g1115.png	c_aquarium_g812.png	c_aquarium_g808.png	c_aquarium_g803.png	c_aquarium_g720.png	c_aquarium_g682.png	c_aquarium_g635.png																			
396	Billard	image,easy	c_billiard_g239.png	c_billiard_g226.png	c_billiard_g220.png	c_billiard_g214.png	c_billiard_g194.png	c_billiard_g184.png	c_billiard_g115.png	c_billiard_g102.png	c_billiard_g90.png	c_billiard_g88.png	c_billiard_g76.png	c_billiard_g45.png																				
397	Bäckerei	image,easy	c_bakery_g755.png	c_bakery_g685.png	c_bakery_g607.png	c_bakery_g519.png	c_bakery_g500.png	c_bakery_g492.png	c_bakery_g472.png	c_bakery_g448.png	c_bakery_g389.png	c_bakery_g375.png	c_bakery_g322.png	c_bakery_g260.png	c_bakery_g154.png	c_bakery_g117.png	c_bakery_g44.png	c_bakery_g33.png																
398	Imker	image,medium	c_beekeeper_g6573.png	c_beekeeper_g6572.png	c_beekeeper_g5974.png	c_beekeeper_g5920.png	c_beekeeper_g4401.png	c_beekeeper_g3576.png	c_beekeeper_g3331.png	c_beekeeper_g376.png	c_beekeeper_g357.png	c_beekeeper_g307.png	c_beekeeper_g287.png	c_beekeeper_g196.png	c_beekeeper_g170.png																			
399	China	image,medium	c_china_g1.png	c_china_g57.png	c_china_g58.png	c_china_g59.png	c_china_g60.png	c_china_g61.png	c_china_g62.png	c_china_g63.png	c_china_g64.png	c_china_g65.png	c_china_g66.png	c_china_g67.png	c_china_g68.png	c_china_g69.png	c_china_g70.png	c_china_g71.png	c_china_g72.png	c_china_g73.png	c_china_g74.png	c_china_g75.png	c_china_g76.png	c_china_g77.png	c_china_g78.png									
400	Gemüse	image,medium	c_vegetables2_g1115.png	c_vegetables2_g1118.png	c_vegetables2_g1119.png	c_vegetables2_g1120.png	c_vegetables2_g1125.png	c_vegetables2_g1126.png	c_vegetables2_g1127.png	c_vegetables2_g1129.png	c_vegetables2_g1131.png	c_vegetables2_g1132.png	c_vegetables2_g1133.png	c_vegetables2_g1134.png	c_vegetables2_g1136.png	c_vegetables2_g1137.png	c_vegetables2_g1138.png	c_vegetables2_g1139.png																
401	Reptilien	image,medium	c_reptiles_g87.png	c_reptiles_g138.png	c_reptiles_g257.png	c_reptiles_g464.png	c_reptiles_g529.png	c_reptiles_g582.png	c_reptiles_g754.png	c_reptiles_g772.png	c_reptiles_g858.png																							
402	Spanien	image,medium	c_spain_g13.png	c_spain_g55.png	c_spain_g115.png	c_spain_g170.png	c_spain_g182.png	c_spain_g202.png	c_spain_g249.png	c_spain_g275.png	c_spain_g334.png	c_spain_g355.png	c_spain_g470.png	c_spain_g589.png	c_spain_g710.png	c_spain_g839.png	c_spain_g893.png	c_spain_g1296.png	c_spain_g1361.png															
403	Uhr	image,hard	c_clocks_g115.png	c_clocks_g6.png	c_clocks_g13.png	c_clocks_g34.png	c_clocks_g40.png	c_clocks_g54.png	c_clocks_g63.png	c_clocks_g71.png	c_clocks_g89.png	c_clocks_g143.png	c_clocks_g151.png	c_clocks_g162.png	c_clocks_g185.png																			
404	Ritter	image,easy	c_knights_g77.png	c_knights_g162.png	c_knights_g235.png	c_knights_g323.png	c_knights_g384.png	c_knights_g461.png	c_knights_g517.png	c_knights_g648.png																								
405	Zitrone	image,easy	c_lemon_g13152.png	c_lemon_g18931.png	c_lemon_g23413.png	c_lemon_g28153.png	c_lemon_g33293.png	c_lemon_g34431.png	c_lemon_g7436.png	c_lemon_g42508.png	c_lemon_g46985.png																							
406	Maya	image,hard	c_mayans_g921.png	c_mayans_g1146.png	c_mayans_g1242.png	c_mayans_g1873.png	c_mayans_g2097.png	c_mayans_g2369.png	c_mayans_g2541.png	c_mayans_g2593.png	c_mayans_g2808.png	c_mayans_g2839.png	c_mayans_g2939.png																					
407	Bank / Geld	image,medium	c_banking_g17.png	c_banking_g38.png	c_banking_g75.png	c_banking_g94.png	c_banking_g220.png	c_banking_g324.png	c_banking_g346.png	c_banking_g411.png	c_banking_g430.png	c_banking_g467.png	c_banking_g495.png	c_banking_g563.png	c_banking_g598.png	c_banking_g694.png	c_banking_g739.png	c_banking_g781.png																
408	Grillen	image,easy	c_barbecue_g242.png	c_barbecue_g569.png	c_barbecue_g789.png	c_barbecue_g1031.png	c_barbecue_g1087.png	c_barbecue_g1289.png																										
409	Geburtstag	image,easy	c_birthday_g14.png	c_birthday_g23.png	c_birthday_g42.png	c_birthday_g80.png	c_birthday_g122.png	c_birthday_g183.png	c_birthday_g235.png	c_birthday_g302.png	c_birthday_g349.png	c_birthday_g432.png	c_birthday_g487.png	c_birthday_g514.png	c_birthday_g534.png	c_birthday_g555.png	c_birthday_g579.png																	
410	Brot	image,medium	c_bread_g6155.png	c_bread_g6156.png	c_bread_g6157.png	c_bread_g6158.png	c_bread_g6159.png	c_bread_g6160.png	c_bread_g6161.png	c_bread_g6162.png	c_bread_g6163.png	c_bread_g6164.png	c_bread_g6165.png	c_bread_g6166.png	c_bread_g6167.png	c_bread_g6168.png	c_bread_g6169.png	c_bread_g6170.png																
411	Camping	image,medium	c_camping_g101.png	c_camping_g179.png	c_camping_g293.png	c_camping_g387.png	c_camping_g439.png	c_camping_g486.png	c_camping_g569.png	c_camping_g595.png	c_camping_g622.png	c_camping_g649.png	c_camping_g681.png	c_camping_g732.png	c_camping_g751.png	c_camping_g769.png																		
412	Kerzen	image,easy	c_candles_g14.png	c_candles_g31.png	c_candles_g44.png	c_candles_g704.png	c_candles_g727.png	c_candles_g773.png	c_candles_g789.png	c_candles_g797.png	c_candles_g834.png	c_candles_g847.png	c_candles_g1047.png	c_candles_g1062.png	c_candles_g1109.png																			
413	Reinigung	image,easy	c_cleaning__x31_.png	c_cleaning__x31_0.png	c_cleaning__x31_1.png	c_cleaning__x31_4.png	c_cleaning__x32_.png	c_cleaning__x33_.png	c_cleaning__x34_.png	c_cleaning__x35_.png	c_cleaning__x36_.png	c_cleaning__x37_.png	c_cleaning__x38_.png	c_cleaning__x39_.png																				
414	Uhr	image,hard	c_clock_g6.png	c_clock_g13.png	c_clock_g34.png	c_clock_g40.png	c_clock_g54.png	c_clock_g63.png	c_clock_g71.png	c_clock_g89.png	c_clock_g115.png	c_clock_g143.png	c_clock_g151.png	c_clock_g162.png	c_clock_g185.png																			
415	Zahnarzt	image,medium	c_dentist_g2018.png	c_dentist_g2019.png	c_dentist_g2020.png	c_dentist_g2021.png	c_dentist_g2022.png	c_dentist_g2023.png	c_dentist_g2024.png	c_dentist_g2025.png	c_dentist_g2026.png	c_dentist_g2027.png	c_dentist_g2028.png	c_dentist_g2029.png	c_dentist_g2030.png	c_dentist_g2031.png	c_dentist_g2032.png	c_dentist_g2033.png																
416	Elektrizität	image,easy	c_electricity_g9.png	c_electricity_g32.png	c_electricity_g108.png	c_electricity_g133.png	c_electricity_g134.png	c_electricity_g150.png	c_electricity_g165.png	c_electricity_g196.png	c_electricity_g259.png	c_electricity_g342.png	c_electricity_g419.png																					
417	Golf	image,medium	c_golf_g508.png	c_golf_g573.png	c_golf_g582.png	c_golf_g762.png	c_golf_g905.png	c_golf_g956.png	c_golf_g1071.png	c_golf_g1212.png	c_golf_g1295.png	c_golf_g1407.png	c_golf_g1496.png	c_golf_g1527.png	c_golf_g1642.png																			
418	Eis	image,easy	c_ice_creams_g677.png	c_ice_creams_g678.png	c_ice_creams_g679.png	c_ice_creams_g680.png	c_ice_creams_g681.png	c_ice_creams_g682.png	c_ice_creams_g683.png	c_ice_creams_g684.png																								
419	Labor	image,medium	c_laboratory_g46.png	c_laboratory_g110.png	c_laboratory_g187.png	c_laboratory_g239.png	c_laboratory_g297.png	c_laboratory_g347.png	c_laboratory_g398.png	c_laboratory_g437.png	c_laboratory_g478.png																							
420	Mexikanisches Essen	image,easy	c_mexican_food_g323.png	c_mexican_food_g367.png	c_mexican_food_g1296.png	c_mexican_food_g1899.png	c_mexican_food_g3265.png	c_mexican_food_g3303.png	c_mexican_food_g3625.png	c_mexican_food_g3669.png	c_mexican_food_g3952.png	c_mexican_food_g4012.png	c_mexican_food_g4351.png	c_mexican_food_g4632.png	c_mexican_food_g4873.png																			
421	Museum	image,easy	c_museum_g6.png	c_museum_g26.png	c_museum_g88.png	c_museum_g124.png	c_museum_g138.png	c_museum_g147.png	c_museum_g200.png	c_museum_g244.png	c_museum_g267.png	c_museum_g295.png	c_museum_g307.png	c_museum_g322.png																				
422	Oper	image,medium	c_opera_g38.png	c_opera_g69.png	c_opera_g83.png	c_opera_g96.png	c_opera_g119.png	c_opera_g127.png	c_opera_g147.png	c_opera_g170.png	c_opera_g207.png	c_opera_g218.png	c_opera_g231.png	c_opera_g246.png	c_opera_g447.png																			
423	Picknick	image,easy	c_picnic_g763.png	c_picnic_g1162.png	c_picnic_g1371.png	c_picnic_g2025.png	c_picnic_g2684.png	c_picnic_g3262.png																										
424	Post	image,medium	c_post_g26.png	c_post_g44.png	c_post_g77.png	c_post_g106.png	c_post_g139.png	c_post_g169.png	c_post_g205.png	c_post_g231.png	c_post_g285.png	c_post_g300.png																						
425	Urgeschichte	image,easy	c_prehistory_g81.png	c_prehistory_g110.png	c_prehistory_g165.png	c_prehistory_g207.png	c_prehistory_g254.png	c_prehistory_g298.png	c_prehistory_g350.png	c_prehistory_g387.png	c_prehistory_g406.png	c_prehistory_g567.png																						
426	Römisches Reich	image,easy	c_roman_empire_g117.png	c_roman_empire_g315.png	c_roman_empire_g410.png	c_roman_empire_g514.png	c_roman_empire_g611.png	c_roman_empire_g842.png	c_roman_empire_g913.png	c_roman_empire_g926.png	c_roman_empire_g963.png	c_roman_empire_g982.png	c_roman_empire_g990.png	c_roman_empire_g1142.png	c_roman_empire_g1188.png	c_roman_empire_g1216.png	c_roman_empire_g1363.png	c_roman_empire_g1454.png																
427	Bildhauerei	image,easy	c_sculpture_g32.png	c_sculpture_g68.png	c_sculpture_g91.png	c_sculpture_g115.png	c_sculpture_g136.png	c_sculpture_g160.png	c_sculpture_g225.png	c_sculpture_g257.png	c_sculpture_g290.png	c_sculpture_g321.png	c_sculpture_g362.png	c_sculpture_g382.png	c_sculpture_g396.png	c_sculpture_g419.png	c_sculpture_g446.png	c_sculpture_g473.png	c_sculpture_g493.png	c_sculpture_g504.png	c_sculpture_g512.png	c_sculpture_g572.png	c_sculpture_g617.png	c_sculpture_g660.png	c_sculpture_g722.png	c_sculpture_g781.png	c_sculpture_g798.png	c_sculpture_g836.png	c_sculpture_g879.png	c_sculpture_g902.png	c_sculpture_g914.png	c_sculpture_g963.png		
428	Seife	image,easy	c_soap_g2734.png	c_soap_g2735.png	c_soap_g2736.png	c_soap_g2737.png	c_soap_g2738.png	c_soap_g2739.png	c_soap_g2740.png	c_soap_g2741.png																								
429	Statue	image,easy	c_statue_g1.png	c_statue_g2.png	c_statue_g3.png	c_statue_g4.png	c_statue_g5.png	c_statue_g6.png	c_statue_g7.png	c_statue_g8.png																								
430	Surfen	image,medium	c_surfing_g42.png	c_surfing_g83.png	c_surfing_g127.png	c_surfing_g170.png	c_surfing_g217.png	c_surfing_g252.png	c_surfing_g297.png	c_surfing_g344.png	c_surfing_g386.png	c_surfing_g426.png	c_surfing_g470.png	c_surfing_g509.png	c_surfing_g549.png	c_surfing_g590.png	c_surfing_g633.png	c_surfing_g663.png	c_surfing_g701.png	c_surfing_g737.png	c_surfing_g774.png	c_surfing_g815.png	c_surfing_g853.png	c_surfing_g888.png	c_surfing_g918.png	c_surfing_g948.png								
431	Hochzeit	image,easy	c_wedding_g40.png	c_wedding_g63.png	c_wedding_g86.png	c_wedding_g117.png	c_wedding_g145.png	c_wedding_g180.png	c_wedding_g206.png	c_wedding_g289.png	c_wedding_g317.png																							
432	Insekten	image,hard	c_insects_g29.png	c_insects_g54.png	c_insects_g91.png	c_insects_g121.png	c_insects_g228.png	c_insects_g265.png	c_insects_g302.png	c_insects_g342.png	c_insects_g377.png	c_insects_g408.png	c_insects_g448.png	c_insects_g516.png	c_insects_g568.png	c_insects_g596.png	c_insects_g641.png	c_insects_g709.png																
433	Sushi	image,easy	c_sushi_g26.png	c_sushi_g63.png	c_sushi_g80.png	c_sushi_g96.png	c_sushi_g125.png	c_sushi_g161.png	c_sushi_g229.png	c_sushi_g253.png	c_sushi_g280.png	c_sushi_g324.png	c_sushi_g349.png																					
434	Delfine	image,easy	c_dolphins_g40.png	c_dolphins_g78.png	c_dolphins_g93.png	c_dolphins_g197.png	c_dolphins_g232.png	c_dolphins_g257.png	c_dolphins_g286.png	c_dolphins_g322.png	c_dolphins_g365.png	c_dolphins_g400.png	c_dolphins_g433.png	c_dolphins_g478.png																				
435	Burger	image,medium	c_burgers_g354.png	c_burgers_g667.png	c_burgers_g907.png	c_burgers_g1145.png	c_burgers_g1465.png	c_burgers_g1689.png	c_burgers_g1975.png	c_burgers_g2194.png	c_burgers_g2367.png	c_burgers_g2697.png	c_burgers_g3096.png	c_burgers_g3470.png																				
436	Schule	image,medium	c_school_g149.png	c_school_g164.png	c_school_g181.png	c_school_g194.png	c_school_g208.png	c_school_g245.png	c_school_g261.png	c_school_g295.png	c_school_g322.png	c_school_g346.png	c_school_g374.png	c_school_g382.png	c_school_g406.png	c_school_g420.png	c_school_g430.png	c_school_g458.png	c_school_g464.png	c_school_g511.png	c_school_g480.png	c_school_g491.png	c_school_g500.png	c_school_g510.png										
437	Berge	image,easy	c_mountain_g59.png	c_mountain_g88.png	c_mountain_g125.png	c_mountain_g156.png	c_mountain_g189.png	c_mountain_g219.png	c_mountain_g280.png	c_mountain_g312.png	c_mountain_g339.png																							
438	Vampire	image,easy	c_vampires_g59.png	c_vampires_g76.png	c_vampires_g106.png	c_vampires_g180.png	c_vampires_g206.png	c_vampires_g257.png	c_vampires_g290.png	c_vampires_g324.png	c_vampires_g342.png	c_vampires_g378.png	c_vampires_g405.png	c_vampires_g433.png	c_vampires_g479.png																			
439	Skateboard	image,easy	c_skateboard_g6.png	c_skateboard_g33.png	c_skateboard_g45.png	c_skateboard_g53.png	c_skateboard_g74.png	c_skateboard_g120.png	c_skateboard_g127.png	c_skateboard_g140.png	c_skateboard_g153.png	c_skateboard_g165.png	c_skateboard_g174.png	c_skateboard_g251.png	c_skateboard_g302.png																			
440	Straßenkunst	image,easy	c_street_art_g3936.png	c_street_art_g6106.png	c_street_art_g11469.png	c_street_art_g14133.png	c_street_art_g15675.png	c_street_art_g17436.png	c_street_art_g19226.png	c_street_art_g23898.png	c_street_art_g26480.png	c_street_art_g29777.png																						
441	Karneval	image,medium	c_carnival_g70.png	c_carnival_g137.png	c_carnival_g205.png	c_carnival_g264.png	c_carnival_g350.png	c_carnival_g454.png	c_carnival_g527.png	c_carnival_g637.png	c_carnival_g730.png	c_carnival_g784.png																						
442	Brunch	image,hard	c_brunch_g435.png	c_brunch_g545.png	c_brunch_g830.png	c_brunch_g936.png	c_brunch_g958.png	c_brunch_g1009.png	c_brunch_g1204.png	c_brunch_g1282.png	c_brunch_g1431.png																							
																																		
																																		
																																		
																																		
																																		
																																		
																																		
																																		
																																		
																																		
																																		
																																		
																																		
																																		
																																		
																																		
																																		
																																		
																																		
																																		
																																		
																																		
																																		
																																		
																																		
																																		
																																		
																																		
																																		
																																		
																																		
																																		
																																		
																																		
																																		
																																		
																																		
																																		
																																		
																																		
																																		
																																		
																																		
																																		
																																		
																																		
																																		
																																		
																																		
																																		
																																		
																																		
																																		
																																		
																																		
																																		
																																		
																																		
																																		
																																		
																																		
																																		
																																		
																																		
																																		
																																		
																																		
																																		
																																		
																																		
																																		
																																		
																																		
																																		
																																		
																																		
																																		
																																		
																																		
																																		
																																		
																																		
																																		
																																		
																																		
																																		
																																		
																																		
																																		
																																		
																																		
																																		
																																		
																																		
																																		
																																		
																																		
																																		
																																		
																																		
																																		
																																		
																																		
																																		
																																		
																																		
																																		
																																		
																																		
																																		
																																		
																																		
																																		
																																		
																																		
																																		
																																		
																																		
																																		
																																		
																																		
																																		
																																		
																																		
																																		
																																		
																																		
																																		
																																		
																																		
																																		
																																		
																																		
																																		
																																		
																																		
																																		
																																		
																																		
																																		
																																		
																																		
																																		
																																		
																																		
																																		
																																		
																																		
																																		
																																		
																																		
																																		
																																		
																																		
																																		
																																		
																																		
																																		
																																		
																																		
																																		
																																		
																																		
																																		
																																		
																																		
																																		
																																		
																																		
																																		
																																		
																																		
																																		
																																		
																																		
																																		
																																		
																																		
																																		
																																		
																																		
																																		
																																		
																																		
																																		
																																		
																																		
																																		
																																		
																																		
																																		
																																		
																																		
																																		
																																		
																																		
																																		
																																		
																																		
																																		
																																		
																																		
																																		
																																		
																																		
																																		
																																		
																																		
																																		
																																		
																																		
																																		
																																		
																																		
																																		
																																		
																																		
																																		
																																		
																																		
																																		
																																		
																																		
																																		
																																		
																																		
																																		
																																		
																																		
																																		
																																		
																																		
																																		
																																		
																																		
																																		
																																		
																																		
																																		
																																		
																																		
																																		
																																		
																																		
																																		
																																		
																																		
																																		
																																		
																																		
																																		
																																		
																																		
																																		
																																		
																																		
																																		
																																		
																																		
																																		
																																		
																																		
																																		
																																		
																																		
																																		
																																		
																																		
																																		
																																		
																																		
																																		
																																		
																																		
																																		
																																		
																																		
																																		
																																		
																																		
																																		
																																		
																																		
																																		
																																		
																																		
																																		
																																		
																																		
																																		
																																		
																																		
																																		
																																		
																																		
																																		
																																		
																																		
																																		
																																		
																																		
																																		
																																		
																																		
																																		
																																		
																																		
																																		
																																		
																																		
																																		
																																		
																																		
																																		
																																		
																																		
																																		
																																		
																																		
																																		
																																		
																																		
																																		
																																		
																																		
																																		
																																		
																																		
																																		
																																		
																																		
																																		
																																		
																																		
																																		
																																		
																																		
																																		
																																		
																																		
																																		
																																		
																																		
																																		
																																		
																																		
																																		
																																		
																																		
																																		
																																		
																																		
																																		
																																		
																																		
																																		
																																		
																																		
																																		
																																		
																																		
																																		
																																		
																																		
																																		
																																		
																																		
																																		
																																		
																																		
																																		
																																		
																																		
																																		
																																		
																																		
																																		
																																		
																																		
																																		
																																		
																																		
																																		
																																		
																																		
																																		
																																		
																																		
																																		
																																		
																																		
																																		
																																		
																																		
																																		
																																		
																																		
																																		
																																		
																																		
																																		
																																		
																																		
																																		
																																		
																																		
																																		
																																		
																																		
																																		
																																		
																																		
																																		
																																		
																																		
																																		
																																		
																																		
																																		
																																		
																																		
																																		
																																		
																																		
																																		
																																		
																																		
																																		
																																		
																																		
																																		
																																		
																																		
																																		
																																		
																																		
																																		
																																		
																																		
																																		
																																		
																																		
																																		
																																		
																																		
																																		
																																		
																																		
																																		
																																		
																																		
																																		
																																		
																																		
																																		
																																		
																																		
																																		
																																		
																																		
																																		
																																		
																																		
																																		
																																		
																																		
																																		
																																		
																																		
																																		
																																		
																																		
																																		
																																		
																																		
																																		
																																		
																																		
																																		
																																		
																																		
																																		
																																		
																																		
																																		
																																		
																																		
																																		
																																		
																																		
																																		
																																		
																																		
																																		
																																		
																																		
																																		
																																		
																																		
																																		
																																		
																																		
																																		
																																		
																																		
																																		
																																		
																																		
																																		
																																		
																																		
																																		
																																		
																																		
																																		
																																		
																																		
																																		
																																		
																																		
																																		
																																		
																																		
																																		
																																		
																																		
																																		
																																		
																																		
																																		
																																		
																																		
																																		
																																		
																																		
																																		
																																		
																																		
																																		
																																		
																																		
																																		
																																		
																																		
																																		
																																		
																																		